source_id,title,doi,url,access_level,lane,baseline_source_ids,source_dependencies,payload
MA-S01,AP-1 activity induced by co-stimulation is required for chromatin opening during T cell activation,10.1084/jem.20182009,https://pmc.ncbi.nlm.nih.gov/articles/PMC7037242/,full_text_primary_methods_results_inspected,activation,[],"{""research/mechanisms_activation/snapshots/MA_S01_full.html"":""210c9c5b0b248c9dc3e6abf52786ca51656288768b9dbcb15f67260480c62b3a"",""research/mechanisms_activation/snapshots/MA_S01_full.txt"":""0510e3dcfe737257c3118f273492e05f76d643896062a8957267eef966cad549"",""research/mechanisms_activation/snapshots/MA_S01_full_metadata.json"":""1fd70f05928d928a33d84baa6f4af60509afa016579c5510ce4a90d1c0f0126d""}","{""access_level"":""full_text_primary_methods_results_inspected"",""additional_snapshot_paths"":[""research/mechanisms_activation/snapshots/MA_S01_full.html"",""research/mechanisms_activation/snapshots/MA_S01_full_metadata.json""],""authors"":[""Masashi Yukawa"",""Sajjeev Jagannathan"",""Sushmitha Vallabh"",""Andrey V Kartashov"",""Xiaoting Chen"",""Matthew T Weirauch"",""Artem Barski""],""corrections_retractions_checked"":{""checked_at"":""2026-09-13T19:36:08.014073+00:00"",""method"":""DOI/title-specific ranked public-web search plus article page notice inspection; not a complete Crossmark or Retraction Watch audit"",""notice_url"":""unavailable"",""result"":""No matching correction/retraction notice found in bounded checks; absence not guaranteed""},""doi"":""10.1084/jem.20182009"",""failed_retrieval_snapshot_paths"":[],""lane"":""activation"",""notes"":""Primary human-cell records; nonprimary cell lines and clinical follow-up omitted from extracted assertions."",""pack_path"":""research/mechanisms_activation/pack.json"",""pmid"":""31653690"",""related_original_source_ids"":[],""retrieved_at"":""2026-09-13T19:36:08.014073+00:00"",""snapshot_path"":""research/mechanisms_activation/snapshots/MA_S01_full.txt"",""snapshot_provenance"":[{""access_level"":""primary_full_text; selected Methods/Results inspected"",""eligible_as_supporting_snapshot"":true,""path"":""research/mechanisms_activation/snapshots/MA_S01_full.html"",""snapshot_role"":""primary_article_html"",""source_id"":""MA-S01""},{""access_level"":""primary_full_text; selected Methods/Results inspected"",""eligible_as_supporting_snapshot"":true,""path"":""research/mechanisms_activation/snapshots/MA_S01_full.txt"",""snapshot_role"":""primary_article_text_conversion"",""source_id"":""MA-S01""},{""access_level"":""metadata_extracted_from_retrieved_primary_page"",""eligible_as_supporting_snapshot"":true,""path"":""research/mechanisms_activation/snapshots/MA_S01_full_metadata.json"",""snapshot_role"":""article_page_metadata"",""source_id"":""MA-S01""}],""source_dependencies"":{""research/mechanisms_activation/snapshots/MA_S01_full.html"":""210c9c5b0b248c9dc3e6abf52786ca51656288768b9dbcb15f67260480c62b3a"",""research/mechanisms_activation/snapshots/MA_S01_full.txt"":""0510e3dcfe737257c3118f273492e05f76d643896062a8957267eef966cad549"",""research/mechanisms_activation/snapshots/MA_S01_full_metadata.json"":""1fd70f05928d928a33d84baa6f4af60509afa016579c5510ce4a90d1c0f0126d""},""source_id"":""MA-S01"",""source_type"":""primary_study"",""species"":""Homo sapiens"",""title"":""AP-1 activity induced by co-stimulation is required for chromatin opening during T cell activation"",""url"":""https://pmc.ncbi.nlm.nih.gov/articles/PMC7037242/"",""version"":""Primary article as retrieved 2026-09-13; PMC/publisher full HTML; selected Methods/Results inspected"",""year"":2019}"
MA-S02,Differentiating the roles of STAT5B and STAT5A in human CD4+ T cells,10.1016/j.clim.2013.04.014,https://pmc.ncbi.nlm.nih.gov/articles/PMC4169138/,full_text_primary_methods_results_inspected,activation,[],"{""research/mechanisms_activation/snapshots/MA_S02_full.html"":""2c94fd8923bc608c44f04f3c5a53970120a80cd0a4c7ef4ec9e86fbc1f69077a"",""research/mechanisms_activation/snapshots/MA_S02_full.txt"":""e532abc1ae62a5bfdf846d752ed8913cc4a31ec3365212e0e51d6383d4633741"",""research/mechanisms_activation/snapshots/MA_S02_full_metadata.json"":""4e9ec436976a2abdb27bd2404db8c767d41474658ee1b32855a05d21111b8ad7""}","{""access_level"":""full_text_primary_methods_results_inspected"",""additional_snapshot_paths"":[""research/mechanisms_activation/snapshots/MA_S02_full.html"",""research/mechanisms_activation/snapshots/MA_S02_full_metadata.json""],""authors"":[""Jennifer A Jenks"",""Scott Seki"",""Takahiro Kanai"",""Jennifer Huang"",""Alexander A Morgan"",""Renata C Scalco"",""Ruhi Nath"",""Robert Bucayu"",""Jan M Wit"",""Waleed Al-Herz"",""Dina Ramadan"",""Alexander A Jorge"",""Rosa Bacchetta"",""Vivian Hwa"",""Ron Rosenfeld"",""Kari C Nadeau""],""corrections_retractions_checked"":{""checked_at"":""2026-09-13T19:36:08.014073+00:00"",""method"":""DOI/title-specific ranked public-web search plus article page notice inspection; not a complete Crossmark or Retraction Watch audit"",""notice_url"":""unavailable"",""result"":""No matching correction/retraction notice found in bounded checks; absence not guaranteed""},""doi"":""10.1016/j.clim.2013.04.014"",""failed_retrieval_snapshot_paths"":[],""lane"":""activation"",""notes"":""Primary human-cell records; nonprimary cell lines and clinical follow-up omitted from extracted assertions."",""pack_path"":""research/mechanisms_activation/pack.json"",""pmid"":""23773921"",""related_original_source_ids"":[],""retrieved_at"":""2026-09-13T19:36:08.014073+00:00"",""snapshot_path"":""research/mechanisms_activation/snapshots/MA_S02_full.txt"",""snapshot_provenance"":[{""access_level"":""primary_full_text; selected Methods/Results inspected"",""eligible_as_supporting_snapshot"":true,""path"":""research/mechanisms_activation/snapshots/MA_S02_full.html"",""snapshot_role"":""primary_article_html"",""source_id"":""MA-S02""},{""access_level"":""primary_full_text; selected Methods/Results inspected"",""eligible_as_supporting_snapshot"":true,""path"":""research/mechanisms_activation/snapshots/MA_S02_full.txt"",""snapshot_role"":""primary_article_text_conversion"",""source_id"":""MA-S02""},{""access_level"":""metadata_extracted_from_retrieved_primary_page"",""eligible_as_supporting_snapshot"":true,""path"":""research/mechanisms_activation/snapshots/MA_S02_full_metadata.json"",""snapshot_role"":""article_page_metadata"",""source_id"":""MA-S02""}],""source_dependencies"":{""research/mechanisms_activation/snapshots/MA_S02_full.html"":""2c94fd8923bc608c44f04f3c5a53970120a80cd0a4c7ef4ec9e86fbc1f69077a"",""research/mechanisms_activation/snapshots/MA_S02_full.txt"":""e532abc1ae62a5bfdf846d752ed8913cc4a31ec3365212e0e51d6383d4633741"",""research/mechanisms_activation/snapshots/MA_S02_full_metadata.json"":""4e9ec436976a2abdb27bd2404db8c767d41474658ee1b32855a05d21111b8ad7""},""source_id"":""MA-S02"",""source_type"":""primary_study"",""species"":""Homo sapiens"",""title"":""Differentiating the roles of STAT5B and STAT5A in human CD4+ T cells"",""url"":""https://pmc.ncbi.nlm.nih.gov/articles/PMC4169138/"",""version"":""Primary article as retrieved 2026-09-13; PMC/publisher full HTML; selected Methods/Results inspected"",""year"":2013}"
MA-S03,Functional CRISPR dissection of gene networks controlling human regulatory T cell identity,10.1038/s41590-020-0784-4,https://pmc.ncbi.nlm.nih.gov/articles/PMC7577958/,full_text_primary_methods_results_inspected,activation,[],"{""research/mechanisms_activation/snapshots/MA_S03_full.html"":""93d58492599cf783a253d0d3dd49094e1d2bcc146c43b61d96f817568d952276"",""research/mechanisms_activation/snapshots/MA_S03_full.txt"":""9b7f0485c866ffe4363cd6b0b3aebb279b0e705eccbf874779fa4779e2a64e8e"",""research/mechanisms_activation/snapshots/MA_S03_full_metadata.json"":""60049370f7cf0d46031c1afa90c93e386817dbeb67e182b31a40ba75a5cd07b0""}","{""access_level"":""full_text_primary_methods_results_inspected"",""additional_snapshot_paths"":[""research/mechanisms_activation/snapshots/MA_S03_full.html"",""research/mechanisms_activation/snapshots/MA_S03_full_metadata.json""],""authors"":[""Kathrin Schumann"",""Siddharth S Raju"",""Michael Lauber"",""Saskia Kolb"",""Eric Shifrut"",""Jessica T Cortez"",""Nikolaos Skartsis"",""Vinh Q Nguyen"",""Jonathan M Woo"",""Theodore L Roth"",""Ruby Yu"",""Michelle L T Nguyen"",""Dimitre R Simeonov"",""David N Nguyen"",""Sasha Targ"",""Rachel E Gate"",""Qizhi Tang"",""Jeffrey A Bluestone"",""Matthew H Spitzer"",""Chun Jimmie Ye"",""Alexander Marson""],""corrections_retractions_checked"":{""checked_at"":""2026-09-13T19:36:08.014073+00:00"",""method"":""DOI/title-specific ranked public-web search plus article page notice inspection; not a complete Crossmark or Retraction Watch audit"",""notice_url"":""unavailable"",""result"":""No matching correction/retraction notice found in bounded checks; absence not guaranteed""},""doi"":""10.1038/s41590-020-0784-4"",""failed_retrieval_snapshot_paths"":[],""lane"":""activation"",""notes"":""Human-cell in vitro records only; xenogeneic mouse-host functional experiments not transported to human in vivo."",""pack_path"":""research/mechanisms_activation/pack.json"",""pmid"":""32989329"",""related_original_source_ids"":[],""retrieved_at"":""2026-09-13T19:36:08.014073+00:00"",""snapshot_path"":""research/mechanisms_activation/snapshots/MA_S03_full.txt"",""snapshot_provenance"":[{""access_level"":""primary_full_text; selected Methods/Results inspected"",""eligible_as_supporting_snapshot"":true,""path"":""research/mechanisms_activation/snapshots/MA_S03_full.html"",""snapshot_role"":""primary_article_html"",""source_id"":""MA-S03""},{""access_level"":""primary_full_text; selected Methods/Results inspected"",""eligible_as_supporting_snapshot"":true,""path"":""research/mechanisms_activation/snapshots/MA_S03_full.txt"",""snapshot_role"":""primary_article_text_conversion"",""source_id"":""MA-S03""},{""access_level"":""metadata_extracted_from_retrieved_primary_page"",""eligible_as_supporting_snapshot"":true,""path"":""research/mechanisms_activation/snapshots/MA_S03_full_metadata.json"",""snapshot_role"":""article_page_metadata"",""source_id"":""MA-S03""}],""source_dependencies"":{""research/mechanisms_activation/snapshots/MA_S03_full.html"":""93d58492599cf783a253d0d3dd49094e1d2bcc146c43b61d96f817568d952276"",""research/mechanisms_activation/snapshots/MA_S03_full.txt"":""9b7f0485c866ffe4363cd6b0b3aebb279b0e705eccbf874779fa4779e2a64e8e"",""research/mechanisms_activation/snapshots/MA_S03_full_metadata.json"":""60049370f7cf0d46031c1afa90c93e386817dbeb67e182b31a40ba75a5cd07b0""},""source_id"":""MA-S03"",""source_type"":""primary_study"",""species"":[""Homo sapiens"",""Mus musculus""],""title"":""Functional CRISPR dissection of gene networks controlling human regulatory T cell identity"",""url"":""https://pmc.ncbi.nlm.nih.gov/articles/PMC7577958/"",""version"":""Primary article as retrieved 2026-09-13; PMC/publisher full HTML; selected Methods/Results inspected"",""year"":2020}"
MA-S04,Fast and Efficient Genome Editing of Human FOXP3+ Regulatory T Cells,10.3389/fimmu.2021.655122,https://www.frontiersin.org/journals/immunology/articles/10.3389/fimmu.2021.655122/full,full_text_primary_methods_results_inspected,activation,[],"{""research/mechanisms_activation/snapshots/MA_S04_full.html"":""98249d5b017bfaa00043f5c3f24e488b2fda03072f736187c12466ad860adb1c"",""research/mechanisms_activation/snapshots/MA_S04_full.txt"":""d58269eec27f9e8555e1aaea766e5e091f300fcb277883776cd8ad6538266895"",""research/mechanisms_activation/snapshots/MA_S04_full_metadata.json"":""3c7394c4c3b9d19cafb72199efadf2f69ec6a5f4f560fd2444f5819e5c4c0604""}","{""access_level"":""full_text_primary_methods_results_inspected"",""additional_snapshot_paths"":[""research/mechanisms_activation/snapshots/MA_S04_full.html"",""research/mechanisms_activation/snapshots/MA_S04_full_metadata.json""],""authors"":[""Van Zeebroeck, Lauren "",""Arroyo Hornero, Rebeca "",""Côrte-Real, Beatriz F. "",""Hamad, Ibrahim "",""Meissner, Torsten B. "",""Kleinewietfeld, Markus ""],""corrections_retractions_checked"":{""checked_at"":""2026-09-13T19:36:08.014073+00:00"",""method"":""DOI/title-specific ranked public-web search plus article page notice inspection; not a complete Crossmark or Retraction Watch audit"",""notice_url"":""unavailable"",""result"":""No matching correction/retraction notice found in bounded checks; absence not guaranteed""},""doi"":""10.3389/fimmu.2021.655122"",""failed_retrieval_snapshot_paths"":[],""lane"":""activation"",""notes"":""Primary human-cell records; nonprimary cell lines and clinical follow-up omitted from extracted assertions."",""pack_path"":""research/mechanisms_activation/pack.json"",""pmid"":""34408743"",""related_original_source_ids"":[],""retrieved_at"":""2026-09-13T19:36:08.014073+00:00"",""snapshot_path"":""research/mechanisms_activation/snapshots/MA_S04_full.txt"",""snapshot_provenance"":[{""access_level"":""primary_full_text; selected Methods/Results inspected"",""eligible_as_supporting_snapshot"":true,""path"":""research/mechanisms_activation/snapshots/MA_S04_full.html"",""snapshot_role"":""primary_article_html"",""source_id"":""MA-S04""},{""access_level"":""primary_full_text; selected Methods/Results inspected"",""eligible_as_supporting_snapshot"":true,""path"":""research/mechanisms_activation/snapshots/MA_S04_full.txt"",""snapshot_role"":""primary_article_text_conversion"",""source_id"":""MA-S04""},{""access_level"":""metadata_extracted_from_retrieved_primary_page"",""eligible_as_supporting_snapshot"":true,""path"":""research/mechanisms_activation/snapshots/MA_S04_full_metadata.json"",""snapshot_role"":""article_page_metadata"",""source_id"":""MA-S04""}],""source_dependencies"":{""research/mechanisms_activation/snapshots/MA_S04_full.html"":""98249d5b017bfaa00043f5c3f24e488b2fda03072f736187c12466ad860adb1c"",""research/mechanisms_activation/snapshots/MA_S04_full.txt"":""d58269eec27f9e8555e1aaea766e5e091f300fcb277883776cd8ad6538266895"",""research/mechanisms_activation/snapshots/MA_S04_full_metadata.json"":""3c7394c4c3b9d19cafb72199efadf2f69ec6a5f4f560fd2444f5819e5c4c0604""},""source_id"":""MA-S04"",""source_type"":""primary_study"",""species"":""Homo sapiens"",""title"":""Fast and Efficient Genome Editing of Human FOXP3+ Regulatory T Cells"",""url"":""https://www.frontiersin.org/journals/immunology/articles/10.3389/fimmu.2021.655122/full"",""version"":""Primary article as retrieved 2026-09-13; PMC/publisher full HTML; selected Methods/Results inspected"",""year"":2021}"
MA-S05,IL-2 regulates FOXP3 expression in human CD4+CD25+ regulatory T cells through a STAT-dependent mechanism and induces the expansion of these cells in vivo,10.1182/blood-2006-02-004747,https://pmc.ncbi.nlm.nih.gov/articles/PMC1895505/,full_text_primary_methods_results_inspected,activation,[],"{""research/mechanisms_activation/snapshots/MA_S05_full.html"":""00790679faae73c30d6db60d751629bcb739a8d82ae5fd89d240475df569ceed"",""research/mechanisms_activation/snapshots/MA_S05_full.txt"":""56151f37553491bab0d5afd9a6a92e130477c1cbbb9160f0c9edea40b76510f3"",""research/mechanisms_activation/snapshots/MA_S05_full_metadata.json"":""f79957a08969383e354253291596aa3304bfcb47031cdc5574d17f53192a998a""}","{""access_level"":""full_text_primary_methods_results_inspected"",""additional_snapshot_paths"":[""research/mechanisms_activation/snapshots/MA_S05_full.html"",""research/mechanisms_activation/snapshots/MA_S05_full_metadata.json""],""authors"":[""Emmanuel Zorn"",""Erik A Nelson"",""Mehrdad Mohseni"",""Fabrice Porcheray"",""Haesook Kim"",""Despina Litsa"",""Roberto Bellucci"",""Elke Raderschall"",""Christine Canning"",""Robert J Soiffer"",""David A Frank"",""Jerome Ritz""],""corrections_retractions_checked"":{""checked_at"":""2026-09-13T19:36:08.014073+00:00"",""method"":""DOI/title-specific ranked public-web search plus article page notice inspection; not a complete Crossmark or Retraction Watch audit"",""notice_url"":""unavailable"",""result"":""No matching correction/retraction notice found in bounded checks; absence not guaranteed""},""doi"":""10.1182/blood-2006-02-004747"",""failed_retrieval_snapshot_paths"":[],""lane"":""activation"",""notes"":""Primary human-cell records; nonprimary cell lines and clinical follow-up omitted from extracted assertions."",""pack_path"":""research/mechanisms_activation/pack.json"",""pmid"":""16645171"",""related_original_source_ids"":[],""retrieved_at"":""2026-09-13T19:36:08.014073+00:00"",""snapshot_path"":""research/mechanisms_activation/snapshots/MA_S05_full.txt"",""snapshot_provenance"":[{""access_level"":""primary_full_text; selected Methods/Results inspected"",""eligible_as_supporting_snapshot"":true,""path"":""research/mechanisms_activation/snapshots/MA_S05_full.html"",""snapshot_role"":""primary_article_html"",""source_id"":""MA-S05""},{""access_level"":""primary_full_text; selected Methods/Results inspected"",""eligible_as_supporting_snapshot"":true,""path"":""research/mechanisms_activation/snapshots/MA_S05_full.txt"",""snapshot_role"":""primary_article_text_conversion"",""source_id"":""MA-S05""},{""access_level"":""metadata_extracted_from_retrieved_primary_page"",""eligible_as_supporting_snapshot"":true,""path"":""research/mechanisms_activation/snapshots/MA_S05_full_metadata.json"",""snapshot_role"":""article_page_metadata"",""source_id"":""MA-S05""}],""source_dependencies"":{""research/mechanisms_activation/snapshots/MA_S05_full.html"":""00790679faae73c30d6db60d751629bcb739a8d82ae5fd89d240475df569ceed"",""research/mechanisms_activation/snapshots/MA_S05_full.txt"":""56151f37553491bab0d5afd9a6a92e130477c1cbbb9160f0c9edea40b76510f3"",""research/mechanisms_activation/snapshots/MA_S05_full_metadata.json"":""f79957a08969383e354253291596aa3304bfcb47031cdc5574d17f53192a998a""},""source_id"":""MA-S05"",""source_type"":""primary_study"",""species"":""Homo sapiens"",""title"":""IL-2 regulates FOXP3 expression in human CD4+CD25+ regulatory T cells through a STAT-dependent mechanism and induces the expansion of these cells in vivo"",""url"":""https://pmc.ncbi.nlm.nih.gov/articles/PMC1895505/"",""version"":""Primary article as retrieved 2026-09-13; PMC/publisher full HTML; selected Methods/Results inspected"",""year"":2006}"
MA-S06,Genome-wide CRISPR screen in human T cells reveals regulators of FOXP3,10.1038/s41586-025-08795-5,https://www.nature.com/articles/s41586-025-08795-5,partial_primary_article_and_analysis_supplement,activation,[],"{""research/mechanisms_activation/snapshots/MA_S06_correction_full.html"":""a156006bbc9bbdf89cb7ed083eb8c634e1ec33a6f917de39b47f111d6eb9a1e2"",""research/mechanisms_activation/snapshots/MA_S06_correction_full.txt"":""6abb4859b4fc04145cef6678f66d7100a28cb0b4cadb3784d1d68d792d41db13"",""research/mechanisms_activation/snapshots/MA_S06_correction_full_metadata.json"":""5fda2b950a9b991c66d39d7545017d6db2c3bab58d481b89b6a728a909f178c7"",""research/mechanisms_activation/snapshots/MA_S06_fig3_full.html"":""926cfd766f38fb588ae1fa7e00f071d47011f6fcdf882fb62638f3d80926db89"",""research/mechanisms_activation/snapshots/MA_S06_fig3_full.txt"":""6c37c3cf7b7e757f1e15314933487e14637cc7c19901ef9dbe9dac11b0fad644"",""research/mechanisms_activation/snapshots/MA_S06_fig3_full_metadata.json"":""44136fa355b3678a1146ad16f7e8649e94fb4fc21fe77e8310c060f61caaff8a"",""research/mechanisms_activation/snapshots/MA_S06_fig4_full.html"":""4d3c0ef2dd654c1a1357ae48472573b9bda304b186b3d891700987f5e55b1342"",""research/mechanisms_activation/snapshots/MA_S06_fig4_full.txt"":""8e8d9a9d3ce2b8729e34a530254ddba751ba7bd6e2610f410de59216bf305849"",""research/mechanisms_activation/snapshots/MA_S06_fig4_full_metadata.json"":""44136fa355b3678a1146ad16f7e8649e94fb4fc21fe77e8310c060f61caaff8a"",""research/mechanisms_activation/snapshots/MA_S06_full.html"":""41dbd274ab85a18fb2048b742887c14db703cae09c6c23ad38d8273eb1e7f236"",""research/mechanisms_activation/snapshots/MA_S06_full.txt"":""c83609107e9fb39e58eb4f9486f2c76e65ca656a9edc24ca01e92893afa5544c"",""research/mechanisms_activation/snapshots/MA_S06_full_metadata.json"":""7b2eb4ca2d4fc287a4147be44a803f3f2b1fdad8d0bc5b7c71f31677a7fbc287"",""research/mechanisms_activation/snapshots/MA_S06_methods.pdf"":""be7d095528ea94d03451657bca5aa4bbeb17ffd8a9dd91330fd4e0d74fa73aa9"",""research/mechanisms_activation/snapshots/MA_S06_methods.txt"":""99171892e66cba7aa17496cd7663393e32942c256003c15fe8126c067a377c3e""}","{""access_level"":""partial_primary_article_and_analysis_supplement"",""additional_snapshot_paths"":[""research/mechanisms_activation/snapshots/MA_S06_correction_full.html"",""research/mechanisms_activation/snapshots/MA_S06_correction_full.txt"",""research/mechanisms_activation/snapshots/MA_S06_correction_full_metadata.json"",""research/mechanisms_activation/snapshots/MA_S06_fig3_full.html"",""research/mechanisms_activation/snapshots/MA_S06_fig3_full.txt"",""research/mechanisms_activation/snapshots/MA_S06_fig3_full_metadata.json"",""research/mechanisms_activation/snapshots/MA_S06_fig4_full.html"",""research/mechanisms_activation/snapshots/MA_S06_fig4_full.txt"",""research/mechanisms_activation/snapshots/MA_S06_fig4_full_metadata.json"",""research/mechanisms_activation/snapshots/MA_S06_full.html"",""research/mechanisms_activation/snapshots/MA_S06_full_metadata.json"",""research/mechanisms_activation/snapshots/MA_S06_methods.pdf"",""research/mechanisms_activation/snapshots/MA_S06_methods.txt""],""authors"":[""Chen, Kelvin Y."",""Kibayashi, Tatsuya"",""Giguelay, Ambre"",""Hata, Mayu"",""Nakajima, Shunsuke"",""Mikami, Norihisa"",""Takeshima, Yusuke"",""Ichiyama, Kenji"",""Omiya, Ryusuke"",""Ludwig, Leif S."",""Hattori, Kunihiro"",""Sakaguchi, Shimon""],""corrections_retractions_checked"":{""checked_at"":""2026-09-13T19:36:08.014073+00:00"",""method"":""DOI/title-specific ranked public-web search plus article page notice inspection; not a complete Crossmark or Retraction Watch audit"",""notice_url"":""https://www.nature.com/articles/s41586-025-09356-6"",""result"":""Author Correction 10.1038/s41586-025-09356-6 adds a competing-interest disclosure; no biological result correction stated. Saved primary notice.""},""doi"":""10.1038/s41586-025-08795-5"",""failed_retrieval_snapshot_paths"":[""research/mechanisms_activation/snapshots/MA_S06_full.failed.html"",""research/mechanisms_activation/snapshots/MA_S06_nature.failed.html"",""research/mechanisms_activation/snapshots/MA_S06_repository.failed.html"",""research/mechanisms_activation/snapshots/MA_S06_web.json""],""lane"":""activation"",""notes"":""Human-cell in vitro records only; xenogeneic mouse-host functional experiments not transported to human in vivo."",""pack_path"":""research/mechanisms_activation/pack.json"",""pmid"":""40140585"",""related_original_source_ids"":[],""retrieved_at"":""2026-09-13T19:36:08.014073+00:00"",""snapshot_path"":""research/mechanisms_activation/snapshots/MA_S06_full.txt"",""snapshot_provenance"":[{""access_level"":""primary_notice_inspected; competing-interest disclosure only"",""eligible_as_supporting_snapshot"":true,""path"":""research/mechanisms_activation/snapshots/MA_S06_correction_full.html"",""resource_doi"":""10.1038/s41586-025-09356-6"",""resource_relation"":""corrects_competing_interest_disclosure_of_MA-S06"",""resource_url"":""https://www.nature.com/articles/s41586-025-09356-6"",""snapshot_role"":""primary_correction_notice"",""source_id"":""MA-S06""},{""access_level"":""primary_notice_inspected; competing-interest disclosure only"",""eligible_as_supporting_snapshot"":true,""path"":""research/mechanisms_activation/snapshots/MA_S06_correction_full.txt"",""resource_doi"":""10.1038/s41586-025-09356-6"",""resource_relation"":""corrects_competing_interest_disclosure_of_MA-S06"",""resource_url"":""https://www.nature.com/articles/s41586-025-09356-6"",""snapshot_role"":""primary_correction_notice"",""source_id"":""MA-S06""},{""access_level"":""primary_notice_inspected; competing-interest disclosure only"",""eligible_as_supporting_snapshot"":true,""path"":""research/mechanisms_activation/snapshots/MA_S06_correction_full_metadata.json"",""resource_doi"":""10.1038/s41586-025-09356-6"",""resource_relation"":""corrects_competing_interest_disclosure_of_MA-S06"",""resource_url"":""https://www.nature.com/articles/s41586-025-09356-6"",""snapshot_role"":""correction_notice_metadata"",""source_id"":""MA-S06""},{""access_level"":""public_caption_inspected; figure image not inspected"",""eligible_as_supporting_snapshot"":true,""path"":""research/mechanisms_activation/snapshots/MA_S06_fig3_full.html"",""snapshot_role"":""primary_figure_caption"",""source_id"":""MA-S06""},{""access_level"":""public_caption_inspected; figure image not inspected"",""eligible_as_supporting_snapshot"":true,""path"":""research/mechanisms_activation/snapshots/MA_S06_fig3_full.txt"",""snapshot_role"":""primary_figure_caption"",""source_id"":""MA-S06""},{""access_level"":""public_caption_inspected; figure image not inspected"",""eligible_as_supporting_snapshot"":true,""path"":""research/mechanisms_activation/snapshots/MA_S06_fig3_full_metadata.json"",""snapshot_role"":""figure_page_metadata"",""source_id"":""MA-S06""},{""access_level"":""public_caption_inspected; figure image not inspected"",""eligible_as_supporting_snapshot"":true,""path"":""research/mechanisms_activation/snapshots/MA_S06_fig4_full.html"",""snapshot_role"":""primary_figure_caption"",""source_id"":""MA-S06""},{""access_level"":""public_caption_inspected; figure image not inspected"",""eligible_as_supporting_snapshot"":true,""path"":""research/mechanisms_activation/snapshots/MA_S06_fig4_full.txt"",""snapshot_role"":""primary_figure_caption"",""source_id"":""MA-S06""},{""access_level"":""public_caption_inspected; figure image not inspected"",""eligible_as_supporting_snapshot"":true,""path"":""research/mechanisms_activation/snapshots/MA_S06_fig4_full_metadata.json"",""snapshot_role"":""figure_page_metadata"",""source_id"":""MA-S06""},{""access_level"":""failed_access; not primary evidence"",""eligible_as_supporting_snapshot"":false,""path"":""research/mechanisms_activation/snapshots/MA_S06_full.failed.html"",""snapshot_role"":""failed_retrieval_response"",""source_id"":""MA-S06""},{""access_level"":""abstract_and_extended_data_captions; main wet-lab Methods/Results unavailable"",""eligible_as_supporting_snapshot"":true,""path"":""research/mechanisms_activation/snapshots/MA_S06_full.html"",""snapshot_role"":""subscription_limited_primary_article"",""source_id"":""MA-S06""},{""access_level"":""abstract_and_extended_data_captions; main wet-lab Methods/Results unavailable"",""eligible_as_supporting_snapshot"":true,""path"":""research/mechanisms_activation/snapshots/MA_S06_full.txt"",""snapshot_role"":""subscription_limited_primary_article"",""source_id"":""MA-S06""},{""access_level"":""metadata_extracted_from_retrieved_primary_page"",""eligible_as_supporting_snapshot"":true,""path"":""research/mechanisms_activation/snapshots/MA_S06_full_metadata.json"",""snapshot_role"":""article_page_metadata"",""source_id"":""MA-S06""},{""access_level"":""public_analysis_supplement_inspected; main wet-lab Methods unavailable"",""eligible_as_supporting_snapshot"":true,""path"":""research/mechanisms_activation/snapshots/MA_S06_methods.pdf"",""snapshot_role"":""supplementary_analytical_methods"",""source_id"":""MA-S06""},{""access_level"":""public_analysis_supplement_inspected; main wet-lab Methods unavailable"",""eligible_as_supporting_snapshot"":true,""path"":""research/mechanisms_activation/snapshots/MA_S06_methods.txt"",""snapshot_role"":""supplementary_analytical_methods"",""source_id"":""MA-S06""},{""access_level"":""failed_access; not primary evidence"",""eligible_as_supporting_snapshot"":false,""path"":""research/mechanisms_activation/snapshots/MA_S06_nature.failed.html"",""snapshot_role"":""failed_retrieval_response"",""source_id"":""MA-S06""},{""access_level"":""failed_access; not primary evidence"",""eligible_as_supporting_snapshot"":false,""path"":""research/mechanisms_activation/snapshots/MA_S06_repository.failed.html"",""snapshot_role"":""failed_retrieval_response"",""source_id"":""MA-S06""},{""access_level"":""failed_access; not primary evidence"",""eligible_as_supporting_snapshot"":false,""path"":""research/mechanisms_activation/snapshots/MA_S06_web.json"",""snapshot_role"":""failed_retrieval_response"",""source_id"":""MA-S06""}],""source_dependencies"":{""research/mechanisms_activation/snapshots/MA_S06_correction_full.html"":""a156006bbc9bbdf89cb7ed083eb8c634e1ec33a6f917de39b47f111d6eb9a1e2"",""research/mechanisms_activation/snapshots/MA_S06_correction_full.txt"":""6abb4859b4fc04145cef6678f66d7100a28cb0b4cadb3784d1d68d792d41db13"",""research/mechanisms_activation/snapshots/MA_S06_correction_full_metadata.json"":""5fda2b950a9b991c66d39d7545017d6db2c3bab58d481b89b6a728a909f178c7"",""research/mechanisms_activation/snapshots/MA_S06_fig3_full.html"":""926cfd766f38fb588ae1fa7e00f071d47011f6fcdf882fb62638f3d80926db89"",""research/mechanisms_activation/snapshots/MA_S06_fig3_full.txt"":""6c37c3cf7b7e757f1e15314933487e14637cc7c19901ef9dbe9dac11b0fad644"",""research/mechanisms_activation/snapshots/MA_S06_fig3_full_metadata.json"":""44136fa355b3678a1146ad16f7e8649e94fb4fc21fe77e8310c060f61caaff8a"",""research/mechanisms_activation/snapshots/MA_S06_fig4_full.html"":""4d3c0ef2dd654c1a1357ae48472573b9bda304b186b3d891700987f5e55b1342"",""research/mechanisms_activation/snapshots/MA_S06_fig4_full.txt"":""8e8d9a9d3ce2b8729e34a530254ddba751ba7bd6e2610f410de59216bf305849"",""research/mechanisms_activation/snapshots/MA_S06_fig4_full_metadata.json"":""44136fa355b3678a1146ad16f7e8649e94fb4fc21fe77e8310c060f61caaff8a"",""research/mechanisms_activation/snapshots/MA_S06_full.html"":""41dbd274ab85a18fb2048b742887c14db703cae09c6c23ad38d8273eb1e7f236"",""research/mechanisms_activation/snapshots/MA_S06_full.txt"":""c83609107e9fb39e58eb4f9486f2c76e65ca656a9edc24ca01e92893afa5544c"",""research/mechanisms_activation/snapshots/MA_S06_full_metadata.json"":""7b2eb4ca2d4fc287a4147be44a803f3f2b1fdad8d0bc5b7c71f31677a7fbc287"",""research/mechanisms_activation/snapshots/MA_S06_methods.pdf"":""be7d095528ea94d03451657bca5aa4bbeb17ffd8a9dd91330fd4e0d74fa73aa9"",""research/mechanisms_activation/snapshots/MA_S06_methods.txt"":""99171892e66cba7aa17496cd7663393e32942c256003c15fe8126c067a377c3e""},""source_id"":""MA-S06"",""source_type"":""primary_study"",""species"":[""Homo sapiens"",""Mus musculus""],""title"":""Genome-wide CRISPR screen in human T cells reveals regulators of FOXP3"",""url"":""https://www.nature.com/articles/s41586-025-08795-5"",""version"":""Primary article as retrieved 2026-09-13; abstract, extended-data captions and public Figures 3/4 plus supplementary analytical Methods; main Methods/Results inaccessible"",""year"":2025}"
MA-S07,Negative Feedback Regulation of T Cells via Interleukin-2 and FOXP3 Reciprocity,10.1371/journal.pone.0001581,https://pmc.ncbi.nlm.nih.gov/articles/PMC2265256/,full_text_primary_methods_results_inspected,activation,[],"{""research/mechanisms_activation/snapshots/MA_S07_full.html"":""9a4fafb02aae934b0eecdf74e04c9c87a2b7ddfee130b2fc6f7a85b1f2c716e1"",""research/mechanisms_activation/snapshots/MA_S07_full.txt"":""0bbf99005de825e9cee6760d8e217ca610cf7f3a091715c8d7fe69305ad37c99"",""research/mechanisms_activation/snapshots/MA_S07_full_metadata.json"":""875bbec16b4d330718e23a9437b5d16b609de9c5b6fb352646cfc2f341065494""}","{""access_level"":""full_text_primary_methods_results_inspected"",""additional_snapshot_paths"":[""research/mechanisms_activation/snapshots/MA_S07_full.html"",""research/mechanisms_activation/snapshots/MA_S07_full_metadata.json""],""authors"":[""Zoran Popmihajlov"",""Kendall A Smith""],""corrections_retractions_checked"":{""checked_at"":""2026-09-13T19:36:08.014073+00:00"",""method"":""DOI/title-specific ranked public-web search plus article page notice inspection; not a complete Crossmark or Retraction Watch audit"",""notice_url"":""unavailable"",""result"":""No matching correction/retraction notice found in bounded checks; absence not guaranteed""},""doi"":""10.1371/journal.pone.0001581"",""failed_retrieval_snapshot_paths"":[],""lane"":""activation"",""notes"":""Primary human-cell records; nonprimary cell lines and clinical follow-up omitted from extracted assertions."",""pack_path"":""research/mechanisms_activation/pack.json"",""pmid"":""18324310"",""related_original_source_ids"":[],""retrieved_at"":""2026-09-13T19:36:08.014073+00:00"",""snapshot_path"":""research/mechanisms_activation/snapshots/MA_S07_full.txt"",""snapshot_provenance"":[{""access_level"":""primary_full_text; selected Methods/Results inspected"",""eligible_as_supporting_snapshot"":true,""path"":""research/mechanisms_activation/snapshots/MA_S07_full.html"",""snapshot_role"":""primary_article_html"",""source_id"":""MA-S07""},{""access_level"":""primary_full_text; selected Methods/Results inspected"",""eligible_as_supporting_snapshot"":true,""path"":""research/mechanisms_activation/snapshots/MA_S07_full.txt"",""snapshot_role"":""primary_article_text_conversion"",""source_id"":""MA-S07""},{""access_level"":""metadata_extracted_from_retrieved_primary_page"",""eligible_as_supporting_snapshot"":true,""path"":""research/mechanisms_activation/snapshots/MA_S07_full_metadata.json"",""snapshot_role"":""article_page_metadata"",""source_id"":""MA-S07""}],""source_dependencies"":{""research/mechanisms_activation/snapshots/MA_S07_full.html"":""9a4fafb02aae934b0eecdf74e04c9c87a2b7ddfee130b2fc6f7a85b1f2c716e1"",""research/mechanisms_activation/snapshots/MA_S07_full.txt"":""0bbf99005de825e9cee6760d8e217ca610cf7f3a091715c8d7fe69305ad37c99"",""research/mechanisms_activation/snapshots/MA_S07_full_metadata.json"":""875bbec16b4d330718e23a9437b5d16b609de9c5b6fb352646cfc2f341065494""},""source_id"":""MA-S07"",""source_type"":""primary_study"",""species"":""Homo sapiens"",""title"":""Negative Feedback Regulation of T Cells via Interleukin-2 and FOXP3 Reciprocity"",""url"":""https://pmc.ncbi.nlm.nih.gov/articles/PMC2265256/"",""version"":""Primary article as retrieved 2026-09-13; PMC/publisher full HTML; selected Methods/Results inspected"",""year"":2008}"
MG01,Human Epistatic Interaction Controls IL7R Splicing and Increases Multiple Sclerosis Risk,10.1016/j.cell.2017.03.007,https://pmc.ncbi.nlm.nih.gov/articles/PMC5456452/,full_text_selected_methods_results,genetic,"[""G03""]","{""research/mechanisms_genetic/snapshots/MG01_selected_primary.txt"":""1b7d4a7034f0520e8c93f5c3c715f84a95c28c987f17e2532e6dcd5627db77c7""}","{""access_level"":""full_text_selected_methods_results"",""authors"":""Galarza-Muñoz et al."",""doi"":""10.1016/j.cell.2017.03.007"",""lane"":""genetic"",""notes"":""Existing primary snapshot re-inspected, not independent replication. Figure captions and Methods inspected. Standalone supplementary image files not re-downloaded. Some blood RNA labeled PBMC in Results was whole-blood PAXgene by Methods."",""pack_path"":""research/mechanisms_genetic/pack.json"",""pmid"":""28340352"",""related_original_source_id"":""G03"",""retrieved_at"":""2026-09-13"",""snapshot_path"":""research/mechanisms_genetic/snapshots/MG01_selected_primary.txt"",""source_dependencies"":{""research/mechanisms_genetic/snapshots/MG01_selected_primary.txt"":""1b7d4a7034f0520e8c93f5c3c715f84a95c28c987f17e2532e6dcd5627db77c7""},""source_id"":""MG01"",""source_type"":""primary_study"",""species"":""Homo sapiens"",""title"":""Human Epistatic Interaction Controls IL7R Splicing and Increases Multiple Sclerosis Risk"",""url"":""https://pmc.ncbi.nlm.nih.gov/articles/PMC5456452/"",""version"":""Published primary article; correction relationship check detailed in screening.json"",""year"":2017}"
MG02,Interleukin 7 receptor alpha chain (IL7R) shows allelic and functional association with multiple sclerosis,10.1038/ng2103,https://www.nature.com/articles/ng2103,primary_pdf_selected_methods_results,genetic,"[""G08""]","{""research/mechanisms_genetic/snapshots/MG02_Gregory_results_methods.txt"":""46d1165731e6ba61e55e5e7ef0808bd8142383579fe3fa5ac7e3f28a5523fae3""}","{""access_level"":""primary_pdf_selected_methods_results"",""authors"":""Gregory et al."",""doi"":""10.1038/ng2103"",""lane"":""genetic"",""notes"":""Primary PDF mirror inspected, title and DOI verified. 2007 Fig2 assays are transcript assays; statements about soluble/surface protein are predictions, not measurements. Rat DT3/AT3 excluded from human assertions."",""pack_path"":""research/mechanisms_genetic/pack.json"",""pmid"":""17660817"",""related_original_source_id"":""G08"",""retrieved_at"":""2026-09-13"",""snapshot_path"":""research/mechanisms_genetic/snapshots/MG02_Gregory_results_methods.txt"",""source_dependencies"":{""research/mechanisms_genetic/snapshots/MG02_Gregory_results_methods.txt"":""46d1165731e6ba61e55e5e7ef0808bd8142383579fe3fa5ac7e3f28a5523fae3""},""source_id"":""MG02"",""source_type"":""primary_study"",""species"":""Homo sapiens"",""title"":""Interleukin 7 receptor alpha chain (IL7R) shows allelic and functional association with multiple sclerosis"",""url"":""https://www.nature.com/articles/ng2103"",""version"":""Published primary article; correction relationship check detailed in screening.json"",""year"":2007}"
MG03,Context-specific regulation of surface and soluble IL7R expression by an autoimmune risk allele,10.1038/s41467-019-12393-1,https://pmc.ncbi.nlm.nih.gov/articles/PMC6783569/,full_text_selected_methods_results,genetic,"[""G10""]","{""research/mechanisms_genetic/snapshots/MG03_selected_primary.txt"":""b3e36dc04f248316dc575f56b05205e1f93a92c43023c33a5eda69119d868fa5""}","{""access_level"":""full_text_selected_methods_results"",""authors"":""Al-Mossawi et al."",""doi"":""10.1038/s41467-019-12393-1"",""lane"":""genetic"",""notes"":""Existing primary snapshot re-inspected; same 161 samples reused from Fairfax2014 eQTL study. Absolute reported ELISA concentration units not adopted pending source-data verification."",""pack_path"":""research/mechanisms_genetic/pack.json"",""pmid"":""31594933"",""related_original_source_id"":""G10"",""retrieved_at"":""2026-09-13"",""snapshot_path"":""research/mechanisms_genetic/snapshots/MG03_selected_primary.txt"",""source_dependencies"":{""research/mechanisms_genetic/snapshots/MG03_selected_primary.txt"":""b3e36dc04f248316dc575f56b05205e1f93a92c43023c33a5eda69119d868fa5""},""source_id"":""MG03"",""source_type"":""primary_study"",""species"":""Homo sapiens"",""title"":""Context-specific regulation of surface and soluble IL7R expression by an autoimmune risk allele"",""url"":""https://pmc.ncbi.nlm.nih.gov/articles/PMC6783569/"",""version"":""Published primary article; correction relationship check detailed in screening.json"",""year"":2019}"
MG04,Mapping the functional impact of non-coding regulatory elements in primary T cells through single-cell CRISPR screens,10.1186/s13059-024-03176-z,https://link.springer.com/article/10.1186/s13059-024-03176-z,full_text_selected_methods_results,genetic,[],"{""research/mechanisms_genetic/snapshots/MG04_CD4_methods.txt"":""583a5f30520f741931e885ba07037d3fd794806557430333faeccb89e7c63c50"",""research/mechanisms_genetic/snapshots/MG04_CD4_results.txt"":""eefb8d111de51c8af999499eb6455ffd064ec91549f4033b2caed4d870798be4"",""research/mechanisms_genetic/snapshots/MG04_enhancer_results.txt"":""57f3e52b28ef491a4d31225e60c31fffeaf6b5933dfb6117b6d981cf098cf888""}","{""access_level"":""full_text_selected_methods_results"",""additional_snapshot_paths"":[""research/mechanisms_genetic/snapshots/MG04_CD4_methods.txt"",""research/mechanisms_genetic/snapshots/MG04_enhancer_results.txt""],""authors"":""Alda-Catalinas, Ibarra-Soria et al."",""doi"":""10.1186/s13059-024-03176-z"",""lane"":""genetic"",""notes"":""Methods and Results inspected on primary publisher and PMC; additional snapshots MG04_CD4_methods.txt and MG04_enhancer_results.txt. Preprint DOI 10.1101/2023.05.14.540711 treated as same-work predecessor, not independent study. E-MTAB-13324. Pooled screen fresh/frozen runs reuse cells; four-donor flow panel must not be assigned automatically to all scRNA experiments."",""pack_path"":""research/mechanisms_genetic/pack.json"",""pmid"":""38308274"",""related_original_source_id"":""unavailable"",""retrieved_at"":""2026-09-13"",""snapshot_path"":""research/mechanisms_genetic/snapshots/MG04_CD4_results.txt"",""snapshot_scope"":{""research/mechanisms_genetic/snapshots/MG04_CD4_methods.txt"":""Primary publisher Methods: isolation/culture, CRISPRi/flow, pooled screen/scRNA-seq, differential expression, guide tiers, enhancer deletion/bulk RNA-seq, GWAS credible-set intersections and data accession."",""research/mechanisms_genetic/snapshots/MG04_CD4_results.txt"":""Primary publisher Results/Fig1: CD81 promoter CRISPRi RNA and surface-protein endpoints; source figure legends and primary-cell implementation."",""research/mechanisms_genetic/snapshots/MG04_enhancer_results.txt"":""Primary publisher Results/Fig5/Fig6: PHF19-region enhancer/TRAF1 and KCNN4 deletion null; source statistical-calibration limitations.""},""source_dependencies"":{""research/mechanisms_genetic/snapshots/MG04_CD4_methods.txt"":""583a5f30520f741931e885ba07037d3fd794806557430333faeccb89e7c63c50"",""research/mechanisms_genetic/snapshots/MG04_CD4_results.txt"":""eefb8d111de51c8af999499eb6455ffd064ec91549f4033b2caed4d870798be4"",""research/mechanisms_genetic/snapshots/MG04_enhancer_results.txt"":""57f3e52b28ef491a4d31225e60c31fffeaf6b5933dfb6117b6d981cf098cf888""},""source_id"":""MG04"",""source_type"":""primary_study"",""species"":""Homo sapiens"",""title"":""Mapping the functional impact of non-coding regulatory elements in primary T cells through single-cell CRISPR screens"",""url"":""https://link.springer.com/article/10.1186/s13059-024-03176-z"",""version"":""Published primary article; correction relationship check detailed in screening.json"",""year"":2024}"
MG05,A disease-associated gene desert directs macrophage inflammation through ETS2,10.1038/s41586-024-07501-1,https://pmc.ncbi.nlm.nih.gov/articles/PMC11168933/,full_text_selected_methods_results,genetic,[],"{""research/mechanisms_genetic/snapshots/MG05_fulltext.html"":""e5ed84ca9dd92d843302cc60d5f08169c7b7da8e2cd2ddcf3a2fb0fd46192b8a"",""research/mechanisms_genetic/snapshots/MG05_fulltext.txt"":""fc1838b844432de3edb4a47905d53ba0cc8633e937c1fd00e1f69d3a158c4694"",""research/mechanisms_genetic/snapshots/MG05_selected_primary.txt"":""f250db59bc2ecf9d6619ffacee93fb149525a7f31b5319acdb23a7c2e4cf5e57""}","{""access_level"":""full_text_selected_methods_results"",""additional_snapshot_paths"":[""research/mechanisms_genetic/snapshots/MG05_fulltext.txt"",""research/mechanisms_genetic/snapshots/MG05_selected_primary.txt""],""authors"":""Stankey, Bourges, Haag et al."",""doi"":""10.1038/s41586-024-07501-1"",""lane"":""genetic"",""notes"":""Access gap resolved2026-09-13 using parent-retrieved complete primary PMC HTML. Selected Methods/Results inspected; bounded four-assertion extraction. Earlier failed web routes/search snapshots retained as retrieval history. Native ETS2 protein, allele-to-protein transport, detailed fine mapping and remaining experiments are not extracted."",""pack_path"":""research/mechanisms_genetic/pack.json"",""pmid"":""38839969"",""related_original_source_id"":""unavailable"",""retrieved_at"":""2026-09-13"",""snapshot_path"":""research/mechanisms_genetic/snapshots/MG05_fulltext.html"",""snapshot_scope"":{""MG05_fulltext.html"":""Complete primary PMC article HTML recovered by parent approved curl; copied from /tmp/ikhis-ets2-primary.html"",""MG05_fulltext.txt"":""Readable text derived from complete HTML; line locators index this file"",""MG05_selected_primary.txt"":""Selected actual primary Results, figure captions, cell preparation and perturbation/measurement Methods used for new assertions""},""source_dependencies"":{""research/mechanisms_genetic/snapshots/MG05_fulltext.html"":""e5ed84ca9dd92d843302cc60d5f08169c7b7da8e2cd2ddcf3a2fb0fd46192b8a"",""research/mechanisms_genetic/snapshots/MG05_fulltext.txt"":""fc1838b844432de3edb4a47905d53ba0cc8633e937c1fd00e1f69d3a158c4694"",""research/mechanisms_genetic/snapshots/MG05_selected_primary.txt"":""f250db59bc2ecf9d6619ffacee93fb149525a7f31b5319acdb23a7c2e4cf5e57""},""source_id"":""MG05"",""source_type"":""primary_study"",""species"":""Homo sapiens"",""title"":""A disease-associated gene desert directs macrophage inflammation through ETS2"",""url"":""https://pmc.ncbi.nlm.nih.gov/articles/PMC11168933/"",""version"":""Published primary article; correction relationship check detailed in screening.json"",""year"":2024}"
MP_S001,Loss of Functional Beta2-Microglobulin in Metastatic Melanomas From Five Patients Receiving Immunotherapy,10.1093/jnci/88.2.100,https://pmc.ncbi.nlm.nih.gov/articles/PMC2248456/,full_text_methods_results_inspected,antigen,[],"{""research/mechanisms_antigen/snapshots/MP_Restifo1996.html"":""d3c2b5bf1562aa290e430d603f9741c2d0f4980319999d6c9a72a689b16d22e7"",""research/mechanisms_antigen/snapshots/MP_Restifo1996.txt"":""e6cf5825c0aee4697e4c15236f598f77d74c7fdd58a24f2d4c3b3bb2e5a9e95a"",""research/mechanisms_antigen/snapshots/MP_Restifo1996_fig5.jpg"":""2313be2c581f290ef9329710fc0bd16c85983f842426c02809800adf67746b0c""}","{""access_level"":""full_text_methods_results_inspected"",""additional_snapshot_paths"":[""research/mechanisms_antigen/snapshots/MP_Restifo1996.txt"",""research/mechanisms_antigen/snapshots/MP_Restifo1996_fig5.jpg""],""additional_snapshots"":[""research/mechanisms_antigen/snapshots/MP_Restifo1996_fig5.jpg""],""authors"":[""Nicholas P Restifo"",""Francesco M Marincola"",""Yutaka Kawakami"",""Jeff Taubenberger"",""John R Yannelli"",""Steven A Rosenberg""],""companion_snapshot_path"":""research/mechanisms_antigen/snapshots/MP_Restifo1996.txt"",""correction_retraction_check"":""DOI-specific ranked searches and article notice/version areas checked on 2026-09-13; no relevant correction/retraction identified; absence is not certified."",""doi"":""10.1093/jnci/88.2.100"",""lane"":""antigen"",""notes"":""Local parsed text is a companion locator; selected Methods and Results inspected. No independent or human review performed. Raw article access succeeded after web-tool access failures."",""pack_path"":""research/mechanisms_antigen/pack.json"",""pmid"":""8537970"",""retrieved_at"":""2026-09-13T19:21:35.604670+00:00"",""snapshot_path"":""research/mechanisms_antigen/snapshots/MP_Restifo1996.html"",""source_dependencies"":{""research/mechanisms_antigen/snapshots/MP_Restifo1996.html"":""d3c2b5bf1562aa290e430d603f9741c2d0f4980319999d6c9a72a689b16d22e7"",""research/mechanisms_antigen/snapshots/MP_Restifo1996.txt"":""e6cf5825c0aee4697e4c15236f598f77d74c7fdd58a24f2d4c3b3bb2e5a9e95a"",""research/mechanisms_antigen/snapshots/MP_Restifo1996_fig5.jpg"":""2313be2c581f290ef9329710fc0bd16c85983f842426c02809800adf67746b0c""},""source_id"":""MP_S001"",""source_type"":""primary_study"",""species"":""Homo sapiens; Mus musculus in separate recipient assays"",""title"":""Loss of Functional Beta2-Microglobulin in Metastatic Melanomas From Five Patients Receiving Immunotherapy"",""url"":""https://pmc.ncbi.nlm.nih.gov/articles/PMC2248456/"",""version"":""PMC author manuscript; NIHMS38285; final article 1996-01-17"",""year"":1996}"
MP_S002,HLA class I deficiencies due to mutations in subunit 1 of the peptide transporter TAP1,10.1172/JCI5687,https://www.jci.org/articles/view/5687,full_text_methods_results_inspected,antigen,[],"{""research/mechanisms_antigen/snapshots/MP_deLaSalle1999.html"":""ad1c589296cb98baaffa912f88d3a9efef2a2e59add69100a9114dc62c65b3c3"",""research/mechanisms_antigen/snapshots/MP_deLaSalle1999.txt"":""574042688451e4a399fe15c648d5b863391f2a09d4c6054d6b58e7a8aafd002c""}","{""access_level"":""full_text_methods_results_inspected"",""additional_snapshot_paths"":[""research/mechanisms_antigen/snapshots/MP_deLaSalle1999.txt""],""authors"":[""Henri de la Salle"",""Jacques Zimmer"",""Dominique Fricker"",""Catherine Angenieux"",""Jean-Pierre Cazenave"",""Mitsuo Okubo"",""Hiroo Maeda"",""Alessandro Plebani"",""Marie-Marthe Tongio"",""Anne Dormoy"",""Daniel Hanau""],""companion_snapshot_path"":""research/mechanisms_antigen/snapshots/MP_deLaSalle1999.txt"",""correction_retraction_check"":""DOI-specific ranked searches and article notice/version areas checked on 2026-09-13; no relevant correction/retraction identified; absence is not certified."",""doi"":""10.1172/JCI5687"",""lane"":""antigen"",""notes"":""Local parsed text is a companion locator; selected Methods and Results inspected. No independent or human review performed. Raw article access succeeded after web-tool access failures."",""pack_path"":""research/mechanisms_antigen/pack.json"",""pmid"":""10074495"",""retrieved_at"":""2026-09-13T19:22:11.726826+00:00"",""snapshot_path"":""research/mechanisms_antigen/snapshots/MP_deLaSalle1999.html"",""source_dependencies"":{""research/mechanisms_antigen/snapshots/MP_deLaSalle1999.html"":""ad1c589296cb98baaffa912f88d3a9efef2a2e59add69100a9114dc62c65b3c3"",""research/mechanisms_antigen/snapshots/MP_deLaSalle1999.txt"":""574042688451e4a399fe15c648d5b863391f2a09d4c6054d6b58e7a8aafd002c""},""source_id"":""MP_S002"",""source_type"":""primary_study"",""species"":""Homo sapiens"",""title"":""HLA class I deficiencies due to mutations in subunit 1 of the peptide transporter TAP1"",""url"":""https://www.jci.org/articles/view/5687"",""version"":""Publisher version 1, 1999-03-01"",""year"":1999}"
MP_S003,Asymptomatic deficiency in the peptide transporter associated to antigen processing (TAP),10.1046/j.1365-2249.2002.01862.x,https://pmc.ncbi.nlm.nih.gov/articles/PMC1906261/,full_text_methods_results_inspected,antigen,[],"{""research/mechanisms_antigen/snapshots/MP_deLaSalle2002.html"":""205b7a1f5b3f73fcf77d3d759fb50d8d1e70837113638bd16ece112113ebc2bc"",""research/mechanisms_antigen/snapshots/MP_deLaSalle2002.txt"":""c82cd173b053073a0f104823bc1236ecb15c2913c7a6dadb57982f6a38231642""}","{""access_level"":""full_text_methods_results_inspected"",""additional_snapshot_paths"":[""research/mechanisms_antigen/snapshots/MP_deLaSalle2002.txt""],""authors"":[""H DE LA SALLE"",""X SAULQUIN"",""I MANSOUR"",""S KLAYMÉ"",""D FRICKER"",""J ZIMMER"",""J-P CAZENAVE"",""D HANAU"",""M BONNEVILLE"",""E HOUSSAINT"",""G LEFRANC"",""R NAMAN""],""companion_snapshot_path"":""research/mechanisms_antigen/snapshots/MP_deLaSalle2002.txt"",""correction_retraction_check"":""DOI-specific ranked searches and article notice/version areas checked on 2026-09-13; no relevant correction/retraction identified; absence is not certified."",""doi"":""10.1046/j.1365-2249.2002.01862.x"",""lane"":""antigen"",""notes"":""Local parsed text is a companion locator; selected Methods and Results inspected. No independent or human review performed. Raw article access succeeded after web-tool access failures."",""pack_path"":""research/mechanisms_antigen/pack.json"",""pmid"":""12067308"",""retrieved_at"":""2026-09-13T19:22:11.054723+00:00"",""snapshot_path"":""research/mechanisms_antigen/snapshots/MP_deLaSalle2002.html"",""source_dependencies"":{""research/mechanisms_antigen/snapshots/MP_deLaSalle2002.html"":""205b7a1f5b3f73fcf77d3d759fb50d8d1e70837113638bd16ece112113ebc2bc"",""research/mechanisms_antigen/snapshots/MP_deLaSalle2002.txt"":""c82cd173b053073a0f104823bc1236ecb15c2913c7a6dadb57982f6a38231642""},""source_id"":""MP_S003"",""source_type"":""primary_study"",""species"":""Homo sapiens; nonhuman primate COS cells in separate antigen assignment assay"",""title"":""Asymptomatic deficiency in the peptide transporter associated to antigen processing (TAP)"",""url"":""https://pmc.ncbi.nlm.nih.gov/articles/PMC1906261/"",""version"":""PMC full text of published article"",""year"":2002}"
MP_S004,Maturation of Dendritic Cells Is Accompanied by Rapid Transcriptional Silencing of Class II Transactivator (Ciita) Expression,10.1084/jem.194.4.379,https://pmc.ncbi.nlm.nih.gov/articles/PMC2193505/,full_text_methods_results_inspected,antigen,[],"{""research/mechanisms_antigen/snapshots/MP_Landmann2001.html"":""5fe14728208db35b80e05129195732c8ae7ab84c0803d36a5ff6384f34924ecd"",""research/mechanisms_antigen/snapshots/MP_Landmann2001.txt"":""c2d32ec398e3f86baf5293dedc860da80c45c6112dec35285a3595d08c9c8e18""}","{""access_level"":""full_text_methods_results_inspected"",""additional_snapshot_paths"":[""research/mechanisms_antigen/snapshots/MP_Landmann2001.txt""],""authors"":[""Salomé Landmann"",""Annick Mühlethaler-Mottet"",""Luca Bernasconi"",""Tobias Suter"",""Jean-Marc Waldburger"",""Krzysztof Masternak"",""Jean-François Arrighi"",""Conrad Hauser"",""Adriano Fontana"",""Walter Reith""],""companion_snapshot_path"":""research/mechanisms_antigen/snapshots/MP_Landmann2001.txt"",""correction_retraction_check"":""DOI-specific ranked searches and article notice/version areas checked on 2026-09-13; no relevant correction/retraction identified; absence is not certified."",""doi"":""10.1084/jem.194.4.379"",""lane"":""antigen"",""notes"":""Local parsed text is a companion locator; selected Methods and Results inspected. No independent or human review performed. Raw article access succeeded after web-tool access failures."",""pack_path"":""research/mechanisms_antigen/pack.json"",""pmid"":""11514596"",""retrieved_at"":""2026-09-13T19:22:11.140837+00:00"",""snapshot_path"":""research/mechanisms_antigen/snapshots/MP_Landmann2001.html"",""source_dependencies"":{""research/mechanisms_antigen/snapshots/MP_Landmann2001.html"":""5fe14728208db35b80e05129195732c8ae7ab84c0803d36a5ff6384f34924ecd"",""research/mechanisms_antigen/snapshots/MP_Landmann2001.txt"":""c2d32ec398e3f86baf5293dedc860da80c45c6112dec35285a3595d08c9c8e18""},""source_id"":""MP_S004"",""source_type"":""primary_study"",""species"":""Homo sapiens; Mus musculus experiments separate"",""title"":""Maturation of Dendritic Cells Is Accompanied by Rapid Transcriptional Silencing of Class II Transactivator (Ciita) Expression"",""url"":""https://pmc.ncbi.nlm.nih.gov/articles/PMC2193505/"",""version"":""PMC full text of published article"",""year"":2001}"
MP_S005,ERAP1 Controls the Autoimmune Response against Melanocytes in Psoriasis by Generating the Melanocyte Autoantigen and Regulating its Amount for HLA-C*06:02 Presentation,10.4049/jimmunol.2100686,https://pmc.ncbi.nlm.nih.gov/articles/PMC7611875/,full_text_methods_results_inspected,antigen,[],"{""research/mechanisms_antigen/snapshots/MP_ERAP2021.html"":""0bb28cc238a1c41dacbe730f991af3919701262fdb66f413134cecdca4d85067"",""research/mechanisms_antigen/snapshots/MP_ERAP2021.txt"":""4123c908d62f13e1cf2a6a1ef449f8dc487f70a8c2f440acb061d35e86b8e3fd""}","{""access_level"":""full_text_methods_results_inspected"",""additional_snapshot_paths"":[""research/mechanisms_antigen/snapshots/MP_ERAP2021.txt""],""authors"":[""Akiko Arakawa"",""Emma Reeves"",""Sigrid Vollmer"",""Yukiyasu Arakawa"",""Mengwen He"",""Adrian Galinski"",""Julia Stöhr"",""Klaus Dornmair"",""Edward James"",""Jörg C Prinz""],""companion_snapshot_path"":""research/mechanisms_antigen/snapshots/MP_ERAP2021.txt"",""correction_retraction_check"":""DOI-specific ranked searches and article notice/version areas checked on 2026-09-13; no relevant correction/retraction identified; absence is not certified."",""doi"":""10.4049/jimmunol.2100686"",""lane"":""antigen"",""notes"":""Local parsed text is a companion locator; selected Methods and Results inspected. No independent or human review performed. Raw article access succeeded after web-tool access failures."",""pack_path"":""research/mechanisms_antigen/pack.json"",""pmid"":""34580106"",""retrieved_at"":""2026-09-13T19:22:11.109757+00:00"",""snapshot_path"":""research/mechanisms_antigen/snapshots/MP_ERAP2021.html"",""source_dependencies"":{""research/mechanisms_antigen/snapshots/MP_ERAP2021.html"":""0bb28cc238a1c41dacbe730f991af3919701262fdb66f413134cecdca4d85067"",""research/mechanisms_antigen/snapshots/MP_ERAP2021.txt"":""4123c908d62f13e1cf2a6a1ef449f8dc487f70a8c2f440acb061d35e86b8e3fd""},""source_id"":""MP_S005"",""source_type"":""primary_study"",""species"":""Homo sapiens target cells and recombinant ERAP1; Mus musculus T-hybridoma recipient"",""title"":""ERAP1 Controls the Autoimmune Response against Melanocytes in Psoriasis by Generating the Melanocyte Autoantigen and Regulating its Amount for HLA-C*06:02 Presentation"",""url"":""https://pmc.ncbi.nlm.nih.gov/articles/PMC7611875/"",""version"":""PMC author manuscript; EMS133687; final article 2021-09-27"",""year"":2021}"
MP_S006,Enabling next-generation engineered TCR-T therapies based on high-throughput TCR discovery from diagnostic tumor biopsies,10.1038/s41467-024-55420-6,https://www.nature.com/articles/s41467-024-55420-6,full_text_methods_results_inspected,antigen,[],"{""research/mechanisms_antigen/snapshots/MP_Kuilman2025.html"":""f27872f9a76a1b9e563227650cb9056ce16e7fc9d92e7ab525b0fb02742ad3fd"",""research/mechanisms_antigen/snapshots/MP_Kuilman2025.txt"":""fdd0b46423db72ea6e9c6cf85669e66c1b3bd792906283576d269e5bbc6c8fd1"",""research/mechanisms_antigen/snapshots/MP_Kuilman2025_supplement.pdf"":""4019919e28d05cb62cd5b6dedfa2eacee186be3c706a448786424538586789e7"",""research/mechanisms_antigen/snapshots/MP_Kuilman2025_supplement.txt"":""4a5518c14bb9165bb3f40e6034dbd4ced51aaba2ffd1d717571ab97bd72fada6"",""research/mechanisms_antigen/snapshots/MP_Kuilman2025_supplement_p12.png"":""e5610d9d748c4f5357dcaa9a8895a6b1d42b23b3e8ff4682e1b3ac1962dd0b22"",""research/mechanisms_antigen/snapshots/MP_Kuilman2025_supplement_p8.png"":""80b722f685639d91ab2770b8fd62f2993e5602f27fee34f3376bebf738f903b3""}","{""access_level"":""full_text_methods_results_inspected"",""additional_snapshot_paths"":[""research/mechanisms_antigen/snapshots/MP_Kuilman2025.txt"",""research/mechanisms_antigen/snapshots/MP_Kuilman2025_supplement.pdf"",""research/mechanisms_antigen/snapshots/MP_Kuilman2025_supplement.txt"",""research/mechanisms_antigen/snapshots/MP_Kuilman2025_supplement_p8.png"",""research/mechanisms_antigen/snapshots/MP_Kuilman2025_supplement_p12.png""],""additional_snapshots"":[""research/mechanisms_antigen/snapshots/MP_Kuilman2025_supplement.pdf"",""research/mechanisms_antigen/snapshots/MP_Kuilman2025_supplement.txt"",""research/mechanisms_antigen/snapshots/MP_Kuilman2025_supplement_p8.png"",""research/mechanisms_antigen/snapshots/MP_Kuilman2025_supplement_p12.png""],""authors"":[""Kuilman, Thomas"",""Schrikkema, Deborah S."",""Gadiot, Jules"",""Gomez-Eerland, Raquel"",""Bies, Laura"",""Walker, Julia"",""Spaapen, Robbert M."",""Kok, Hanna"",""Houg, Demi"",""Viyacheva, Milena"",""Claassen, Yvonne B."",""Saornil, Manuel"",""Krijgsman, Oscar"",""Stringer, Bas"",""Ding, Huiwen"",""Geleijnse, Anou"",""Meinema, Anne C."",""Weissbrich, Bianca"",""Lancee, Melissa"",""Engele, Carmen G."",""Sabatino, Marianna"",""Chen, Pei-Ling"",""Tsai, Kenneth Y."",""Mulé, James J."",""Sondak, Vernon K."",""van den Bulk, Jitske"",""de Miranda, Noel F."",""Jedema, Inge"",""Haanen, John G."",""van Heijst, Jeroen W. J."",""Schumacher, Ton N."",""Linnemann, Carsten"",""Bendle, Gavin M.""],""companion_snapshot_path"":""research/mechanisms_antigen/snapshots/MP_Kuilman2025.txt"",""correction_retraction_check"":""DOI-specific ranked searches and article notice/version areas checked on 2026-09-13; no relevant correction/retraction identified; absence is not certified."",""doi"":""10.1038/s41467-024-55420-6"",""lane"":""antigen"",""notes"":""Local parsed text is a companion locator; selected Methods and Results inspected. No independent or human review performed. Raw article access succeeded after web-tool access failures."",""pack_path"":""research/mechanisms_antigen/pack.json"",""pmid"":""39809767"",""retrieved_at"":""2026-09-13T19:22:14.716442+00:00"",""snapshot_path"":""research/mechanisms_antigen/snapshots/MP_Kuilman2025.html"",""source_dependencies"":{""research/mechanisms_antigen/snapshots/MP_Kuilman2025.html"":""f27872f9a76a1b9e563227650cb9056ce16e7fc9d92e7ab525b0fb02742ad3fd"",""research/mechanisms_antigen/snapshots/MP_Kuilman2025.txt"":""fdd0b46423db72ea6e9c6cf85669e66c1b3bd792906283576d269e5bbc6c8fd1"",""research/mechanisms_antigen/snapshots/MP_Kuilman2025_supplement.pdf"":""4019919e28d05cb62cd5b6dedfa2eacee186be3c706a448786424538586789e7"",""research/mechanisms_antigen/snapshots/MP_Kuilman2025_supplement.txt"":""4a5518c14bb9165bb3f40e6034dbd4ced51aaba2ffd1d717571ab97bd72fada6"",""research/mechanisms_antigen/snapshots/MP_Kuilman2025_supplement_p12.png"":""e5610d9d748c4f5357dcaa9a8895a6b1d42b23b3e8ff4682e1b3ac1962dd0b22"",""research/mechanisms_antigen/snapshots/MP_Kuilman2025_supplement_p8.png"":""80b722f685639d91ab2770b8fd62f2993e5602f27fee34f3376bebf738f903b3""},""source_id"":""MP_S006"",""source_type"":""primary_study"",""species"":""Homo sapiens B-cell and Jurkat hosts; engineered TCR constant domains are murine"",""title"":""Enabling next-generation engineered TCR-T therapies based on high-throughput TCR discovery from diagnostic tumor biopsies"",""url"":""https://www.nature.com/articles/s41467-024-55420-6"",""version"":""Publisher article 2025-01-14; supplementary information MOESM1"",""year"":2025}"
MP_S007,B Cells Can Trigger the T-Cell-Mediated Autoimmune Response Against Melanocytes in Psoriasis,10.3390/cells14242002,https://pmc.ncbi.nlm.nih.gov/articles/PMC12732238/,full_text_methods_results_inspected,antigen,[],"{""research/mechanisms_antigen/snapshots/MP_He2025.html"":""6c2321c449829422d897a29270aa063e6c84913e53d0313809341aa0a39cc4ea"",""research/mechanisms_antigen/snapshots/MP_He2025.txt"":""834a66a8301fd84d67ced862b4e1aef186e3d02e7a80b9179250f8598212d907""}","{""access_level"":""full_text_methods_results_inspected"",""additional_snapshot_paths"":[""research/mechanisms_antigen/snapshots/MP_He2025.txt""],""authors"":[""Mengwen He"",""Melissa Bernhardt"",""Akiko Arakawa"",""Song-Min Kim"",""Sigrid Vollmer"",""Burkard Summer"",""Yukiyasu Arakawa"",""Tatsushi Ishimoto"",""Andreas Schlosser"",""Jörg Christoph Prinz""],""companion_snapshot_path"":""research/mechanisms_antigen/snapshots/MP_He2025.txt"",""correction_retraction_check"":""DOI-specific ranked searches and article notice/version areas checked on 2026-09-13; no relevant correction/retraction identified; absence is not certified."",""doi"":""10.3390/cells14242002"",""lane"":""antigen"",""notes"":""Local parsed text is a companion locator; selected Methods and Results inspected. No independent or human review performed. Raw article access succeeded after web-tool access failures. The published Methods contain HG00131/HG00313 and 1%-FDR/0.1-filename inconsistencies. No raw immunopeptidomics reanalysis performed."",""pack_path"":""research/mechanisms_antigen/pack.json"",""pmid"":""41440022"",""retrieved_at"":""2026-09-13T19:22:11.586488+00:00"",""snapshot_path"":""research/mechanisms_antigen/snapshots/MP_He2025.html"",""source_dependencies"":{""research/mechanisms_antigen/snapshots/MP_He2025.html"":""6c2321c449829422d897a29270aa063e6c84913e53d0313809341aa0a39cc4ea"",""research/mechanisms_antigen/snapshots/MP_He2025.txt"":""834a66a8301fd84d67ced862b4e1aef186e3d02e7a80b9179250f8598212d907""},""source_id"":""MP_S007"",""source_type"":""primary_study"",""species"":""Homo sapiens primary B cells/PBMCs and cell lines; mouse T-hybridoma recipient in reporter assays"",""title"":""B Cells Can Trigger the T-Cell-Mediated Autoimmune Response Against Melanocytes in Psoriasis"",""url"":""https://pmc.ncbi.nlm.nih.gov/articles/PMC12732238/"",""version"":""PMC full text of published article 2025-12-16"",""year"":2025}"
