candidate_id,query_id,title,doi,decision,reason,lane,payload
MA-C01,MA-Q02,AP-1 activity induced by co-stimulation is required for chromatin opening during T cell activation,10.1084/jem.20182009,include,Primary human Methods and Results inspected; narrow molecular/function extraction with context and limitations.,activation,"{""candidate_id"":""MA-C01"",""citation_chain"":""unavailable"",""correction_retraction_check"":""Selected source: see pack sources; other candidate: not individually cleared."",""decision"":""include"",""doi"":""10.1084/jem.20182009"",""lane"":""activation"",""pmid"":""31653690"",""query_id"":""MA-Q02"",""query_id_attribution"":""Batched search occurrence; exact originating subquery/rank unavailable."",""reason"":""Primary human Methods and Results inspected; narrow molecular/function extraction with context and limitations."",""screened_at"":""2026-09-13"",""source_id"":""MA-S01"",""title"":""AP-1 activity induced by co-stimulation is required for chromatin opening during T cell activation"",""unique_paper_id"":""10.1084/jem.20182009"",""url"":""https://pmc.ncbi.nlm.nih.gov/articles/PMC7037242/""}"
MA-C02,MA-Q02,Differentiating the roles of STAT5B and STAT5A in human CD4+ T cells,10.1016/j.clim.2013.04.014,include,Primary human Methods and Results inspected; narrow molecular/function extraction with context and limitations.,activation,"{""candidate_id"":""MA-C02"",""citation_chain"":""unavailable"",""correction_retraction_check"":""Selected source: see pack sources; other candidate: not individually cleared."",""decision"":""include"",""doi"":""10.1016/j.clim.2013.04.014"",""lane"":""activation"",""pmid"":""23773921"",""query_id"":""MA-Q02"",""query_id_attribution"":""Batched search occurrence; exact originating subquery/rank unavailable."",""reason"":""Primary human Methods and Results inspected; narrow molecular/function extraction with context and limitations."",""screened_at"":""2026-09-13"",""source_id"":""MA-S02"",""title"":""Differentiating the roles of STAT5B and STAT5A in human CD4+ T cells"",""unique_paper_id"":""10.1016/j.clim.2013.04.014"",""url"":""https://pmc.ncbi.nlm.nih.gov/articles/PMC4169138/""}"
MA-C03,MA-Q03,Functional CRISPR dissection of gene networks controlling human regulatory T cell identity,10.1038/s41590-020-0784-4,include,Primary human Methods and Results inspected; narrow molecular/function extraction with context and limitations.,activation,"{""candidate_id"":""MA-C03"",""citation_chain"":""S04 reference57 also points to S03; not independent evidence."",""correction_retraction_check"":""Selected source: see pack sources; other candidate: not individually cleared."",""decision"":""include"",""doi"":""10.1038/s41590-020-0784-4"",""lane"":""activation"",""pmid"":""32989329"",""query_id"":""MA-Q03"",""query_id_attribution"":""Batched search occurrence; exact originating subquery/rank unavailable."",""reason"":""Primary human Methods and Results inspected; narrow molecular/function extraction with context and limitations."",""screened_at"":""2026-09-13"",""source_id"":""MA-S03"",""title"":""Functional CRISPR dissection of gene networks controlling human regulatory T cell identity"",""unique_paper_id"":""10.1038/s41590-020-0784-4"",""url"":""https://pmc.ncbi.nlm.nih.gov/articles/PMC7577958/""}"
MA-C04,MA-Q02,Fast and Efficient Genome Editing of Human FOXP3+ Regulatory T Cells,10.3389/fimmu.2021.655122,include,Primary human Methods and Results inspected; narrow molecular/function extraction with context and limitations.,activation,"{""candidate_id"":""MA-C04"",""citation_chain"":""unavailable"",""correction_retraction_check"":""Selected source: see pack sources; other candidate: not individually cleared."",""decision"":""include"",""doi"":""10.3389/fimmu.2021.655122"",""lane"":""activation"",""pmid"":""34408743"",""query_id"":""MA-Q02"",""query_id_attribution"":""Batched search occurrence; exact originating subquery/rank unavailable."",""reason"":""Primary human Methods and Results inspected; narrow molecular/function extraction with context and limitations."",""screened_at"":""2026-09-13"",""source_id"":""MA-S04"",""title"":""Fast and Efficient Genome Editing of Human FOXP3+ Regulatory T Cells"",""unique_paper_id"":""10.3389/fimmu.2021.655122"",""url"":""https://www.frontiersin.org/journals/immunology/articles/10.3389/fimmu.2021.655122/full""}"
MA-C05,MA-Q02,IL-2 regulates FOXP3 expression in human CD4+CD25+ regulatory T cells through a STAT-dependent mechanism and induces the expansion of these cells in vivo,10.1182/blood-2006-02-004747,include,Primary human Methods and Results inspected; narrow molecular/function extraction with context and limitations.,activation,"{""candidate_id"":""MA-C05"",""citation_chain"":""unavailable"",""correction_retraction_check"":""Selected source: see pack sources; other candidate: not individually cleared."",""decision"":""include"",""doi"":""10.1182/blood-2006-02-004747"",""lane"":""activation"",""pmid"":""16645171"",""query_id"":""MA-Q02"",""query_id_attribution"":""Batched search occurrence; exact originating subquery/rank unavailable."",""reason"":""Primary human Methods and Results inspected; narrow molecular/function extraction with context and limitations."",""screened_at"":""2026-09-13"",""source_id"":""MA-S05"",""title"":""IL-2 regulates FOXP3 expression in human CD4+CD25+ regulatory T cells through a STAT-dependent mechanism and induces the expansion of these cells in vivo"",""unique_paper_id"":""10.1182/blood-2006-02-004747"",""url"":""https://pmc.ncbi.nlm.nih.gov/articles/PMC1895505/""}"
MA-C06,MA-Q03,Genome-wide CRISPR screen in human T cells reveals regulators of FOXP3,10.1038/s41586-025-08795-5,await_full_text,"Full primary wet-lab Methods/Results inaccessible; public captions and analytical supplement retained, with2 needs_full_text assertions.",activation,"{""candidate_id"":""MA-C06"",""citation_chain"":""unavailable"",""correction_retraction_check"":""Selected source: see pack sources; other candidate: not individually cleared."",""decision"":""await_full_text"",""doi"":""10.1038/s41586-025-08795-5"",""lane"":""activation"",""pmid"":""40140585"",""query_id"":""MA-Q03"",""query_id_attribution"":""Batched search occurrence; exact originating subquery/rank unavailable."",""reason"":""Full primary wet-lab Methods/Results inaccessible; public captions and analytical supplement retained, with2 needs_full_text assertions."",""screened_at"":""2026-09-13"",""source_id"":""MA-S06"",""title"":""Genome-wide CRISPR screen in human T cells reveals regulators of FOXP3"",""unique_paper_id"":""10.1038/s41586-025-08795-5"",""url"":""https://www.nature.com/articles/s41586-025-08795-5""}"
MA-C07,MA-Q07,Negative Feedback Regulation of T Cells via Interleukin-2 and FOXP3 Reciprocity,10.1371/journal.pone.0001581,include,Primary human Methods and Results inspected; narrow molecular/function extraction with context and limitations.,activation,"{""candidate_id"":""MA-C07"",""citation_chain"":""unavailable"",""correction_retraction_check"":""Selected source: see pack sources; other candidate: not individually cleared."",""decision"":""include"",""doi"":""10.1371/journal.pone.0001581"",""lane"":""activation"",""pmid"":""18324310"",""query_id"":""MA-Q07"",""query_id_attribution"":""Batched search occurrence; exact originating subquery/rank unavailable."",""reason"":""Primary human Methods and Results inspected; narrow molecular/function extraction with context and limitations."",""screened_at"":""2026-09-13"",""source_id"":""MA-S07"",""title"":""Negative Feedback Regulation of T Cells via Interleukin-2 and FOXP3 Reciprocity"",""unique_paper_id"":""10.1371/journal.pone.0001581"",""url"":""https://pmc.ncbi.nlm.nih.gov/articles/PMC2265256/""}"
MA-C08,MA-Q02,Signal transducer and activator of transcription5 (STAT5) paralog dose governs T cell effector and regulatory functions,10.7554/eLife.08384,exclude,Mouse mutant Treg experiments in surfaced primary Results; do not substitute for human STAT5 causality.,activation,"{""candidate_id"":""MA-C08"",""citation_chain"":""unavailable"",""correction_retraction_check"":""Selected source: see pack sources; other candidate: not individually cleared."",""decision"":""exclude"",""doi"":""10.7554/eLife.08384"",""lane"":""activation"",""pmid"":""unavailable"",""query_id"":""MA-Q02"",""query_id_attribution"":""Batched search occurrence; exact originating subquery/rank unavailable."",""reason"":""Mouse mutant Treg experiments in surfaced primary Results; do not substitute for human STAT5 causality."",""screened_at"":""2026-09-13"",""source_id"":""unavailable"",""title"":""Signal transducer and activator of transcription5 (STAT5) paralog dose governs T cell effector and regulatory functions"",""unique_paper_id"":""10.7554/eLife.08384"",""url"":""https://pmc.ncbi.nlm.nih.gov/articles/PMC4856466/""}"
MA-C09,MA-Q02,Genomic profiling of T-cell activation suggests increased sensitivity of memory T cells to CD28 costimulation,10.1038/s41435-020-00118-0,await_full_text,Potential naive/memory transportability contrast; no full Methods/Results inspection in this bounded lane.,activation,"{""candidate_id"":""MA-C09"",""citation_chain"":""unavailable"",""correction_retraction_check"":""Selected source: see pack sources; other candidate: not individually cleared."",""decision"":""await_full_text"",""doi"":""10.1038/s41435-020-00118-0"",""lane"":""activation"",""pmid"":""unavailable"",""query_id"":""MA-Q02"",""query_id_attribution"":""Batched search occurrence; exact originating subquery/rank unavailable."",""reason"":""Potential naive/memory transportability contrast; no full Methods/Results inspection in this bounded lane."",""screened_at"":""2026-09-13"",""source_id"":""unavailable"",""title"":""Genomic profiling of T-cell activation suggests increased sensitivity of memory T cells to CD28 costimulation"",""unique_paper_id"":""10.1038/s41435-020-00118-0"",""url"":""https://www.nature.com/articles/s41435-020-00118-0""}"
MA-C10,MA-Q02,Requirement for Transcription Factor NFAT in Interleukin-2 Expression,unavailable,await_full_text,Jurkat and primary-cell experiments mixed in snippet; primary-cell species/preparation unresolved. No human assertion extracted.,activation,"{""candidate_id"":""MA-C10"",""citation_chain"":""unavailable"",""correction_retraction_check"":""Selected source: see pack sources; other candidate: not individually cleared."",""decision"":""await_full_text"",""doi"":""unavailable"",""lane"":""activation"",""pmid"":""unavailable"",""query_id"":""MA-Q02"",""query_id_attribution"":""Batched search occurrence; exact originating subquery/rank unavailable."",""reason"":""Jurkat and primary-cell experiments mixed in snippet; primary-cell species/preparation unresolved. No human assertion extracted."",""screened_at"":""2026-09-13"",""source_id"":""unavailable"",""title"":""Requirement for Transcription Factor NFAT in Interleukin-2 Expression"",""unique_paper_id"":""https://pmc.ncbi.nlm.nih.gov/articles/PMC84022/"",""url"":""https://pmc.ncbi.nlm.nih.gov/articles/PMC84022/""}"
MA-C11,MA-Q02,STAT5-signaling cytokines regulate the expression of FOXP3 in CD4+CD25+ regulatory T cells and CD4+CD25− effector T cells,unavailable,await_full_text,Potential primary-human FOXP3-without-suppression contrast; abstract only.,activation,"{""candidate_id"":""MA-C11"",""citation_chain"":""unavailable"",""correction_retraction_check"":""Selected source: see pack sources; other candidate: not individually cleared."",""decision"":""await_full_text"",""doi"":""unavailable"",""lane"":""activation"",""pmid"":""unavailable"",""query_id"":""MA-Q02"",""query_id_attribution"":""Batched search occurrence; exact originating subquery/rank unavailable."",""reason"":""Potential primary-human FOXP3-without-suppression contrast; abstract only."",""screened_at"":""2026-09-13"",""source_id"":""unavailable"",""title"":""STAT5-signaling cytokines regulate the expression of FOXP3 in CD4+CD25+ regulatory T cells and CD4+CD25− effector T cells"",""unique_paper_id"":""https://pubmed.ncbi.nlm.nih.gov/18270368/"",""url"":""https://pubmed.ncbi.nlm.nih.gov/18270368/""}"
MA-C12,MA-Q02,Nonredundant roles for Stat5a/b in directly regulating Foxp3,unavailable,exclude,Surfaced experiments are murine thymocytes/splenocytes; outside human mechanism extraction.,activation,"{""candidate_id"":""MA-C12"",""citation_chain"":""unavailable"",""correction_retraction_check"":""Selected source: see pack sources; other candidate: not individually cleared."",""decision"":""exclude"",""doi"":""unavailable"",""lane"":""activation"",""pmid"":""unavailable"",""query_id"":""MA-Q02"",""query_id_attribution"":""Batched search occurrence; exact originating subquery/rank unavailable."",""reason"":""Surfaced experiments are murine thymocytes/splenocytes; outside human mechanism extraction."",""screened_at"":""2026-09-13"",""source_id"":""unavailable"",""title"":""Nonredundant roles for Stat5a/b in directly regulating Foxp3"",""unique_paper_id"":""https://pubmed.ncbi.nlm.nih.gov/17227828/"",""url"":""https://pubmed.ncbi.nlm.nih.gov/17227828/""}"
MA-C13,MA-Q02,"The Jak Inhibitor CP-690,550 Preserves the Function of CD4+CD25brightFoxP3+ Regulatory T Cells and Inhibits Effector T Cells",10.1111/j.1600-6143.2010.03200.x,await_full_text,Potential contrary kinase-inhibitor/function relation; no full Methods/Results inspected.,activation,"{""candidate_id"":""MA-C13"",""citation_chain"":""unavailable"",""correction_retraction_check"":""Selected source: see pack sources; other candidate: not individually cleared."",""decision"":""await_full_text"",""doi"":""10.1111/j.1600-6143.2010.03200.x"",""lane"":""activation"",""pmid"":""unavailable"",""query_id"":""MA-Q02"",""query_id_attribution"":""Batched search occurrence; exact originating subquery/rank unavailable."",""reason"":""Potential contrary kinase-inhibitor/function relation; no full Methods/Results inspected."",""screened_at"":""2026-09-13"",""source_id"":""unavailable"",""title"":""The Jak Inhibitor CP-690,550 Preserves the Function of CD4+CD25brightFoxP3+ Regulatory T Cells and Inhibits Effector T Cells"",""unique_paper_id"":""10.1111/j.1600-6143.2010.03200.x"",""url"":""https://onlinelibrary.wiley.com/doi/full/10.1111/j.1600-6143.2010.03200.x""}"
MA-C14,MA-Q02,Antigen receptor-mediated depletion of FOXP3 in induced regulatory T-lymphocytes via PTPN2 and FOXO1,10.1038/ncomms9576,await_full_text,Strong context-dependent mechanism candidate; model/species and full Methods not resolved during this lane.,activation,"{""candidate_id"":""MA-C14"",""citation_chain"":""unavailable"",""correction_retraction_check"":""Selected source: see pack sources; other candidate: not individually cleared."",""decision"":""await_full_text"",""doi"":""10.1038/ncomms9576"",""lane"":""activation"",""pmid"":""unavailable"",""query_id"":""MA-Q02"",""query_id_attribution"":""Batched search occurrence; exact originating subquery/rank unavailable."",""reason"":""Strong context-dependent mechanism candidate; model/species and full Methods not resolved during this lane."",""screened_at"":""2026-09-13"",""source_id"":""unavailable"",""title"":""Antigen receptor-mediated depletion of FOXP3 in induced regulatory T-lymphocytes via PTPN2 and FOXO1"",""unique_paper_id"":""10.1038/ncomms9576"",""url"":""https://pmc.ncbi.nlm.nih.gov/articles/PMC4633965/""}"
MA-C15,MA-Q02,Upregulation of Foxp3 Expression in Mouse and Human Treg Is IL-2/STAT5 Dependent,10.1196/annals.1375.031,await_full_text,Mouse/human mixture and brief report; not extracted without full study assessment.,activation,"{""candidate_id"":""MA-C15"",""citation_chain"":""unavailable"",""correction_retraction_check"":""Selected source: see pack sources; other candidate: not individually cleared."",""decision"":""await_full_text"",""doi"":""10.1196/annals.1375.031"",""lane"":""activation"",""pmid"":""unavailable"",""query_id"":""MA-Q02"",""query_id_attribution"":""Batched search occurrence; exact originating subquery/rank unavailable."",""reason"":""Mouse/human mixture and brief report; not extracted without full study assessment."",""screened_at"":""2026-09-13"",""source_id"":""unavailable"",""title"":""Upregulation of Foxp3 Expression in Mouse and Human Treg Is IL-2/STAT5 Dependent"",""unique_paper_id"":""10.1196/annals.1375.031"",""url"":""https://nyaspubs.onlinelibrary.wiley.com/doi/10.1196/annals.1375.031""}"
MA-C16,MA-Q02,Low-dose IL-2 expands CD4+ regulatory T cells with a suppressive function in vitro via the STAT5-dep,10.1080/0886022X.2018.1456462,await_full_text,Potential human CKD STAT5 perturbation/function mechanism; not inspected beyond discovery excerpt.,activation,"{""candidate_id"":""MA-C16"",""citation_chain"":""unavailable"",""correction_retraction_check"":""Selected source: see pack sources; other candidate: not individually cleared."",""decision"":""await_full_text"",""doi"":""10.1080/0886022X.2018.1456462"",""lane"":""activation"",""pmid"":""unavailable"",""query_id"":""MA-Q02"",""query_id_attribution"":""Batched search occurrence; exact originating subquery/rank unavailable."",""reason"":""Potential human CKD STAT5 perturbation/function mechanism; not inspected beyond discovery excerpt."",""screened_at"":""2026-09-13"",""source_id"":""unavailable"",""title"":""Low-dose IL-2 expands CD4+ regulatory T cells with a suppressive function in vitro via the STAT5-dep"",""title_fidelity"":""Truncated discovery title retained; canonical full title unavailable."",""unique_paper_id"":""10.1080/0886022X.2018.1456462"",""url"":""https://www.tandfonline.com/doi/pdf/10.1080/0886022X.2018.1456462""}"
MA-C17,MA-Q02,An essential role for the IL-2 receptor in Treg cell function,unavailable,exclude,Mouse conditional genetics in surfaced experiments; not primary human evidence.,activation,"{""candidate_id"":""MA-C17"",""citation_chain"":""unavailable"",""correction_retraction_check"":""Selected source: see pack sources; other candidate: not individually cleared."",""decision"":""exclude"",""doi"":""unavailable"",""lane"":""activation"",""pmid"":""unavailable"",""query_id"":""MA-Q02"",""query_id_attribution"":""Batched search occurrence; exact originating subquery/rank unavailable."",""reason"":""Mouse conditional genetics in surfaced experiments; not primary human evidence."",""screened_at"":""2026-09-13"",""source_id"":""unavailable"",""title"":""An essential role for the IL-2 receptor in Treg cell function"",""unique_paper_id"":""https://www.uab.edu/medicine/rheumatology/images/AS_-_Chinen_et_al_2016.pdf"",""url"":""https://www.uab.edu/medicine/rheumatology/images/AS_-_Chinen_et_al_2016.pdf""}"
MA-C18,MA-Q02,Chromatin conformation dynamics during CD4+ T,unavailable,await_full_text,Preprint/version identity and primary-cell IL2 deletion experiment require full inspection.,activation,"{""candidate_id"":""MA-C18"",""citation_chain"":""unavailable"",""correction_retraction_check"":""Selected source: see pack sources; other candidate: not individually cleared."",""decision"":""await_full_text"",""doi"":""unavailable"",""lane"":""activation"",""pmid"":""unavailable"",""query_id"":""MA-Q02"",""query_id_attribution"":""Batched search occurrence; exact originating subquery/rank unavailable."",""reason"":""Preprint/version identity and primary-cell IL2 deletion experiment require full inspection."",""screened_at"":""2026-09-13"",""source_id"":""unavailable"",""title"":""Chromatin conformation dynamics during CD4+ T"",""title_fidelity"":""Truncated discovery title retained; canonical full title unavailable."",""unique_paper_id"":""https://assets-eu.researchsquare.com/files/rs-2855977/v1_covered_4d3bbc7a-5e96-4618-b489-77da2802521e.pdf"",""url"":""https://assets-eu.researchsquare.com/files/rs-2855977/v1_covered_4d3bbc7a-5e96-4618-b489-77da2802521e.pdf""}"
MA-C19,MA-Q03,Identification of STAT5A and STAT5B Target Genes in Human T Cells,10.1371/journal.pone.0086790,await_full_text,Potential direct-occupancy extension; author/cohort overlap with S02 requires resolution.,activation,"{""candidate_id"":""MA-C19"",""citation_chain"":""unavailable"",""correction_retraction_check"":""Selected source: see pack sources; other candidate: not individually cleared."",""decision"":""await_full_text"",""doi"":""10.1371/journal.pone.0086790"",""lane"":""activation"",""pmid"":""unavailable"",""query_id"":""MA-Q03"",""query_id_attribution"":""Batched search occurrence; exact originating subquery/rank unavailable."",""reason"":""Potential direct-occupancy extension; author/cohort overlap with S02 requires resolution."",""screened_at"":""2026-09-13"",""source_id"":""unavailable"",""title"":""Identification of STAT5A and STAT5B Target Genes in Human T Cells"",""unique_paper_id"":""10.1371/journal.pone.0086790"",""url"":""https://pmc.ncbi.nlm.nih.gov/articles/PMC3907443/""}"
MA-C20,MA-Q03,Systematic discovery and perturbation of regulatory genes in human T cells reveals the architecture of immune networks,unavailable,await_full_text,Broad primary-human gene network resource; exact narrower mediation mechanism not extracted.,activation,"{""candidate_id"":""MA-C20"",""citation_chain"":""unavailable"",""correction_retraction_check"":""Selected source: see pack sources; other candidate: not individually cleared."",""decision"":""await_full_text"",""doi"":""unavailable"",""lane"":""activation"",""pmid"":""unavailable"",""query_id"":""MA-Q03"",""query_id_attribution"":""Batched search occurrence; exact originating subquery/rank unavailable."",""reason"":""Broad primary-human gene network resource; exact narrower mediation mechanism not extracted."",""screened_at"":""2026-09-13"",""source_id"":""unavailable"",""title"":""Systematic discovery and perturbation of regulatory genes in human T cells reveals the architecture of immune networks"",""unique_paper_id"":""https://pmc.ncbi.nlm.nih.gov/articles/PMC10035359/"",""url"":""https://pmc.ncbi.nlm.nih.gov/articles/PMC10035359/""}"
MA-C21,MA-Q05,RASA2 ablation in T cells boosts antigen sensitivity and long-term function,10.1038/s41586-022-05126-w,await_full_text,Useful receptor-proximal genetic/function candidate discovered late; retained for next screen without abstract-derived edges.,activation,"{""candidate_id"":""MA-C21"",""citation_chain"":""unavailable"",""correction_retraction_check"":""Selected source: see pack sources; other candidate: not individually cleared."",""decision"":""await_full_text"",""doi"":""10.1038/s41586-022-05126-w"",""lane"":""activation"",""pmid"":""unavailable"",""query_id"":""MA-Q05"",""query_id_attribution"":""Batched search occurrence; exact originating subquery/rank unavailable."",""reason"":""Useful receptor-proximal genetic/function candidate discovered late; retained for next screen without abstract-derived edges."",""screened_at"":""2026-09-13"",""source_id"":""unavailable"",""title"":""RASA2 ablation in T cells boosts antigen sensitivity and long-term function"",""unique_paper_id"":""10.1038/s41586-022-05126-w"",""url"":""https://www.nature.com/articles/s41586-022-05126-w""}"
MA-C22,MA-Q07,IL-2 and IL-15 Each Mediate De Novo Induction of FOXP3 Expression in Human Tumor Antigen-specific CD8 T Cells,unavailable,await_full_text,Potential CD8 functional context contrast; no full-text extraction.,activation,"{""candidate_id"":""MA-C22"",""citation_chain"":""unavailable"",""correction_retraction_check"":""Selected source: see pack sources; other candidate: not individually cleared."",""decision"":""await_full_text"",""doi"":""unavailable"",""lane"":""activation"",""pmid"":""unavailable"",""query_id"":""MA-Q07"",""query_id_attribution"":""Batched search occurrence; exact originating subquery/rank unavailable."",""reason"":""Potential CD8 functional context contrast; no full-text extraction."",""screened_at"":""2026-09-13"",""source_id"":""unavailable"",""title"":""IL-2 and IL-15 Each Mediate De Novo Induction of FOXP3 Expression in Human Tumor Antigen-specific CD8 T Cells"",""unique_paper_id"":""https://pmc.ncbi.nlm.nih.gov/articles/PMC2174606/"",""url"":""https://pmc.ncbi.nlm.nih.gov/articles/PMC2174606/""}"
MA-C23,MA-Q08,NEGATIVE FEEDBACK REGULATION OF T CELLS: INTERLEUKIN2 AND FOXP3 RECIPROCITY (89.8),10.4049/jimmunol.182.Supp.89.8,exclude,Conference abstract by same authors/topic as S07; no independent cohort evidence; not counted as replication.,activation,"{""candidate_id"":""MA-C23"",""citation_chain"":""unavailable"",""correction_retraction_check"":""Selected source: see pack sources; other candidate: not individually cleared."",""decision"":""exclude"",""doi"":""10.4049/jimmunol.182.Supp.89.8"",""lane"":""activation"",""pmid"":""unavailable"",""query_id"":""MA-Q08"",""query_id_attribution"":""Batched search occurrence; exact originating subquery/rank unavailable."",""reason"":""Conference abstract by same authors/topic as S07; no independent cohort evidence; not counted as replication."",""screened_at"":""2026-09-13"",""source_id"":""unavailable"",""title"":""NEGATIVE FEEDBACK REGULATION OF T CELLS: INTERLEUKIN2 AND FOXP3 RECIPROCITY (89.8)"",""unique_paper_id"":""10.4049/jimmunol.182.Supp.89.8"",""url"":""https://academic.oup.com/jimmunol/article-abstract/182/Supplement_1/89.8/8013984""}"
MA-C24,MA-Q06,Author Correction: Genome-wide CRISPR screen in human T cells reveals regulators of FOXP3,10.1038/s41586-025-09356-6,exclude,"Integrity metadata linked to S06; adds competing-interest disclosure, not an independent mechanistic study.",activation,"{""candidate_id"":""MA-C24"",""citation_chain"":""unavailable"",""correction_retraction_check"":""Selected source: see pack sources; other candidate: not individually cleared."",""decision"":""exclude"",""doi"":""10.1038/s41586-025-09356-6"",""lane"":""activation"",""pmid"":""unavailable"",""query_id"":""MA-Q06"",""query_id_attribution"":""Batched search occurrence; exact originating subquery/rank unavailable."",""reason"":""Integrity metadata linked to S06; adds competing-interest disclosure, not an independent mechanistic study."",""screened_at"":""2026-09-13"",""source_id"":""unavailable"",""title"":""Author Correction: Genome-wide CRISPR screen in human T cells reveals regulators of FOXP3"",""unique_paper_id"":""10.1038/s41586-025-09356-6"",""url"":""https://www.nature.com/articles/s41586-025-09356-6""}"
MA-C25,MA-Q03,STAT5B Deficiency: Impacts on Human Growth and Immunity,unavailable,exclude,"Review; discovery only, not an independent experiment.",activation,"{""candidate_id"":""MA-C25"",""citation_chain"":""unavailable"",""correction_retraction_check"":""Selected source: see pack sources; other candidate: not individually cleared."",""decision"":""exclude"",""doi"":""unavailable"",""lane"":""activation"",""pmid"":""unavailable"",""query_id"":""MA-Q03"",""query_id_attribution"":""Batched search occurrence; exact originating subquery/rank unavailable."",""reason"":""Review; discovery only, not an independent experiment."",""screened_at"":""2026-09-13"",""source_id"":""unavailable"",""title"":""STAT5B Deficiency: Impacts on Human Growth and Immunity"",""unique_paper_id"":""https://pmc.ncbi.nlm.nih.gov/articles/PMC4846566/"",""url"":""https://pmc.ncbi.nlm.nih.gov/articles/PMC4846566/""}"
MA-C26,MA-Q03,STAT5A and STAT5B—Twins with Different Personalities in Hematopoiesis and Leukemia,unavailable,exclude,Review; no primary assertion extracted.,activation,"{""candidate_id"":""MA-C26"",""citation_chain"":""unavailable"",""correction_retraction_check"":""Selected source: see pack sources; other candidate: not individually cleared."",""decision"":""exclude"",""doi"":""unavailable"",""lane"":""activation"",""pmid"":""unavailable"",""query_id"":""MA-Q03"",""query_id_attribution"":""Batched search occurrence; exact originating subquery/rank unavailable."",""reason"":""Review; no primary assertion extracted."",""screened_at"":""2026-09-13"",""source_id"":""unavailable"",""title"":""STAT5A and STAT5B—Twins with Different Personalities in Hematopoiesis and Leukemia"",""unique_paper_id"":""https://pmc.ncbi.nlm.nih.gov/articles/PMC6895831/"",""url"":""https://pmc.ncbi.nlm.nih.gov/articles/PMC6895831/""}"
MA-C27,MA-Q08,The molecular mechanisms of regulatory T cell immunosuppression,unavailable,exclude,"Review/interpretive discussion, not primary evidence of a serial human feedback loop.",activation,"{""candidate_id"":""MA-C27"",""citation_chain"":""unavailable"",""correction_retraction_check"":""Selected source: see pack sources; other candidate: not individually cleared."",""decision"":""exclude"",""doi"":""unavailable"",""lane"":""activation"",""pmid"":""unavailable"",""query_id"":""MA-Q08"",""query_id_attribution"":""Batched search occurrence; exact originating subquery/rank unavailable."",""reason"":""Review/interpretive discussion, not primary evidence of a serial human feedback loop."",""screened_at"":""2026-09-13"",""source_id"":""unavailable"",""title"":""The molecular mechanisms of regulatory T cell immunosuppression"",""unique_paper_id"":""https://pmc.ncbi.nlm.nih.gov/articles/PMC3522108/"",""url"":""https://pmc.ncbi.nlm.nih.gov/articles/PMC3522108/""}"
MA-C28,MA-Q08,IL-2 signaling strength dictates T cell biology and therapeutic outcomes in autoimmunity and cancer,unavailable,exclude,Review; no assertion extracted.,activation,"{""candidate_id"":""MA-C28"",""citation_chain"":""unavailable"",""correction_retraction_check"":""Selected source: see pack sources; other candidate: not individually cleared."",""decision"":""exclude"",""doi"":""unavailable"",""lane"":""activation"",""pmid"":""unavailable"",""query_id"":""MA-Q08"",""query_id_attribution"":""Batched search occurrence; exact originating subquery/rank unavailable."",""reason"":""Review; no assertion extracted."",""screened_at"":""2026-09-13"",""source_id"":""unavailable"",""title"":""IL-2 signaling strength dictates T cell biology and therapeutic outcomes in autoimmunity and cancer"",""unique_paper_id"":""https://pmc.ncbi.nlm.nih.gov/articles/PMC11126276/"",""url"":""https://pmc.ncbi.nlm.nih.gov/articles/PMC11126276/""}"
MA-C29,MA-Q03,AP-1 activity induced by co-stimulation is required for chromatin opening during T cell activation,10.1084/jem.20182009,include,Duplicate appearance of same primary paper; does not add independent evidence.,activation,"{""candidate_id"":""MA-C29"",""citation_chain"":""unavailable"",""correction_retraction_check"":""Selected source: see pack sources; other candidate: not individually cleared."",""decision"":""include"",""doi"":""10.1084/jem.20182009"",""lane"":""activation"",""pmid"":""31653690"",""query_id"":""MA-Q03"",""query_id_attribution"":""Batched search occurrence; exact originating subquery/rank unavailable."",""reason"":""Duplicate appearance of same primary paper; does not add independent evidence."",""screened_at"":""2026-09-13"",""source_id"":""MA-S01"",""title"":""AP-1 activity induced by co-stimulation is required for chromatin opening during T cell activation"",""unique_paper_id"":""10.1084/jem.20182009"",""url"":""https://pmc.ncbi.nlm.nih.gov/articles/PMC7037242/""}"
MA-C30,MA-Q03,Differentiating the roles of STAT5B and STAT5A in human CD4+ T cells,10.1016/j.clim.2013.04.014,include,Duplicate appearance of same primary paper; does not add independent evidence.,activation,"{""candidate_id"":""MA-C30"",""citation_chain"":""unavailable"",""correction_retraction_check"":""Selected source: see pack sources; other candidate: not individually cleared."",""decision"":""include"",""doi"":""10.1016/j.clim.2013.04.014"",""lane"":""activation"",""pmid"":""23773921"",""query_id"":""MA-Q03"",""query_id_attribution"":""Batched search occurrence; exact originating subquery/rank unavailable."",""reason"":""Duplicate appearance of same primary paper; does not add independent evidence."",""screened_at"":""2026-09-13"",""source_id"":""MA-S02"",""title"":""Differentiating the roles of STAT5B and STAT5A in human CD4+ T cells"",""unique_paper_id"":""10.1016/j.clim.2013.04.014"",""url"":""https://pmc.ncbi.nlm.nih.gov/articles/PMC4169138/""}"
MA-C31,MA-Q04,Functional CRISPR dissection of gene networks controlling human regulatory T cell identity,10.1038/s41590-020-0784-4,include,Duplicate appearance of same primary paper; does not add independent evidence.,activation,"{""candidate_id"":""MA-C31"",""citation_chain"":""unavailable"",""correction_retraction_check"":""Selected source: see pack sources; other candidate: not individually cleared."",""decision"":""include"",""doi"":""10.1038/s41590-020-0784-4"",""lane"":""activation"",""pmid"":""32989329"",""query_id"":""MA-Q04"",""query_id_attribution"":""Batched search occurrence; exact originating subquery/rank unavailable."",""reason"":""Duplicate appearance of same primary paper; does not add independent evidence."",""screened_at"":""2026-09-13"",""source_id"":""MA-S03"",""title"":""Functional CRISPR dissection of gene networks controlling human regulatory T cell identity"",""unique_paper_id"":""10.1038/s41590-020-0784-4"",""url"":""https://pmc.ncbi.nlm.nih.gov/articles/PMC7577958/""}"
MA-C32,MA-Q04,Fast and Efficient Genome Editing of Human FOXP3+ Regulatory T Cells,10.3389/fimmu.2021.655122,include,Duplicate appearance of same primary paper; does not add independent evidence.,activation,"{""candidate_id"":""MA-C32"",""citation_chain"":""unavailable"",""correction_retraction_check"":""Selected source: see pack sources; other candidate: not individually cleared."",""decision"":""include"",""doi"":""10.3389/fimmu.2021.655122"",""lane"":""activation"",""pmid"":""34408743"",""query_id"":""MA-Q04"",""query_id_attribution"":""Batched search occurrence; exact originating subquery/rank unavailable."",""reason"":""Duplicate appearance of same primary paper; does not add independent evidence."",""screened_at"":""2026-09-13"",""source_id"":""MA-S04"",""title"":""Fast and Efficient Genome Editing of Human FOXP3+ Regulatory T Cells"",""unique_paper_id"":""10.3389/fimmu.2021.655122"",""url"":""https://www.frontiersin.org/journals/immunology/articles/10.3389/fimmu.2021.655122/full""}"
MA-C33,MA-Q04,Genome-wide CRISPR screen in human T cells reveals regulators of FOXP3,10.1038/s41586-025-08795-5,await_full_text,Duplicate appearance of same primary paper; does not add independent evidence.,activation,"{""candidate_id"":""MA-C33"",""citation_chain"":""unavailable"",""correction_retraction_check"":""Selected source: see pack sources; other candidate: not individually cleared."",""decision"":""await_full_text"",""doi"":""10.1038/s41586-025-08795-5"",""lane"":""activation"",""pmid"":""40140585"",""query_id"":""MA-Q04"",""query_id_attribution"":""Batched search occurrence; exact originating subquery/rank unavailable."",""reason"":""Duplicate appearance of same primary paper; does not add independent evidence."",""screened_at"":""2026-09-13"",""source_id"":""MA-S06"",""title"":""Genome-wide CRISPR screen in human T cells reveals regulators of FOXP3"",""unique_paper_id"":""10.1038/s41586-025-08795-5"",""url"":""https://www.nature.com/articles/s41586-025-08795-5""}"
MA-C34,MA-Q05,AP-1 activity induced by co-stimulation is required for chromatin opening during T cell activation,10.1084/jem.20182009,include,Duplicate appearance of same primary paper; does not add independent evidence.,activation,"{""candidate_id"":""MA-C34"",""citation_chain"":""unavailable"",""correction_retraction_check"":""Selected source: see pack sources; other candidate: not individually cleared."",""decision"":""include"",""doi"":""10.1084/jem.20182009"",""lane"":""activation"",""pmid"":""31653690"",""query_id"":""MA-Q05"",""query_id_attribution"":""Batched search occurrence; exact originating subquery/rank unavailable."",""reason"":""Duplicate appearance of same primary paper; does not add independent evidence."",""screened_at"":""2026-09-13"",""source_id"":""MA-S01"",""title"":""AP-1 activity induced by co-stimulation is required for chromatin opening during T cell activation"",""unique_paper_id"":""10.1084/jem.20182009"",""url"":""https://pmc.ncbi.nlm.nih.gov/articles/PMC7037242/""}"
MA-C35,MA-Q05,Functional CRISPR dissection of gene networks controlling human regulatory T cell identity,10.1038/s41590-020-0784-4,include,Duplicate appearance of same primary paper; does not add independent evidence.,activation,"{""candidate_id"":""MA-C35"",""citation_chain"":""unavailable"",""correction_retraction_check"":""Selected source: see pack sources; other candidate: not individually cleared."",""decision"":""include"",""doi"":""10.1038/s41590-020-0784-4"",""lane"":""activation"",""pmid"":""32989329"",""query_id"":""MA-Q05"",""query_id_attribution"":""Batched search occurrence; exact originating subquery/rank unavailable."",""reason"":""Duplicate appearance of same primary paper; does not add independent evidence."",""screened_at"":""2026-09-13"",""source_id"":""MA-S03"",""title"":""Functional CRISPR dissection of gene networks controlling human regulatory T cell identity"",""unique_paper_id"":""10.1038/s41590-020-0784-4"",""url"":""https://pmc.ncbi.nlm.nih.gov/articles/PMC7577958/""}"
MA-C36,MA-Q05,Fast and Efficient Genome Editing of Human FOXP3+ Regulatory T Cells,10.3389/fimmu.2021.655122,include,Duplicate appearance of same primary paper; does not add independent evidence.,activation,"{""candidate_id"":""MA-C36"",""citation_chain"":""unavailable"",""correction_retraction_check"":""Selected source: see pack sources; other candidate: not individually cleared."",""decision"":""include"",""doi"":""10.3389/fimmu.2021.655122"",""lane"":""activation"",""pmid"":""34408743"",""query_id"":""MA-Q05"",""query_id_attribution"":""Batched search occurrence; exact originating subquery/rank unavailable."",""reason"":""Duplicate appearance of same primary paper; does not add independent evidence."",""screened_at"":""2026-09-13"",""source_id"":""MA-S04"",""title"":""Fast and Efficient Genome Editing of Human FOXP3+ Regulatory T Cells"",""unique_paper_id"":""10.3389/fimmu.2021.655122"",""url"":""https://www.frontiersin.org/journals/immunology/articles/10.3389/fimmu.2021.655122/full""}"
MA-C37,MA-Q05,Genome-wide CRISPR screen in human T cells reveals regulators of FOXP3,10.1038/s41586-025-08795-5,await_full_text,Duplicate appearance of same primary paper; does not add independent evidence.,activation,"{""candidate_id"":""MA-C37"",""citation_chain"":""unavailable"",""correction_retraction_check"":""Selected source: see pack sources; other candidate: not individually cleared."",""decision"":""await_full_text"",""doi"":""10.1038/s41586-025-08795-5"",""lane"":""activation"",""pmid"":""40140585"",""query_id"":""MA-Q05"",""query_id_attribution"":""Batched search occurrence; exact originating subquery/rank unavailable."",""reason"":""Duplicate appearance of same primary paper; does not add independent evidence."",""screened_at"":""2026-09-13"",""source_id"":""MA-S06"",""title"":""Genome-wide CRISPR screen in human T cells reveals regulators of FOXP3"",""unique_paper_id"":""10.1038/s41586-025-08795-5"",""url"":""https://www.nature.com/articles/s41586-025-08795-5""}"
MA-C38,MA-Q06,Genome-wide CRISPR screen in human T cells reveals regulators of FOXP3,10.1038/s41586-025-08795-5,await_full_text,Duplicate appearance of same primary paper; does not add independent evidence.,activation,"{""candidate_id"":""MA-C38"",""citation_chain"":""unavailable"",""correction_retraction_check"":""Selected source: see pack sources; other candidate: not individually cleared."",""decision"":""await_full_text"",""doi"":""10.1038/s41586-025-08795-5"",""lane"":""activation"",""pmid"":""40140585"",""query_id"":""MA-Q06"",""query_id_attribution"":""Batched search occurrence; exact originating subquery/rank unavailable."",""reason"":""Duplicate appearance of same primary paper; does not add independent evidence."",""screened_at"":""2026-09-13"",""source_id"":""MA-S06"",""title"":""Genome-wide CRISPR screen in human T cells reveals regulators of FOXP3"",""unique_paper_id"":""10.1038/s41586-025-08795-5"",""url"":""https://www.nature.com/articles/s41586-025-08795-5""}"
MA-C39,MA-Q07,Differentiating the roles of STAT5B and STAT5A in human CD4+ T cells,10.1016/j.clim.2013.04.014,include,Duplicate appearance of same primary paper; does not add independent evidence.,activation,"{""candidate_id"":""MA-C39"",""citation_chain"":""unavailable"",""correction_retraction_check"":""Selected source: see pack sources; other candidate: not individually cleared."",""decision"":""include"",""doi"":""10.1016/j.clim.2013.04.014"",""lane"":""activation"",""pmid"":""23773921"",""query_id"":""MA-Q07"",""query_id_attribution"":""Batched search occurrence; exact originating subquery/rank unavailable."",""reason"":""Duplicate appearance of same primary paper; does not add independent evidence."",""screened_at"":""2026-09-13"",""source_id"":""MA-S02"",""title"":""Differentiating the roles of STAT5B and STAT5A in human CD4+ T cells"",""unique_paper_id"":""10.1016/j.clim.2013.04.014"",""url"":""https://pmc.ncbi.nlm.nih.gov/articles/PMC4169138/""}"
MA-C40,MA-Q07,IL-2 regulates FOXP3 expression in human CD4+CD25+ regulatory T cells through a STAT-dependent mechanism and induces the expansion of these cells in vivo,10.1182/blood-2006-02-004747,include,Duplicate appearance of same primary paper; does not add independent evidence.,activation,"{""candidate_id"":""MA-C40"",""citation_chain"":""unavailable"",""correction_retraction_check"":""Selected source: see pack sources; other candidate: not individually cleared."",""decision"":""include"",""doi"":""10.1182/blood-2006-02-004747"",""lane"":""activation"",""pmid"":""16645171"",""query_id"":""MA-Q07"",""query_id_attribution"":""Batched search occurrence; exact originating subquery/rank unavailable."",""reason"":""Duplicate appearance of same primary paper; does not add independent evidence."",""screened_at"":""2026-09-13"",""source_id"":""MA-S05"",""title"":""IL-2 regulates FOXP3 expression in human CD4+CD25+ regulatory T cells through a STAT-dependent mechanism and induces the expansion of these cells in vivo"",""unique_paper_id"":""10.1182/blood-2006-02-004747"",""url"":""https://pmc.ncbi.nlm.nih.gov/articles/PMC1895505/""}"
MA-C41,MA-Q08,Negative Feedback Regulation of T Cells via Interleukin-2 and FOXP3 Reciprocity,10.1371/journal.pone.0001581,include,Duplicate appearance of same primary paper; does not add independent evidence.,activation,"{""candidate_id"":""MA-C41"",""citation_chain"":""unavailable"",""correction_retraction_check"":""Selected source: see pack sources; other candidate: not individually cleared."",""decision"":""include"",""doi"":""10.1371/journal.pone.0001581"",""lane"":""activation"",""pmid"":""18324310"",""query_id"":""MA-Q08"",""query_id_attribution"":""Batched search occurrence; exact originating subquery/rank unavailable."",""reason"":""Duplicate appearance of same primary paper; does not add independent evidence."",""screened_at"":""2026-09-13"",""source_id"":""MA-S07"",""title"":""Negative Feedback Regulation of T Cells via Interleukin-2 and FOXP3 Reciprocity"",""unique_paper_id"":""10.1371/journal.pone.0001581"",""url"":""https://pmc.ncbi.nlm.nih.gov/articles/PMC2265256/""}"
MA-C42,MA-Q08,Fast and Efficient Genome Editing of Human FOXP3+ Regulatory T Cells,10.3389/fimmu.2021.655122,include,Duplicate appearance of same primary paper; does not add independent evidence.,activation,"{""candidate_id"":""MA-C42"",""citation_chain"":""unavailable"",""correction_retraction_check"":""Selected source: see pack sources; other candidate: not individually cleared."",""decision"":""include"",""doi"":""10.3389/fimmu.2021.655122"",""lane"":""activation"",""pmid"":""34408743"",""query_id"":""MA-Q08"",""query_id_attribution"":""Batched search occurrence; exact originating subquery/rank unavailable."",""reason"":""Duplicate appearance of same primary paper; does not add independent evidence."",""screened_at"":""2026-09-13"",""source_id"":""MA-S04"",""title"":""Fast and Efficient Genome Editing of Human FOXP3+ Regulatory T Cells"",""unique_paper_id"":""10.3389/fimmu.2021.655122"",""url"":""https://www.frontiersin.org/journals/immunology/articles/10.3389/fimmu.2021.655122/full""}"
MA-C43,MA-Q09,AP-1 activity induced by co-stimulation is required for chromatin opening during T cell activation,10.1084/jem.20182009,include,Duplicate appearance of same primary paper; does not add independent evidence.,activation,"{""candidate_id"":""MA-C43"",""citation_chain"":""unavailable"",""correction_retraction_check"":""Selected source: see pack sources; other candidate: not individually cleared."",""decision"":""include"",""doi"":""10.1084/jem.20182009"",""lane"":""activation"",""pmid"":""31653690"",""query_id"":""MA-Q09"",""query_id_attribution"":""Batched search occurrence; exact originating subquery/rank unavailable."",""reason"":""Duplicate appearance of same primary paper; does not add independent evidence."",""screened_at"":""2026-09-13"",""source_id"":""MA-S01"",""title"":""AP-1 activity induced by co-stimulation is required for chromatin opening during T cell activation"",""unique_paper_id"":""10.1084/jem.20182009"",""url"":""https://pmc.ncbi.nlm.nih.gov/articles/PMC7037242/""}"
MA-C44,MA-Q09,Differentiating the roles of STAT5B and STAT5A in human CD4+ T cells,10.1016/j.clim.2013.04.014,include,Duplicate appearance of same primary paper; does not add independent evidence.,activation,"{""candidate_id"":""MA-C44"",""citation_chain"":""unavailable"",""correction_retraction_check"":""Selected source: see pack sources; other candidate: not individually cleared."",""decision"":""include"",""doi"":""10.1016/j.clim.2013.04.014"",""lane"":""activation"",""pmid"":""23773921"",""query_id"":""MA-Q09"",""query_id_attribution"":""Batched search occurrence; exact originating subquery/rank unavailable."",""reason"":""Duplicate appearance of same primary paper; does not add independent evidence."",""screened_at"":""2026-09-13"",""source_id"":""MA-S02"",""title"":""Differentiating the roles of STAT5B and STAT5A in human CD4+ T cells"",""unique_paper_id"":""10.1016/j.clim.2013.04.014"",""url"":""https://pmc.ncbi.nlm.nih.gov/articles/PMC4169138/""}"
MA-C45,MA-Q09,Functional CRISPR dissection of gene networks controlling human regulatory T cell identity,10.1038/s41590-020-0784-4,include,Duplicate appearance of same primary paper; does not add independent evidence.,activation,"{""candidate_id"":""MA-C45"",""citation_chain"":""unavailable"",""correction_retraction_check"":""Selected source: see pack sources; other candidate: not individually cleared."",""decision"":""include"",""doi"":""10.1038/s41590-020-0784-4"",""lane"":""activation"",""pmid"":""32989329"",""query_id"":""MA-Q09"",""query_id_attribution"":""Batched search occurrence; exact originating subquery/rank unavailable."",""reason"":""Duplicate appearance of same primary paper; does not add independent evidence."",""screened_at"":""2026-09-13"",""source_id"":""MA-S03"",""title"":""Functional CRISPR dissection of gene networks controlling human regulatory T cell identity"",""unique_paper_id"":""10.1038/s41590-020-0784-4"",""url"":""https://pmc.ncbi.nlm.nih.gov/articles/PMC7577958/""}"
MA-C46,MA-Q09,Fast and Efficient Genome Editing of Human FOXP3+ Regulatory T Cells,10.3389/fimmu.2021.655122,include,Duplicate appearance of same primary paper; does not add independent evidence.,activation,"{""candidate_id"":""MA-C46"",""citation_chain"":""unavailable"",""correction_retraction_check"":""Selected source: see pack sources; other candidate: not individually cleared."",""decision"":""include"",""doi"":""10.3389/fimmu.2021.655122"",""lane"":""activation"",""pmid"":""34408743"",""query_id"":""MA-Q09"",""query_id_attribution"":""Batched search occurrence; exact originating subquery/rank unavailable."",""reason"":""Duplicate appearance of same primary paper; does not add independent evidence."",""screened_at"":""2026-09-13"",""source_id"":""MA-S04"",""title"":""Fast and Efficient Genome Editing of Human FOXP3+ Regulatory T Cells"",""unique_paper_id"":""10.3389/fimmu.2021.655122"",""url"":""https://www.frontiersin.org/journals/immunology/articles/10.3389/fimmu.2021.655122/full""}"
MGSC01,MGQ11,Human Epistatic Interaction Controls IL7R Splicing and Increases Multiple Sclerosis Risk,10.1016/j.cell.2017.03.007,include,"Inherited anchor; re-extract rescue, timing, primary-cell discordance and blood preparation.",genetic,"{""candidate_id"":""MGSC01"",""decision"":""include"",""doi"":""10.1016/j.cell.2017.03.007"",""lane"":""genetic"",""pmid"":""28340352"",""query_id"":""MGQ11"",""reason"":""Inherited anchor; re-extract rescue, timing, primary-cell discordance and blood preparation."",""source_id"":""MG01"",""title"":""Human Epistatic Interaction Controls IL7R Splicing and Increases Multiple Sclerosis Risk"",""url"":""https://pmc.ncbi.nlm.nih.gov/articles/PMC5456452/""}"
MGSC02,MGQ11,Interleukin 7 receptor alpha chain (IL7R) shows allelic and functional association with multiple sclerosis,10.1038/ng2103,include,Primary PDF Methods/Results now inspected; do not convert RNA predictions into protein.,genetic,"{""candidate_id"":""MGSC02"",""decision"":""include"",""doi"":""10.1038/ng2103"",""lane"":""genetic"",""pmid"":""17660817"",""query_id"":""MGQ11"",""reason"":""Primary PDF Methods/Results now inspected; do not convert RNA predictions into protein."",""source_id"":""MG02"",""title"":""Interleukin 7 receptor alpha chain (IL7R) shows allelic and functional association with multiple sclerosis"",""url"":""https://www.nature.com/articles/ng2103""}"
MGSC03,MGQ11,Context-specific regulation of surface and soluble IL7R expression by an autoimmune risk allele,10.1038/s41467-019-12393-1,include,"Monocyte nulls, paralogue contrast and known eQTL cohort reuse.",genetic,"{""candidate_id"":""MGSC03"",""decision"":""include"",""doi"":""10.1038/s41467-019-12393-1"",""lane"":""genetic"",""pmid"":""31594933"",""query_id"":""MGQ11"",""reason"":""Monocyte nulls, paralogue contrast and known eQTL cohort reuse."",""source_id"":""MG03"",""title"":""Context-specific regulation of surface and soluble IL7R expression by an autoimmune risk allele"",""url"":""https://pmc.ncbi.nlm.nih.gov/articles/PMC6783569/""}"
MGSC04,MGQ02,Mapping the functional impact of non-coding regulatory elements in primary T cells through single-cell CRISPR screens,10.1186/s13059-024-03176-z,include,Primary-cell regulatory intervention with RNA and surface-protein endpoints; broad immune regulation.,genetic,"{""candidate_id"":""MGSC04"",""decision"":""include"",""doi"":""10.1186/s13059-024-03176-z"",""lane"":""genetic"",""pmid"":""38308274"",""query_id"":""MGQ02"",""reason"":""Primary-cell regulatory intervention with RNA and surface-protein endpoints; broad immune regulation."",""source_id"":""MG04"",""title"":""Mapping the functional impact of non-coding regulatory elements in primary T cells through single-cell CRISPR screens"",""url"":""https://link.springer.com/article/10.1186/s13059-024-03176-z""}"
MGSC05,MGQ01,A disease-associated gene desert directs macrophage inflammation through ETS2,10.1038/s41586-024-07501-1,include,Access subsequently resolved via parent-retrieved full primary PMC HTML; relevant Methods/Results inspected and four narrow assertions extracted. Original failed-access screening preserved in initial fields.,genetic,"{""candidate_id"":""MGSC05"",""decision"":""include"",""doi"":""10.1038/s41586-024-07501-1"",""initial_decision"":""await_full_text"",""initial_reason"":""Search discovery; full-text routes failed, no mechanism assertion extracted."",""lane"":""genetic"",""pmid"":""38839969"",""query_id"":""MGQ01"",""reason"":""Access subsequently resolved via parent-retrieved full primary PMC HTML; relevant Methods/Results inspected and four narrow assertions extracted. Original failed-access screening preserved in initial fields."",""source_id"":""MG05"",""title"":""A disease-associated gene desert directs macrophage inflammation through ETS2"",""url"":""https://www.nature.com/articles/s41586-024-07501-1""}"
MGSC06,MGQ05,A disease-associated gene desert directs macrophage inflammation through ETS2,10.1038/s41586-024-07501-1,include,Access subsequently resolved via parent-retrieved full primary PMC HTML; relevant Methods/Results inspected and four narrow assertions extracted. Original failed-access screening preserved in initial fields.,genetic,"{""candidate_id"":""MGSC06"",""decision"":""include"",""doi"":""10.1038/s41586-024-07501-1"",""initial_decision"":""await_full_text"",""initial_reason"":""Repeat ranked-search appearance of same DOI; no independent paper."",""lane"":""genetic"",""pmid"":""38839969"",""query_id"":""MGQ05"",""reason"":""Access subsequently resolved via parent-retrieved full primary PMC HTML; relevant Methods/Results inspected and four narrow assertions extracted. Original failed-access screening preserved in initial fields."",""source_id"":""MG05"",""title"":""A disease-associated gene desert directs macrophage inflammation through ETS2"",""url"":""https://www.nature.com/articles/s41586-024-07501-1""}"
MGSC07,MGQ06,Mapping the functional impact of non-coding regulatory elements in primary T cells through single-cell CRISPR screens,10.1186/s13059-024-03176-z,include,Repeat appearance confirms protein-readout relevance; same paper.,genetic,"{""candidate_id"":""MGSC07"",""decision"":""include"",""doi"":""10.1186/s13059-024-03176-z"",""lane"":""genetic"",""pmid"":""38308274"",""query_id"":""MGQ06"",""reason"":""Repeat appearance confirms protein-readout relevance; same paper."",""source_id"":""MG04"",""title"":""Mapping the functional impact of non-coding regulatory elements in primary T cells through single-cell CRISPR screens"",""url"":""https://link.springer.com/article/10.1186/s13059-024-03176-z""}"
MGSC08,MGQ03,Human Epistatic Interaction Controls IL7R Splicing and Increases Multiple Sclerosis Risk,10.1016/j.cell.2017.03.007,include,Correction/retraction check; no matching related notice found in bounded search.,genetic,"{""candidate_id"":""MGSC08"",""decision"":""include"",""doi"":""10.1016/j.cell.2017.03.007"",""lane"":""genetic"",""pmid"":""28340352"",""query_id"":""MGQ03"",""reason"":""Correction/retraction check; no matching related notice found in bounded search."",""source_id"":""MG01"",""title"":""Human Epistatic Interaction Controls IL7R Splicing and Increases Multiple Sclerosis Risk"",""url"":""https://pmc.ncbi.nlm.nih.gov/articles/PMC5456452/""}"
MGSC09,MGQ04,Context-specific regulation of surface and soluble IL7R expression by an autoimmune risk allele,10.1038/s41467-019-12393-1,include,Correction/retraction check; no matching related notice established.,genetic,"{""candidate_id"":""MGSC09"",""decision"":""include"",""doi"":""10.1038/s41467-019-12393-1"",""lane"":""genetic"",""pmid"":""31594933"",""query_id"":""MGQ04"",""reason"":""Correction/retraction check; no matching related notice established."",""source_id"":""MG03"",""title"":""Context-specific regulation of surface and soluble IL7R expression by an autoimmune risk allele"",""url"":""https://pmc.ncbi.nlm.nih.gov/articles/PMC6783569/""}"
MGSC10,MGQ07,A disease-associated gene desert directs macrophage inflammation through ETS2,10.1038/s41586-024-07501-1,include,Access subsequently resolved via parent-retrieved full primary PMC HTML; relevant Methods/Results inspected and four narrow assertions extracted. Original failed-access screening preserved in initial fields.,genetic,"{""candidate_id"":""MGSC10"",""decision"":""include"",""doi"":""10.1038/s41586-024-07501-1"",""initial_decision"":""await_full_text"",""initial_reason"":""Correction query returned original and unrelated records; does not resolve notice relationships."",""lane"":""genetic"",""pmid"":""38839969"",""query_id"":""MGQ07"",""reason"":""Access subsequently resolved via parent-retrieved full primary PMC HTML; relevant Methods/Results inspected and four narrow assertions extracted. Original failed-access screening preserved in initial fields."",""source_id"":""MG05"",""title"":""A disease-associated gene desert directs macrophage inflammation through ETS2"",""url"":""https://www.nature.com/articles/s41586-024-07501-1""}"
MGSC11,MGQ08,Mapping the functional impact of non-coding regulatory elements in primary T cells through single-cell CRISPR screens,10.1186/s13059-024-03176-z,include,Correction search surfaced2023 preprint predecessor; not counted independently.,genetic,"{""candidate_id"":""MGSC11"",""decision"":""include"",""doi"":""10.1186/s13059-024-03176-z"",""lane"":""genetic"",""pmid"":""38308274"",""query_id"":""MGQ08"",""reason"":""Correction search surfaced2023 preprint predecessor; not counted independently."",""source_id"":""MG04"",""title"":""Mapping the functional impact of non-coding regulatory elements in primary T cells through single-cell CRISPR screens"",""url"":""https://link.springer.com/article/10.1186/s13059-024-03176-z""}"
MGSC12,MGQ09,Interleukin 7 receptor alpha chain (IL7R) shows allelic and functional association with multiple sclerosis,10.1038/ng2103,include,Publisher original and Duke metadata surfaced; no matching correction notice established.,genetic,"{""candidate_id"":""MGSC12"",""decision"":""include"",""doi"":""10.1038/ng2103"",""lane"":""genetic"",""pmid"":""17660817"",""query_id"":""MGQ09"",""reason"":""Publisher original and Duke metadata surfaced; no matching correction notice established."",""source_id"":""MG02"",""title"":""Interleukin 7 receptor alpha chain (IL7R) shows allelic and functional association with multiple sclerosis"",""url"":""https://www.nature.com/articles/ng2103""}"
MGSC13,MGQ02,Systematic discovery and perturbation of regulatory genes in human T cells reveals the architecture of immune networks,unavailable,await_full_text,"Relevant primary CRISPR/RNA/ATAC immune network study found in ranked search; outside this bounded extraction subset, not yet inspected.",genetic,"{""candidate_id"":""MGSC13"",""decision"":""await_full_text"",""doi"":""unavailable"",""lane"":""genetic"",""pmid"":""unavailable"",""query_id"":""MGQ02"",""reason"":""Relevant primary CRISPR/RNA/ATAC immune network study found in ranked search; outside this bounded extraction subset, not yet inspected."",""title"":""Systematic discovery and perturbation of regulatory genes in human T cells reveals the architecture of immune networks"",""url"":""https://pmc.ncbi.nlm.nih.gov/articles/PMC10035359/""}"
MGSC14,MGQ02,Base-editing mutagenesis maps alleles to tune human T cell functions,unavailable,await_full_text,Relevant primary variant/protein-function study; transcript intermediary not checked.,genetic,"{""candidate_id"":""MGSC14"",""decision"":""await_full_text"",""doi"":""unavailable"",""lane"":""genetic"",""pmid"":""unavailable"",""query_id"":""MGQ02"",""reason"":""Relevant primary variant/protein-function study; transcript intermediary not checked."",""title"":""Base-editing mutagenesis maps alleles to tune human T cell functions"",""url"":""https://pmc.ncbi.nlm.nih.gov/articles/PMC11065414/""}"
MGSC15,MGQ02,Mapping variant effects on anti-tumor hallmarks of primary human T cells with base-editing screens,unavailable,await_full_text,Relevant primary functional variant study; full Methods/Results not inspected.,genetic,"{""candidate_id"":""MGSC15"",""decision"":""await_full_text"",""doi"":""unavailable"",""lane"":""genetic"",""pmid"":""unavailable"",""query_id"":""MGQ02"",""reason"":""Relevant primary functional variant study; full Methods/Results not inspected."",""title"":""Mapping variant effects on anti-tumor hallmarks of primary human T cells with base-editing screens"",""url"":""https://pmc.ncbi.nlm.nih.gov/articles/PMC12488219/""}"
MGSC16,MGQ01,"The Relationship Between CSF1R Signaling, Monocyte-Macrophage Differentiation, and Susceptibility to Inflammatory Bowel Disease",unavailable,exclude,Commentary/review discovery only; raises ETS2 protein bridge question but not used as primary evidence.,genetic,"{""candidate_id"":""MGSC16"",""decision"":""exclude"",""doi"":""unavailable"",""lane"":""genetic"",""pmid"":""unavailable"",""query_id"":""MGQ01"",""reason"":""Commentary/review discovery only; raises ETS2 protein bridge question but not used as primary evidence."",""title"":""The Relationship Between CSF1R Signaling, Monocyte-Macrophage Differentiation, and Susceptibility to Inflammatory Bowel Disease"",""url"":""https://pmc.ncbi.nlm.nih.gov/articles/PMC12143753/""}"
MGSC17,MGQ03,RETRACTED ARTICLE: Detection and replication of epistasis influencing transcription in humans,10.1038/nature13005,exclude,"Unrelated retracted epistasis paper, not a correction/retraction of MG01; matching generic words cannot establish publication relation.",genetic,"{""candidate_id"":""MGSC17"",""decision"":""exclude"",""doi"":""10.1038/nature13005"",""lane"":""genetic"",""pmid"":""unavailable"",""query_id"":""MGQ03"",""reason"":""Unrelated retracted epistasis paper, not a correction/retraction of MG01; matching generic words cannot establish publication relation."",""title"":""RETRACTED ARTICLE: Detection and replication of epistasis influencing transcription in humans"",""url"":""https://www.nature.com/articles/nature13005""}"
MGSC18,MGQ08,Mapping the functional impact of non-coding regulatory elements in primary T cells through single-cell CRISPR screens (preprint),10.1101/2023.05.14.540711,exclude,"Same-title predecessor to MG04; published paper retained, no independent study count.",genetic,"{""candidate_id"":""MGSC18"",""decision"":""exclude"",""doi"":""10.1101/2023.05.14.540711"",""lane"":""genetic"",""pmid"":""unavailable"",""query_id"":""MGQ08"",""reason"":""Same-title predecessor to MG04; published paper retained, no independent study count."",""title"":""Mapping the functional impact of non-coding regulatory elements in primary T cells through single-cell CRISPR screens (preprint)"",""url"":""https://doi.org/10.1101/2023.05.14.540711""}"
MGSC19,MGQ12,A disease-associated gene desert directs macrophage inflammation through ETS2,10.1038/s41586-024-07501-1,include,Complete primary article recovered; bounded four-assertion extraction and two shared-intervention profiles. Access resolved; broader mechanism extraction remains partial.,genetic,"{""candidate_id"":""MGSC19"",""decision"":""include"",""doi"":""10.1038/s41586-024-07501-1"",""lane"":""genetic"",""pmid"":""38839969"",""query_id"":""MGQ12"",""reason"":""Complete primary article recovered; bounded four-assertion extraction and two shared-intervention profiles. Access resolved; broader mechanism extraction remains partial."",""source_id"":""MG05"",""title"":""A disease-associated gene desert directs macrophage inflammation through ETS2"",""url"":""https://pmc.ncbi.nlm.nih.gov/articles/PMC11168933/""}"
MP_SC001,MP_Q001,Loss of Functional Beta2-Microglobulin in Metastatic Melanomas From Five Patients Receiving Immunotherapy,10.1093/jnci/88.2.100,include,B2M protein/surface rescue and human HLA-compatible CTL lysis; full Methods/Results plus Fig5 image inspected.,antigen,"{""appearance_id"":""MP_AP001"",""candidate_id"":""MP_SC001"",""decision"":""include"",""doi"":""10.1093/jnci/88.2.100"",""lane"":""antigen"",""pmid"":""8537970"",""query_attribution"":""For multiquery batches, exact member-query rank attribution unavailable; batch and actual queries preserved in pack.json."",""query_id"":""MP_Q001"",""reason"":""B2M protein/surface rescue and human HLA-compatible CTL lysis; full Methods/Results plus Fig5 image inspected."",""source_id"":""MP_S001"",""title"":""Loss of Functional Beta2-Microglobulin in Metastatic Melanomas From Five Patients Receiving Immunotherapy"",""unique_paper_id"":""MP_S001"",""url"":""https://pmc.ncbi.nlm.nih.gov/articles/PMC2248456/""}"
MP_SC002,MP_Q002,Asymptomatic deficiency in the peptide transporter associated to antigen processing (TAP),10.1046/j.1365-2249.2002.01862.x,include,"Human TAP2 splice defect, surface complementation and residual autologous EBV CTL response; context-dependent contrary evidence.",antigen,"{""appearance_id"":""MP_AP002"",""candidate_id"":""MP_SC002"",""decision"":""include"",""doi"":""10.1046/j.1365-2249.2002.01862.x"",""lane"":""antigen"",""pmid"":""12067308"",""query_attribution"":""For multiquery batches, exact member-query rank attribution unavailable; batch and actual queries preserved in pack.json."",""query_id"":""MP_Q002"",""reason"":""Human TAP2 splice defect, surface complementation and residual autologous EBV CTL response; context-dependent contrary evidence."",""source_id"":""MP_S003"",""title"":""Asymptomatic deficiency in the peptide transporter associated to antigen processing (TAP)"",""unique_paper_id"":""MP_S003"",""url"":""https://pmc.ncbi.nlm.nih.gov/articles/PMC1906261/""}"
MP_SC003,MP_Q003,ERAP1 Allotypes 2 and 10 Differentially Regulate the Immunopeptidome of Melanocytes,unavailable,await_full_text,Recent immunopeptidome anchor surfaced; abstract/search only in this run. No assertion extracted.,antigen,"{""appearance_id"":""MP_AP003"",""candidate_id"":""MP_SC003"",""decision"":""await_full_text"",""doi"":""unavailable"",""lane"":""antigen"",""pmid"":""41130749"",""query_attribution"":""For multiquery batches, exact member-query rank attribution unavailable; batch and actual queries preserved in pack.json."",""query_id"":""MP_Q003"",""reason"":""Recent immunopeptidome anchor surfaced; abstract/search only in this run. No assertion extracted."",""source_id"":""unavailable"",""title"":""ERAP1 Allotypes 2 and 10 Differentially Regulate the Immunopeptidome of Melanocytes"",""unique_paper_id"":""MP_UP003"",""url"":""https://pubmed.ncbi.nlm.nih.gov/41130749/""}"
MP_SC004,MP_Q001,Natural killer cell lines kill autologous beta2-microglobulin-deficient melanoma cells: implications for cancer immunotherapy,10.1073/pnas.94.24.13140,exclude,"NK-effector complement beyond this bounded antigen-specific T-cell lane; likely shared melanoma lines, not independent replication by title alone.",antigen,"{""appearance_id"":""MP_AP004"",""candidate_id"":""MP_SC004"",""decision"":""exclude"",""doi"":""10.1073/pnas.94.24.13140"",""lane"":""antigen"",""pmid"":""9371813"",""query_attribution"":""For multiquery batches, exact member-query rank attribution unavailable; batch and actual queries preserved in pack.json."",""query_id"":""MP_Q001"",""reason"":""NK-effector complement beyond this bounded antigen-specific T-cell lane; likely shared melanoma lines, not independent replication by title alone."",""source_id"":""unavailable"",""title"":""Natural killer cell lines kill autologous beta2-microglobulin-deficient melanoma cells: implications for cancer immunotherapy"",""unique_paper_id"":""MP_UP004"",""url"":""https://pubmed.ncbi.nlm.nih.gov/9371813/""}"
MP_SC005,MP_Q001,"beta2-Microglobulin mutations, HLA class I antigen loss, and tumor progression in melanoma",unavailable,await_full_text,PMC web access challenged; not pursued after stronger gene-restoration full text recovered. No assertion extracted.,antigen,"{""appearance_id"":""MP_AP005"",""candidate_id"":""MP_SC005"",""decision"":""await_full_text"",""doi"":""unavailable"",""lane"":""antigen"",""pmid"":""unavailable"",""query_attribution"":""For multiquery batches, exact member-query rank attribution unavailable; batch and actual queries preserved in pack.json."",""query_id"":""MP_Q001"",""reason"":""PMC web access challenged; not pursued after stronger gene-restoration full text recovered. No assertion extracted."",""source_id"":""unavailable"",""title"":""beta2-Microglobulin mutations, HLA class I antigen loss, and tumor progression in melanoma"",""unique_paper_id"":""MP_UP005"",""url"":""https://pmc.ncbi.nlm.nih.gov/articles/PMC508863/""}"
MP_SC006,MP_Q005,ERAP1 Controls the Autoimmune Response against Melanocytes in Psoriasis by Generating the Melanocyte Autoantigen and Regulating its Amount for HLA-C*06:02 Presentation,10.4049/jimmunol.2100686,include,"KO, allotype rescue, biochemical trimming and reporter specificity; mouse recipient preserved.",antigen,"{""appearance_id"":""MP_AP006"",""candidate_id"":""MP_SC006"",""decision"":""include"",""doi"":""10.4049/jimmunol.2100686"",""lane"":""antigen"",""pmid"":""34580106"",""query_attribution"":""For multiquery batches, exact member-query rank attribution unavailable; batch and actual queries preserved in pack.json."",""query_id"":""MP_Q005"",""reason"":""KO, allotype rescue, biochemical trimming and reporter specificity; mouse recipient preserved."",""source_id"":""MP_S005"",""title"":""ERAP1 Controls the Autoimmune Response against Melanocytes in Psoriasis by Generating the Melanocyte Autoantigen and Regulating its Amount for HLA-C*06:02 Presentation"",""unique_paper_id"":""MP_S005"",""url"":""https://pmc.ncbi.nlm.nih.gov/articles/PMC7611875/""}"
MP_SC007,MP_Q005,Melanocyte antigen triggers autoimmunity in human psoriasis,unavailable,await_full_text,"Original TCR/autoantigen discovery appeared in citation chain. Search excerpts only; treated as provenance/reuse lead, not independent extracted evidence.",antigen,"{""appearance_id"":""MP_AP007"",""candidate_id"":""MP_SC007"",""decision"":""await_full_text"",""doi"":""unavailable"",""lane"":""antigen"",""pmid"":""unavailable"",""query_attribution"":""For multiquery batches, exact member-query rank attribution unavailable; batch and actual queries preserved in pack.json."",""query_id"":""MP_Q005"",""reason"":""Original TCR/autoantigen discovery appeared in citation chain. Search excerpts only; treated as provenance/reuse lead, not independent extracted evidence."",""source_id"":""unavailable"",""title"":""Melanocyte antigen triggers autoimmunity in human psoriasis"",""unique_paper_id"":""MP_UP007"",""url"":""https://pmc.ncbi.nlm.nih.gov/articles/PMC4689169/""}"
MP_SC008,MP_Q004,Maturation of Dendritic Cells Is Accompanied by Rapid Transcriptional Silencing of Class II Transactivator (Ciita) Expression,10.1084/jem.194.4.379,include,Primary-human-monocyte-derived DC RNA/protein/surface contrast; no inferred CD4 functional endpoint.,antigen,"{""appearance_id"":""MP_AP008"",""candidate_id"":""MP_SC008"",""decision"":""include"",""doi"":""10.1084/jem.194.4.379"",""lane"":""antigen"",""pmid"":""11514596"",""query_attribution"":""For multiquery batches, exact member-query rank attribution unavailable; batch and actual queries preserved in pack.json."",""query_id"":""MP_Q004"",""reason"":""Primary-human-monocyte-derived DC RNA/protein/surface contrast; no inferred CD4 functional endpoint."",""source_id"":""MP_S004"",""title"":""Maturation of Dendritic Cells Is Accompanied by Rapid Transcriptional Silencing of Class II Transactivator (Ciita) Expression"",""unique_paper_id"":""MP_S004"",""url"":""https://pmc.ncbi.nlm.nih.gov/articles/PMC2193505/""}"
MP_SC009,MP_Q011,B Cells Can Trigger the T-Cell-Mediated Autoimmune Response Against Melanocytes in Psoriasis,10.3390/cells14242002,include,Recent primary B-cell and PBMC perturbations plus distinct ligand/reporter experiments; seven-plus-seven versus 17-plus-9 cohorts separated.,antigen,"{""appearance_id"":""MP_AP009"",""candidate_id"":""MP_SC009"",""decision"":""include"",""doi"":""10.3390/cells14242002"",""lane"":""antigen"",""pmid"":""41440022"",""query_attribution"":""For multiquery batches, exact member-query rank attribution unavailable; batch and actual queries preserved in pack.json."",""query_id"":""MP_Q011"",""reason"":""Recent primary B-cell and PBMC perturbations plus distinct ligand/reporter experiments; seven-plus-seven versus 17-plus-9 cohorts separated."",""source_id"":""MP_S007"",""title"":""B Cells Can Trigger the T-Cell-Mediated Autoimmune Response Against Melanocytes in Psoriasis"",""unique_paper_id"":""MP_S007"",""url"":""https://pmc.ncbi.nlm.nih.gov/articles/PMC12732238/""}"
MP_SC010,MP_Q008,Enabling next-generation engineered TCR-T therapies based on high-throughput TCR discovery from diagnostic tumor biopsies,10.1038/s41467-024-55420-6,include,Human B-cell/Jurkat host antigen-specific perturbation controls; supplemental Fig4i visually checked.,antigen,"{""appearance_id"":""MP_AP010"",""candidate_id"":""MP_SC010"",""decision"":""include"",""doi"":""10.1038/s41467-024-55420-6"",""lane"":""antigen"",""pmid"":""39809767"",""query_attribution"":""For multiquery batches, exact member-query rank attribution unavailable; batch and actual queries preserved in pack.json."",""query_id"":""MP_Q008"",""reason"":""Human B-cell/Jurkat host antigen-specific perturbation controls; supplemental Fig4i visually checked."",""source_id"":""MP_S006"",""title"":""Enabling next-generation engineered TCR-T therapies based on high-throughput TCR discovery from diagnostic tumor biopsies"",""unique_paper_id"":""MP_S006"",""url"":""https://www.nature.com/articles/s41467-024-55420-6""}"
MP_SC011,MP_Q010,HLA class I deficiencies due to mutations in subunit 1 of the peptide transporter TAP1,10.1172/JCI5687,include,Citation-chained TAP1-specific rescue; transformed human B cells distinguished from separate fibroblast source.,antigen,"{""appearance_id"":""MP_AP011"",""candidate_id"":""MP_SC011"",""decision"":""include"",""doi"":""10.1172/JCI5687"",""lane"":""antigen"",""pmid"":""10074495"",""query_attribution"":""For multiquery batches, exact member-query rank attribution unavailable; batch and actual queries preserved in pack.json."",""query_id"":""MP_Q010"",""reason"":""Citation-chained TAP1-specific rescue; transformed human B cells distinguished from separate fibroblast source."",""source_id"":""MP_S002"",""title"":""HLA class I deficiencies due to mutations in subunit 1 of the peptide transporter TAP1"",""unique_paper_id"":""MP_S002"",""url"":""https://www.jci.org/articles/view/5687""}"
MP_SC012,MP_Q005,Current knowledge on autoantigens and autoantibodies in psoriasis,10.1111/sji.12945,exclude,Review/discovery only; not primary biological evidence.,antigen,"{""appearance_id"":""MP_AP012"",""candidate_id"":""MP_SC012"",""decision"":""exclude"",""doi"":""10.1111/sji.12945"",""lane"":""antigen"",""pmid"":""32697368"",""query_attribution"":""For multiquery batches, exact member-query rank attribution unavailable; batch and actual queries preserved in pack.json."",""query_id"":""MP_Q005"",""reason"":""Review/discovery only; not primary biological evidence."",""source_id"":""unavailable"",""title"":""Current knowledge on autoantigens and autoantibodies in psoriasis"",""unique_paper_id"":""MP_UP012"",""url"":""https://onlinelibrary.wiley.com/doi/full/10.1111/sji.12945""}"
MP_SC013,MP_Q012,Critical role of the tumor suppressor TSC1 for dendritic cell to activate CD4 T cells by promoting MHC class II expression via IRF4 and CIITA,unavailable,exclude,Distinct predominantly mouse perturbation lane; no human source/recipient mechanism inferred from search excerpt.,antigen,"{""appearance_id"":""MP_AP013"",""candidate_id"":""MP_SC013"",""decision"":""exclude"",""doi"":""unavailable"",""lane"":""antigen"",""pmid"":""unavailable"",""query_attribution"":""For multiquery batches, exact member-query rank attribution unavailable; batch and actual queries preserved in pack.json."",""query_id"":""MP_Q012"",""reason"":""Distinct predominantly mouse perturbation lane; no human source/recipient mechanism inferred from search excerpt."",""source_id"":""unavailable"",""title"":""Critical role of the tumor suppressor TSC1 for dendritic cell to activate CD4 T cells by promoting MHC class II expression via IRF4 and CIITA"",""unique_paper_id"":""MP_UP013"",""url"":""https://pmc.ncbi.nlm.nih.gov/articles/PMC3702379/""}"
MP_SC014,MP_Q021,Review Reports - B Cells Can Trigger the T-Cell-Mediated Autoimmune Response Against Melanocytes in Psoriasis,unavailable,exclude,Publisher review reports surfaced in correction search; not biological primary evidence and not an independent review initiated by this run.,antigen,"{""appearance_id"":""MP_AP014"",""candidate_id"":""MP_SC014"",""decision"":""exclude"",""doi"":""unavailable"",""lane"":""antigen"",""pmid"":""unavailable"",""query_attribution"":""For multiquery batches, exact member-query rank attribution unavailable; batch and actual queries preserved in pack.json."",""query_id"":""MP_Q021"",""reason"":""Publisher review reports surfaced in correction search; not biological primary evidence and not an independent review initiated by this run."",""source_id"":""unavailable"",""title"":""Review Reports - B Cells Can Trigger the T-Cell-Mediated Autoimmune Response Against Melanocytes in Psoriasis"",""unique_paper_id"":""MP_UP014"",""url"":""https://www.mdpi.com/2073-4409/14/24/2002/review_report""}"
MP_SC015,MP_Q012,Extensive remodeling of DC function by rapid maturation-induced transcriptional silencing,unavailable,await_full_text,Citation/forward-search lead for CIITA chromatin mechanism. No assertion extracted.,antigen,"{""appearance_id"":""MP_AP015"",""candidate_id"":""MP_SC015"",""decision"":""await_full_text"",""doi"":""unavailable"",""lane"":""antigen"",""pmid"":""unavailable"",""query_attribution"":""For multiquery batches, exact member-query rank attribution unavailable; batch and actual queries preserved in pack.json."",""query_id"":""MP_Q012"",""reason"":""Citation/forward-search lead for CIITA chromatin mechanism. No assertion extracted."",""source_id"":""unavailable"",""title"":""Extensive remodeling of DC function by rapid maturation-induced transcriptional silencing"",""unique_paper_id"":""MP_UP015"",""url"":""https://pmc.ncbi.nlm.nih.gov/articles/PMC4150779/""}"
MP_SC016,MP_Q014,Loss of Functional Beta2-Microglobulin in Metastatic Melanomas From Five Patients Receiving Immunotherapy,10.1093/jnci/88.2.100,include,"Repeated appearance of already selected primary paper; same DOI and cohort, not additional evidence.",antigen,"{""appearance_id"":""MP_AP016"",""candidate_id"":""MP_SC016"",""decision"":""include"",""doi"":""10.1093/jnci/88.2.100"",""lane"":""antigen"",""pmid"":""8537970"",""query_attribution"":""For multiquery batches, exact member-query rank attribution unavailable; batch and actual queries preserved in pack.json."",""query_id"":""MP_Q014"",""reason"":""Repeated appearance of already selected primary paper; same DOI and cohort, not additional evidence."",""source_id"":""MP_S001"",""title"":""Loss of Functional Beta2-Microglobulin in Metastatic Melanomas From Five Patients Receiving Immunotherapy"",""unique_paper_id"":""MP_S001"",""url"":""https://pmc.ncbi.nlm.nih.gov/articles/PMC2248456/""}"
MP_SC017,MP_Q013,Asymptomatic deficiency in the peptide transporter associated to antigen processing (TAP),10.1046/j.1365-2249.2002.01862.x,include,Repeated appearance of same selected paper; deduplicated by DOI/PMID.,antigen,"{""appearance_id"":""MP_AP017"",""candidate_id"":""MP_SC017"",""decision"":""include"",""doi"":""10.1046/j.1365-2249.2002.01862.x"",""lane"":""antigen"",""pmid"":""12067308"",""query_attribution"":""For multiquery batches, exact member-query rank attribution unavailable; batch and actual queries preserved in pack.json."",""query_id"":""MP_Q013"",""reason"":""Repeated appearance of same selected paper; deduplicated by DOI/PMID."",""source_id"":""MP_S003"",""title"":""Asymptomatic deficiency in the peptide transporter associated to antigen processing (TAP)"",""unique_paper_id"":""MP_S003"",""url"":""https://pmc.ncbi.nlm.nih.gov/articles/PMC1906261/""}"
MP_SC018,MP_Q012,Maturation of Dendritic Cells Is Accompanied by Rapid Transcriptional Silencing of Class II Transactivator (Ciita) Expression,10.1084/jem.194.4.379,include,Repeated appearance of same selected paper; deduplicated by DOI/PMID.,antigen,"{""appearance_id"":""MP_AP018"",""candidate_id"":""MP_SC018"",""decision"":""include"",""doi"":""10.1084/jem.194.4.379"",""lane"":""antigen"",""pmid"":""11514596"",""query_attribution"":""For multiquery batches, exact member-query rank attribution unavailable; batch and actual queries preserved in pack.json."",""query_id"":""MP_Q012"",""reason"":""Repeated appearance of same selected paper; deduplicated by DOI/PMID."",""source_id"":""MP_S004"",""title"":""Maturation of Dendritic Cells Is Accompanied by Rapid Transcriptional Silencing of Class II Transactivator (Ciita) Expression"",""unique_paper_id"":""MP_S004"",""url"":""https://pmc.ncbi.nlm.nih.gov/articles/PMC2193505/""}"
