accession,canonical_record_url,line,source_file,source_sha256,status
GSE202186,https://www.ncbi.nlm.nih.gov/geo/query/acc.cgi?acc=GSE202186,231,atlas/research/cytokine/pack.json,e270f0cca18d05dcf0a1552d5144c79081b7532d7c76fb6f963e52e6c6d4ca8d,"text_mention_only; may be a citation or search hit, not verified underlying data"
GSE119352,https://www.ncbi.nlm.nih.gov/geo/query/acc.cgi?acc=GSE119352,81,atlas/research/cytokine/snapshots/PMC10781646.xml,cdeefd81ddec026ccc32292d2ff428312e9331187217f2baf95b73386227a133,"text_mention_only; may be a citation or search hit, not verified underlying data"
GSE202186,https://www.ncbi.nlm.nih.gov/geo/query/acc.cgi?acc=GSE202186,81,atlas/research/cytokine/snapshots/PMC10781646.xml,cdeefd81ddec026ccc32292d2ff428312e9331187217f2baf95b73386227a133,"text_mention_only; may be a citation or search hit, not verified underlying data"
GSE96583,https://www.ncbi.nlm.nih.gov/geo/query/acc.cgi?acc=GSE96583,130,atlas/research/cytokine/snapshots/PMC12776526.txt,9361c53a21f54affb3fe0450a44cfb1f398c615f707f21300b6076e389098d0e,"text_mention_only; may be a citation or search hit, not verified underlying data"
GSE96583,https://www.ncbi.nlm.nih.gov/geo/query/acc.cgi?acc=GSE96583,20,atlas/research/cytokine/snapshots/PMC12776526.xml,b5eb7fa311846f14f30de12ff62393c3bb13203e3890632dadcc2bffd19430b0,"text_mention_only; may be a citation or search hit, not verified underlying data"
GSE174686,https://www.ncbi.nlm.nih.gov/geo/query/acc.cgi?acc=GSE174686,4,atlas/research/cytokine/snapshots/open1.json,3b52b42ebbe3ef495120b4daa7d388bf60f5fb0fb8a27b60edfaf0016d7c9263,"text_mention_only; may be a citation or search hit, not verified underlying data"
GSE174686,https://www.ncbi.nlm.nih.gov/geo/query/acc.cgi?acc=GSE174686,4,atlas/research/cytokine/snapshots/open2.json,f9514d5acc67bcd4c065709c3ad0da971699e1c268100b3b55be3cd1abd6dcc0,"text_mention_only; may be a citation or search hit, not verified underlying data"
GSE119352,https://www.ncbi.nlm.nih.gov/geo/query/acc.cgi?acc=GSE119352,131,atlas/research/cytokine/snapshots/pmc_fulltext.xml,77d173dcd567817d51400495a3d1b6750790685d43f24e820618f459fd3fcb1f,"text_mention_only; may be a citation or search hit, not verified underlying data"
GSE202186,https://www.ncbi.nlm.nih.gov/geo/query/acc.cgi?acc=GSE202186,131,atlas/research/cytokine/snapshots/pmc_fulltext.xml,77d173dcd567817d51400495a3d1b6750790685d43f24e820618f459fd3fcb1f,"text_mention_only; may be a citation or search hit, not verified underlying data"
GSE96583,https://www.ncbi.nlm.nih.gov/geo/query/acc.cgi?acc=GSE96583,149,atlas/research/cytokine/snapshots/pmc_fulltext.xml,77d173dcd567817d51400495a3d1b6750790685d43f24e820618f459fd3fcb1f,"text_mention_only; may be a citation or search hit, not verified underlying data"
GSE119352,https://www.ncbi.nlm.nih.gov/geo/query/acc.cgi?acc=GSE119352,4,atlas/research/cytokine/snapshots/search1.json,31daf70acc7364dda08c0a5191aebd61fcca9fe30b522512798eacc9776e83cb,"text_mention_only; may be a citation or search hit, not verified underlying data"
GSE202186,https://www.ncbi.nlm.nih.gov/geo/query/acc.cgi?acc=GSE202186,4,atlas/research/cytokine/snapshots/search1.json,31daf70acc7364dda08c0a5191aebd61fcca9fe30b522512798eacc9776e83cb,"text_mention_only; may be a citation or search hit, not verified underlying data"
GSE74668,https://www.ncbi.nlm.nih.gov/geo/query/acc.cgi?acc=GSE74668,297,atlas/research/cytokine_expansion/pack.json,c5e092d0622df616967d847dfc3ca0fc53b04f33ad0536d0c254de1f51d59474,"text_mention_only; may be a citation or search hit, not verified underlying data"
EGAD00001005291,https://ega-archive.org/datasets/EGAD00001005291,4,atlas/research/fulltext_followup/proteomic_followup_methods2.json,2af6cd9832bc59e7197e67b2ae303fa18af07a00c2c3de92a133e2885c481dc3,"text_mention_only; may be a citation or search hit, not verified underlying data"
EGAS00001003823,https://ega-archive.org/studies/EGAS00001003823,4,atlas/research/fulltext_followup/proteomic_followup_methods2.json,2af6cd9832bc59e7197e67b2ae303fa18af07a00c2c3de92a133e2885c481dc3,"text_mention_only; may be a citation or search hit, not verified underlying data"
EGAD00001008197,https://ega-archive.org/datasets/EGAD00001008197,646,atlas/research/genomic/pack.json,8a1002c03070bb3ba89561f3092056cef2b16eacbc77590c12a5689c396238b6,"text_mention_only; may be a citation or search hit, not verified underlying data"
EGAD00010002291,https://ega-archive.org/datasets/EGAD00010002291,647,atlas/research/genomic/pack.json,8a1002c03070bb3ba89561f3092056cef2b16eacbc77590c12a5689c396238b6,"text_mention_only; may be a citation or search hit, not verified underlying data"
EGAS00000000109,https://ega-archive.org/studies/EGAS00000000109,392,atlas/research/genomic/pack.json,8a1002c03070bb3ba89561f3092056cef2b16eacbc77590c12a5689c396238b6,"text_mention_only; may be a citation or search hit, not verified underlying data"
EGAS00001001456,https://ega-archive.org/studies/EGAS00001001456,603,atlas/research/genomic/pack.json,8a1002c03070bb3ba89561f3092056cef2b16eacbc77590c12a5689c396238b6,"text_mention_only; may be a citation or search hit, not verified underlying data"
GSE196830,https://www.ncbi.nlm.nih.gov/geo/query/acc.cgi?acc=GSE196830,640,atlas/research/genomic/pack.json,8a1002c03070bb3ba89561f3092056cef2b16eacbc77590c12a5689c396238b6,"text_mention_only; may be a citation or search hit, not verified underlying data"
GSE57542,https://www.ncbi.nlm.nih.gov/geo/query/acc.cgi?acc=GSE57542,690,atlas/research/genomic/pack.json,8a1002c03070bb3ba89561f3092056cef2b16eacbc77590c12a5689c396238b6,"text_mention_only; may be a citation or search hit, not verified underlying data"
GSE94730,https://www.ncbi.nlm.nih.gov/geo/query/acc.cgi?acc=GSE94730,493,atlas/research/genomic/pack.json,8a1002c03070bb3ba89561f3092056cef2b16eacbc77590c12a5689c396238b6,"text_mention_only; may be a citation or search hit, not verified underlying data"
phs001703.v1.p1,https://www.ncbi.nlm.nih.gov/projects/gap/cgi-bin/study.cgi?study_id=phs001703.v1.p1,561,atlas/research/genomic/pack.json,8a1002c03070bb3ba89561f3092056cef2b16eacbc77590c12a5689c396238b6,"text_mention_only; may be a citation or search hit, not verified underlying data"
EGAS00000000109,https://ega-archive.org/studies/EGAS00000000109,1582,atlas/research/genomic/snapshots/G01_fulltext.html,ca2b3158a5ede8d44f8def50e8c0ebe859f9744a1eb8f6fa8567d8da77f6ee47,"text_mention_only; may be a citation or search hit, not verified underlying data"
EGAS00000000109,https://ega-archive.org/studies/EGAS00000000109,223,atlas/research/genomic/snapshots/G01_fulltext.txt,fbbabd48dc54c65150ba6a3a2299aa83ed85c8dc399012bfd018d6bb81893fd6,"text_mention_only; may be a citation or search hit, not verified underlying data"
GSE98178,https://www.ncbi.nlm.nih.gov/geo/query/acc.cgi?acc=GSE98178,2004,atlas/research/genomic/snapshots/G02_fulltext.html,d9d79f2a8201bf96a7fa80b68ef492f431a922ca879ab2973f9bf6c3a2a639f3,"text_mention_only; may be a citation or search hit, not verified underlying data"
GSE98178,https://www.ncbi.nlm.nih.gov/geo/query/acc.cgi?acc=GSE98178,394,atlas/research/genomic/snapshots/G02_fulltext.txt,8475690c1c795fff7c9880e69a02fad1118593f5959f702e44350d7c9f66be09,"text_mention_only; may be a citation or search hit, not verified underlying data"
GSE94730,https://www.ncbi.nlm.nih.gov/geo/query/acc.cgi?acc=GSE94730,1796,atlas/research/genomic/snapshots/G03_fulltext.html,6bde78d536f1eb9d88c669269432b0d59c0e02155d5f02f54fbb7690c5ff1df8,"text_mention_only; may be a citation or search hit, not verified underlying data"
GSE94730,https://www.ncbi.nlm.nih.gov/geo/query/acc.cgi?acc=GSE94730,330,atlas/research/genomic/snapshots/G03_fulltext.txt,ad8910e5fd1b2e1bb5760547b251254404700ac08f6991e7f0f40c9af9f3b027,"text_mention_only; may be a citation or search hit, not verified underlying data"
phs001703.v1.p1,https://www.ncbi.nlm.nih.gov/projects/gap/cgi-bin/study.cgi?study_id=phs001703.v1.p1,1635,atlas/research/genomic/snapshots/G04_fulltext.html,b00f8fea385ccd45e5f52e4dec0e77ba2e8904404c4f9c6003fa846a98976c2e,"text_mention_only; may be a citation or search hit, not verified underlying data"
phs001703.v1.p1,https://www.ncbi.nlm.nih.gov/projects/gap/cgi-bin/study.cgi?study_id=phs001703.v1.p1,239,atlas/research/genomic/snapshots/G04_fulltext.txt,bea3af30fa10d267347a9a2401e0b56a8004eb1144fb885f68597c7d5fc03374,"text_mention_only; may be a citation or search hit, not verified underlying data"
EGAD00001002663,https://ega-archive.org/datasets/EGAD00001002663,2538,atlas/research/genomic/snapshots/G05_fulltext.html,188969120233572f5e81a117857db69883c9f3dc74b85b9291a627e7b2fcd135,"text_mention_only; may be a citation or search hit, not verified underlying data"
EGAD00001002670,https://ega-archive.org/datasets/EGAD00001002670,2550,atlas/research/genomic/snapshots/G05_fulltext.html,188969120233572f5e81a117857db69883c9f3dc74b85b9291a627e7b2fcd135,"text_mention_only; may be a citation or search hit, not verified underlying data"
EGAD00001002671,https://ega-archive.org/datasets/EGAD00001002671,2543,atlas/research/genomic/snapshots/G05_fulltext.html,188969120233572f5e81a117857db69883c9f3dc74b85b9291a627e7b2fcd135,"text_mention_only; may be a citation or search hit, not verified underlying data"
EGAD00001002672,https://ega-archive.org/datasets/EGAD00001002672,2552,atlas/research/genomic/snapshots/G05_fulltext.html,188969120233572f5e81a117857db69883c9f3dc74b85b9291a627e7b2fcd135,"text_mention_only; may be a citation or search hit, not verified underlying data"
EGAD00001002673,https://ega-archive.org/datasets/EGAD00001002673,2553,atlas/research/genomic/snapshots/G05_fulltext.html,188969120233572f5e81a117857db69883c9f3dc74b85b9291a627e7b2fcd135,"text_mention_only; may be a citation or search hit, not verified underlying data"
EGAD00001002674,https://ega-archive.org/datasets/EGAD00001002674,2545,atlas/research/genomic/snapshots/G05_fulltext.html,188969120233572f5e81a117857db69883c9f3dc74b85b9291a627e7b2fcd135,"text_mention_only; may be a citation or search hit, not verified underlying data"
EGAD00001002675,https://ega-archive.org/datasets/EGAD00001002675,2546,atlas/research/genomic/snapshots/G05_fulltext.html,188969120233572f5e81a117857db69883c9f3dc74b85b9291a627e7b2fcd135,"text_mention_only; may be a citation or search hit, not verified underlying data"
EGAS00001001456,https://ega-archive.org/studies/EGAS00001001456,2557,atlas/research/genomic/snapshots/G05_fulltext.html,188969120233572f5e81a117857db69883c9f3dc74b85b9291a627e7b2fcd135,"text_mention_only; may be a citation or search hit, not verified underlying data"
EGAD00001002663,https://ega-archive.org/datasets/EGAD00001002663,676,atlas/research/genomic/snapshots/G05_fulltext.txt,87a2bc34e00150f79458f23efe25c280aecd496b31acc29f9b7624b0dce39da1,"text_mention_only; may be a citation or search hit, not verified underlying data"
EGAD00001002670,https://ega-archive.org/datasets/EGAD00001002670,684,atlas/research/genomic/snapshots/G05_fulltext.txt,87a2bc34e00150f79458f23efe25c280aecd496b31acc29f9b7624b0dce39da1,"text_mention_only; may be a citation or search hit, not verified underlying data"
EGAD00001002671,https://ega-archive.org/datasets/EGAD00001002671,679,atlas/research/genomic/snapshots/G05_fulltext.txt,87a2bc34e00150f79458f23efe25c280aecd496b31acc29f9b7624b0dce39da1,"text_mention_only; may be a citation or search hit, not verified underlying data"
EGAD00001002672,https://ega-archive.org/datasets/EGAD00001002672,685,atlas/research/genomic/snapshots/G05_fulltext.txt,87a2bc34e00150f79458f23efe25c280aecd496b31acc29f9b7624b0dce39da1,"text_mention_only; may be a citation or search hit, not verified underlying data"
EGAD00001002673,https://ega-archive.org/datasets/EGAD00001002673,686,atlas/research/genomic/snapshots/G05_fulltext.txt,87a2bc34e00150f79458f23efe25c280aecd496b31acc29f9b7624b0dce39da1,"text_mention_only; may be a citation or search hit, not verified underlying data"
EGAD00001002674,https://ega-archive.org/datasets/EGAD00001002674,680,atlas/research/genomic/snapshots/G05_fulltext.txt,87a2bc34e00150f79458f23efe25c280aecd496b31acc29f9b7624b0dce39da1,"text_mention_only; may be a citation or search hit, not verified underlying data"
EGAD00001002675,https://ega-archive.org/datasets/EGAD00001002675,681,atlas/research/genomic/snapshots/G05_fulltext.txt,87a2bc34e00150f79458f23efe25c280aecd496b31acc29f9b7624b0dce39da1,"text_mention_only; may be a citation or search hit, not verified underlying data"
EGAS00001001456,https://ega-archive.org/studies/EGAS00001001456,689,atlas/research/genomic/snapshots/G05_fulltext.txt,87a2bc34e00150f79458f23efe25c280aecd496b31acc29f9b7624b0dce39da1,"text_mention_only; may be a citation or search hit, not verified underlying data"
EGAD00001008197,https://ega-archive.org/datasets/EGAD00001008197,1662,atlas/research/genomic/snapshots/G07_fulltext.html,90dec76f49467727354b9ec9f7e3a1689c75a4879fe92702917f4458ffed15b5,"text_mention_only; may be a citation or search hit, not verified underlying data"
EGAD00010002291,https://ega-archive.org/datasets/EGAD00010002291,1662,atlas/research/genomic/snapshots/G07_fulltext.html,90dec76f49467727354b9ec9f7e3a1689c75a4879fe92702917f4458ffed15b5,"text_mention_only; may be a citation or search hit, not verified underlying data"
EGAD00001008197,https://ega-archive.org/datasets/EGAD00001008197,270,atlas/research/genomic/snapshots/G07_fulltext.txt,1a517413b1e1f32d6bd6079bc63eb39861ea1979f1befac18362ad2286153e18,"text_mention_only; may be a citation or search hit, not verified underlying data"
EGAD00010002291,https://ega-archive.org/datasets/EGAD00010002291,270,atlas/research/genomic/snapshots/G07_fulltext.txt,1a517413b1e1f32d6bd6079bc63eb39861ea1979f1befac18362ad2286153e18,"text_mention_only; may be a citation or search hit, not verified underlying data"
GSE57542,https://www.ncbi.nlm.nih.gov/geo/query/acc.cgi?acc=GSE57542,1787,atlas/research/genomic/snapshots/G09_fulltext.html,2757c6c4e56a14030dc9f42d38c01dfad94e2d0472e36d013f96f35e697781fb,"text_mention_only; may be a citation or search hit, not verified underlying data"
GSE57542,https://www.ncbi.nlm.nih.gov/geo/query/acc.cgi?acc=GSE57542,278,atlas/research/genomic/snapshots/G09_fulltext.txt,07839a64b266b604b56f1849f6b3b361adf5c2993bcdd0558b382a9a0facd094,"text_mention_only; may be a citation or search hit, not verified underlying data"
E-MTAB-8207,https://www.ebi.ac.uk/biostudies/arrayexpress/studies/E-MTAB-8207,1617,atlas/research/genomic/snapshots/G10_fulltext.html,fd9b54e4e1b84f4dc51b3cd26a3f379f611eced0f5e63d99555bd0b85b454efa,"text_mention_only; may be a citation or search hit, not verified underlying data"
E-MTAB-8225,https://www.ebi.ac.uk/biostudies/arrayexpress/studies/E-MTAB-8225,1617,atlas/research/genomic/snapshots/G10_fulltext.html,fd9b54e4e1b84f4dc51b3cd26a3f379f611eced0f5e63d99555bd0b85b454efa,"text_mention_only; may be a citation or search hit, not verified underlying data"
E-MTAB-8207,https://www.ebi.ac.uk/biostudies/arrayexpress/studies/E-MTAB-8207,219,atlas/research/genomic/snapshots/G10_fulltext.txt,443ce61649e0eb33b31f1780e7f7cf2b2bc1128c4180f07d56a2f2aae5236a66,"text_mention_only; may be a citation or search hit, not verified underlying data"
E-MTAB-8225,https://www.ebi.ac.uk/biostudies/arrayexpress/studies/E-MTAB-8225,219,atlas/research/genomic/snapshots/G10_fulltext.txt,443ce61649e0eb33b31f1780e7f7cf2b2bc1128c4180f07d56a2f2aae5236a66,"text_mention_only; may be a citation or search hit, not verified underlying data"
EGAS00001008016,https://ega-archive.org/studies/EGAS00001008016,159,atlas/research/genomic/snapshots/Gsearch7_retrieval.txt,986dcf30bd9d69454cd2cb80d7cca67ce6b3374c5ec4aba4c6009db6a02a4126,"text_mention_only; may be a citation or search hit, not verified underlying data"
GSE174188,https://www.ncbi.nlm.nih.gov/geo/query/acc.cgi?acc=GSE174188,75,atlas/research/genomic/snapshots/Gsearch7_retrieval.txt,986dcf30bd9d69454cd2cb80d7cca67ce6b3374c5ec4aba4c6009db6a02a4126,"text_mention_only; may be a citation or search hit, not verified underlying data"
GSE196830,https://www.ncbi.nlm.nih.gov/geo/query/acc.cgi?acc=GSE196830,72,atlas/research/genomic/snapshots/Gsearch7_retrieval.txt,986dcf30bd9d69454cd2cb80d7cca67ce6b3374c5ec4aba4c6009db6a02a4126,"text_mention_only; may be a citation or search hit, not verified underlying data"
GSE227136,https://www.ncbi.nlm.nih.gov/geo/query/acc.cgi?acc=GSE227136,134,atlas/research/genomic/snapshots/Gsearch7_retrieval.txt,986dcf30bd9d69454cd2cb80d7cca67ce6b3374c5ec4aba4c6009db6a02a4126,"text_mention_only; may be a citation or search hit, not verified underlying data"
phs001868.v1.p1,https://www.ncbi.nlm.nih.gov/projects/gap/cgi-bin/study.cgi?study_id=phs001868.v1.p1,132,atlas/research/genomic/snapshots/Gsearch7_retrieval.txt,986dcf30bd9d69454cd2cb80d7cca67ce6b3374c5ec4aba4c6009db6a02a4126,"text_mention_only; may be a citation or search hit, not verified underlying data"
phs002812.v1.p1,https://www.ncbi.nlm.nih.gov/projects/gap/cgi-bin/study.cgi?study_id=phs002812.v1.p1,75,atlas/research/genomic/snapshots/Gsearch7_retrieval.txt,986dcf30bd9d69454cd2cb80d7cca67ce6b3374c5ec4aba4c6009db6a02a4126,"text_mention_only; may be a citation or search hit, not verified underlying data"
phs003521,https://www.ncbi.nlm.nih.gov/projects/gap/cgi-bin/study.cgi?study_id=phs003521,134,atlas/research/genomic/snapshots/Gsearch7_retrieval.txt,986dcf30bd9d69454cd2cb80d7cca67ce6b3374c5ec4aba4c6009db6a02a4126,"text_mention_only; may be a citation or search hit, not verified underlying data"
GSE116698,https://www.ncbi.nlm.nih.gov/geo/query/acc.cgi?acc=GSE116698,584,atlas/research/mechanisms_activation/pack.json,13029e98a272e452bba73695e8e911f9e240533aca32583c534c54b9f6bf9cde,"text_mention_only; may be a citation or search hit, not verified underlying data"
PRJDB16517,https://www.ncbi.nlm.nih.gov/bioproject/?term=PRJDB16517,744,atlas/research/mechanisms_activation/pack.json,13029e98a272e452bba73695e8e911f9e240533aca32583c534c54b9f6bf9cde,"text_mention_only; may be a citation or search hit, not verified underlying data"
GSE116698,https://www.ncbi.nlm.nih.gov/geo/query/acc.cgi?acc=GSE116698,1546,atlas/research/mechanisms_activation/snapshots/MA_S01_full.html,210c9c5b0b248c9dc3e6abf52786ca51656288768b9dbcb15f67260480c62b3a,"text_mention_only; may be a citation or search hit, not verified underlying data"
GSE53646,https://www.ncbi.nlm.nih.gov/geo/query/acc.cgi?acc=GSE53646,1558,atlas/research/mechanisms_activation/snapshots/MA_S01_full.html,210c9c5b0b248c9dc3e6abf52786ca51656288768b9dbcb15f67260480c62b3a,"text_mention_only; may be a citation or search hit, not verified underlying data"
GSE116698,https://www.ncbi.nlm.nih.gov/geo/query/acc.cgi?acc=GSE116698,188,atlas/research/mechanisms_activation/snapshots/MA_S01_full.txt,0510e3dcfe737257c3118f273492e05f76d643896062a8957267eef966cad549,"text_mention_only; may be a citation or search hit, not verified underlying data"
GSE53646,https://www.ncbi.nlm.nih.gov/geo/query/acc.cgi?acc=GSE53646,209,atlas/research/mechanisms_activation/snapshots/MA_S01_full.txt,0510e3dcfe737257c3118f273492e05f76d643896062a8957267eef966cad549,"text_mention_only; may be a citation or search hit, not verified underlying data"
PRJDB16517,https://www.ncbi.nlm.nih.gov/bioproject/?term=PRJDB16517,1816,atlas/research/mechanisms_activation/snapshots/MA_S06_full.html,41dbd274ab85a18fb2048b742887c14db703cae09c6c23ad38d8273eb1e7f236,"text_mention_only; may be a citation or search hit, not verified underlying data"
PRJDB16517,https://www.ncbi.nlm.nih.gov/bioproject/?term=PRJDB16517,102,atlas/research/mechanisms_activation/snapshots/MA_S06_full.txt,c83609107e9fb39e58eb4f9486f2c76e65ca656a9edc24ca01e92893afa5544c,"text_mention_only; may be a citation or search hit, not verified underlying data"
PRJDB16517,https://www.ncbi.nlm.nih.gov/bioproject/?term=PRJDB16517,1816,atlas/research/mechanisms_activation/snapshots/MA_S06_nature.failed.html,60594c343cd21c45b7fd1b420f6777c574d449d1bb245669bb71ab07d8ff51bc,"text_mention_only; may be a citation or search hit, not verified underlying data"
SAMN03471796,https://www.ncbi.nlm.nih.gov/biosample/SAMN03471796,436,atlas/research/mechanisms_antigen/pack.json,81e4acf11a815fc13cd68c70c0a71cdb8824f6988e880a50e6f65abac9f20618,"text_mention_only; may be a citation or search hit, not verified underlying data"
SAMN03471796,https://www.ncbi.nlm.nih.gov/biosample/SAMN03471796,1488,atlas/research/mechanisms_antigen/snapshots/MP_ERAP2021.html,0bb28cc238a1c41dacbe730f991af3919701262fdb66f413134cecdca4d85067,"text_mention_only; may be a citation or search hit, not verified underlying data"
SAMN03471796,https://www.ncbi.nlm.nih.gov/biosample/SAMN03471796,118,atlas/research/mechanisms_antigen/snapshots/MP_ERAP2021.txt,4123c908d62f13e1cf2a6a1ef449f8dc487f70a8c2f440acb061d35e86b8e3fd,"text_mention_only; may be a citation or search hit, not verified underlying data"
E-MTAB-13324,https://www.ebi.ac.uk/biostudies/arrayexpress/studies/E-MTAB-13324,68,atlas/research/mechanisms_genetic/pack.json,fa2ed00d81fda2038d698a105954c669f7290d64b14f35ed65b8e64b17de1be8,"text_mention_only; may be a citation or search hit, not verified underlying data"
EGAD00001011338,https://ega-archive.org/datasets/EGAD00001011338,352,atlas/research/mechanisms_genetic/pack.json,fa2ed00d81fda2038d698a105954c669f7290d64b14f35ed65b8e64b17de1be8,"text_mention_only; may be a citation or search hit, not verified underlying data"
E-MTAB-13324,https://www.ebi.ac.uk/biostudies/arrayexpress/studies/E-MTAB-13324,74,atlas/research/mechanisms_genetic/snapshots/MG04_CD4_methods.txt,583a5f30520f741931e885ba07037d3fd794806557430333faeccb89e7c63c50,"text_mention_only; may be a citation or search hit, not verified underlying data"
EGAD00001011333,https://ega-archive.org/datasets/EGAD00001011333,2107,atlas/research/mechanisms_genetic/snapshots/MG05_fulltext.html,e5ed84ca9dd92d843302cc60d5f08169c7b7da8e2cd2ddcf3a2fb0fd46192b8a,"text_mention_only; may be a citation or search hit, not verified underlying data"
EGAD00001011337,https://ega-archive.org/datasets/EGAD00001011337,2107,atlas/research/mechanisms_genetic/snapshots/MG05_fulltext.html,e5ed84ca9dd92d843302cc60d5f08169c7b7da8e2cd2ddcf3a2fb0fd46192b8a,"text_mention_only; may be a citation or search hit, not verified underlying data"
EGAD00001011338,https://ega-archive.org/datasets/EGAD00001011338,2107,atlas/research/mechanisms_genetic/snapshots/MG05_fulltext.html,e5ed84ca9dd92d843302cc60d5f08169c7b7da8e2cd2ddcf3a2fb0fd46192b8a,"text_mention_only; may be a citation or search hit, not verified underlying data"
EGAD00001011341,https://ega-archive.org/datasets/EGAD00001011341,2107,atlas/research/mechanisms_genetic/snapshots/MG05_fulltext.html,e5ed84ca9dd92d843302cc60d5f08169c7b7da8e2cd2ddcf3a2fb0fd46192b8a,"text_mention_only; may be a citation or search hit, not verified underlying data"
EGAD00001011349,https://ega-archive.org/datasets/EGAD00001011349,2107,atlas/research/mechanisms_genetic/snapshots/MG05_fulltext.html,e5ed84ca9dd92d843302cc60d5f08169c7b7da8e2cd2ddcf3a2fb0fd46192b8a,"text_mention_only; may be a citation or search hit, not verified underlying data"
EGAD00001011351,https://ega-archive.org/datasets/EGAD00001011351,2107,atlas/research/mechanisms_genetic/snapshots/MG05_fulltext.html,e5ed84ca9dd92d843302cc60d5f08169c7b7da8e2cd2ddcf3a2fb0fd46192b8a,"text_mention_only; may be a citation or search hit, not verified underlying data"
EGAD50000000154,https://ega-archive.org/datasets/EGAD50000000154,2107,atlas/research/mechanisms_genetic/snapshots/MG05_fulltext.html,e5ed84ca9dd92d843302cc60d5f08169c7b7da8e2cd2ddcf3a2fb0fd46192b8a,"text_mention_only; may be a citation or search hit, not verified underlying data"
GSE123141,https://www.ncbi.nlm.nih.gov/geo/query/acc.cgi?acc=GSE123141,2052,atlas/research/mechanisms_genetic/snapshots/MG05_fulltext.html,e5ed84ca9dd92d843302cc60d5f08169c7b7da8e2cd2ddcf3a2fb0fd46192b8a,"text_mention_only; may be a citation or search hit, not verified underlying data"
GSE159676,https://www.ncbi.nlm.nih.gov/geo/query/acc.cgi?acc=GSE159676,2052,atlas/research/mechanisms_genetic/snapshots/MG05_fulltext.html,e5ed84ca9dd92d843302cc60d5f08169c7b7da8e2cd2ddcf3a2fb0fd46192b8a,"text_mention_only; may be a citation or search hit, not verified underlying data"
GSE18927,https://www.ncbi.nlm.nih.gov/geo/query/acc.cgi?acc=GSE18927,2019,atlas/research/mechanisms_genetic/snapshots/MG05_fulltext.html,e5ed84ca9dd92d843302cc60d5f08169c7b7da8e2cd2ddcf3a2fb0fd46192b8a,"text_mention_only; may be a citation or search hit, not verified underlying data"
GSE193336,https://www.ncbi.nlm.nih.gov/geo/query/acc.cgi?acc=GSE193336,2041,atlas/research/mechanisms_genetic/snapshots/MG05_fulltext.html,e5ed84ca9dd92d843302cc60d5f08169c7b7da8e2cd2ddcf3a2fb0fd46192b8a,"text_mention_only; may be a citation or search hit, not verified underlying data"
GSE229472,https://www.ncbi.nlm.nih.gov/geo/query/acc.cgi?acc=GSE229472,2107,atlas/research/mechanisms_genetic/snapshots/MG05_fulltext.html,e5ed84ca9dd92d843302cc60d5f08169c7b7da8e2cd2ddcf3a2fb0fd46192b8a,"text_mention_only; may be a citation or search hit, not verified underlying data"
GSE41038,https://www.ncbi.nlm.nih.gov/geo/query/acc.cgi?acc=GSE41038,2052,atlas/research/mechanisms_genetic/snapshots/MG05_fulltext.html,e5ed84ca9dd92d843302cc60d5f08169c7b7da8e2cd2ddcf3a2fb0fd46192b8a,"text_mention_only; may be a citation or search hit, not verified underlying data"
GSE47189,https://www.ncbi.nlm.nih.gov/geo/query/acc.cgi?acc=GSE47189,2022,atlas/research/mechanisms_genetic/snapshots/MG05_fulltext.html,e5ed84ca9dd92d843302cc60d5f08169c7b7da8e2cd2ddcf3a2fb0fd46192b8a,"text_mention_only; may be a citation or search hit, not verified underlying data"
GSE96014,https://www.ncbi.nlm.nih.gov/geo/query/acc.cgi?acc=GSE96014,2019,atlas/research/mechanisms_genetic/snapshots/MG05_fulltext.html,e5ed84ca9dd92d843302cc60d5f08169c7b7da8e2cd2ddcf3a2fb0fd46192b8a,"text_mention_only; may be a citation or search hit, not verified underlying data"
GSM1681423,https://www.ncbi.nlm.nih.gov/geo/query/acc.cgi?acc=GSM1681423,2026,atlas/research/mechanisms_genetic/snapshots/MG05_fulltext.html,e5ed84ca9dd92d843302cc60d5f08169c7b7da8e2cd2ddcf3a2fb0fd46192b8a,"text_mention_only; may be a citation or search hit, not verified underlying data"
GSM1681429,https://www.ncbi.nlm.nih.gov/geo/query/acc.cgi?acc=GSM1681429,2026,atlas/research/mechanisms_genetic/snapshots/MG05_fulltext.html,e5ed84ca9dd92d843302cc60d5f08169c7b7da8e2cd2ddcf3a2fb0fd46192b8a,"text_mention_only; may be a citation or search hit, not verified underlying data"
MTBLS7665,unavailable,2107,atlas/research/mechanisms_genetic/snapshots/MG05_fulltext.html,e5ed84ca9dd92d843302cc60d5f08169c7b7da8e2cd2ddcf3a2fb0fd46192b8a,"text_mention_only; may be a citation or search hit, not verified underlying data"
EGAD00001011333,https://ega-archive.org/datasets/EGAD00001011333,504,atlas/research/mechanisms_genetic/snapshots/MG05_fulltext.txt,fc1838b844432de3edb4a47905d53ba0cc8633e937c1fd00e1f69d3a158c4694,"text_mention_only; may be a citation or search hit, not verified underlying data"
EGAD00001011337,https://ega-archive.org/datasets/EGAD00001011337,504,atlas/research/mechanisms_genetic/snapshots/MG05_fulltext.txt,fc1838b844432de3edb4a47905d53ba0cc8633e937c1fd00e1f69d3a158c4694,"text_mention_only; may be a citation or search hit, not verified underlying data"
EGAD00001011338,https://ega-archive.org/datasets/EGAD00001011338,504,atlas/research/mechanisms_genetic/snapshots/MG05_fulltext.txt,fc1838b844432de3edb4a47905d53ba0cc8633e937c1fd00e1f69d3a158c4694,"text_mention_only; may be a citation or search hit, not verified underlying data"
EGAD00001011341,https://ega-archive.org/datasets/EGAD00001011341,504,atlas/research/mechanisms_genetic/snapshots/MG05_fulltext.txt,fc1838b844432de3edb4a47905d53ba0cc8633e937c1fd00e1f69d3a158c4694,"text_mention_only; may be a citation or search hit, not verified underlying data"
EGAD00001011349,https://ega-archive.org/datasets/EGAD00001011349,504,atlas/research/mechanisms_genetic/snapshots/MG05_fulltext.txt,fc1838b844432de3edb4a47905d53ba0cc8633e937c1fd00e1f69d3a158c4694,"text_mention_only; may be a citation or search hit, not verified underlying data"
EGAD00001011351,https://ega-archive.org/datasets/EGAD00001011351,504,atlas/research/mechanisms_genetic/snapshots/MG05_fulltext.txt,fc1838b844432de3edb4a47905d53ba0cc8633e937c1fd00e1f69d3a158c4694,"text_mention_only; may be a citation or search hit, not verified underlying data"
EGAD50000000154,https://ega-archive.org/datasets/EGAD50000000154,504,atlas/research/mechanisms_genetic/snapshots/MG05_fulltext.txt,fc1838b844432de3edb4a47905d53ba0cc8633e937c1fd00e1f69d3a158c4694,"text_mention_only; may be a citation or search hit, not verified underlying data"
GSE123141,https://www.ncbi.nlm.nih.gov/geo/query/acc.cgi?acc=GSE123141,451,atlas/research/mechanisms_genetic/snapshots/MG05_fulltext.txt,fc1838b844432de3edb4a47905d53ba0cc8633e937c1fd00e1f69d3a158c4694,"text_mention_only; may be a citation or search hit, not verified underlying data"
GSE159676,https://www.ncbi.nlm.nih.gov/geo/query/acc.cgi?acc=GSE159676,451,atlas/research/mechanisms_genetic/snapshots/MG05_fulltext.txt,fc1838b844432de3edb4a47905d53ba0cc8633e937c1fd00e1f69d3a158c4694,"text_mention_only; may be a citation or search hit, not verified underlying data"
GSE18927,https://www.ncbi.nlm.nih.gov/geo/query/acc.cgi?acc=GSE18927,390,atlas/research/mechanisms_genetic/snapshots/MG05_fulltext.txt,fc1838b844432de3edb4a47905d53ba0cc8633e937c1fd00e1f69d3a158c4694,"text_mention_only; may be a citation or search hit, not verified underlying data"
GSE193336,https://www.ncbi.nlm.nih.gov/geo/query/acc.cgi?acc=GSE193336,432,atlas/research/mechanisms_genetic/snapshots/MG05_fulltext.txt,fc1838b844432de3edb4a47905d53ba0cc8633e937c1fd00e1f69d3a158c4694,"text_mention_only; may be a citation or search hit, not verified underlying data"
GSE229472,https://www.ncbi.nlm.nih.gov/geo/query/acc.cgi?acc=GSE229472,504,atlas/research/mechanisms_genetic/snapshots/MG05_fulltext.txt,fc1838b844432de3edb4a47905d53ba0cc8633e937c1fd00e1f69d3a158c4694,"text_mention_only; may be a citation or search hit, not verified underlying data"
GSE41038,https://www.ncbi.nlm.nih.gov/geo/query/acc.cgi?acc=GSE41038,451,atlas/research/mechanisms_genetic/snapshots/MG05_fulltext.txt,fc1838b844432de3edb4a47905d53ba0cc8633e937c1fd00e1f69d3a158c4694,"text_mention_only; may be a citation or search hit, not verified underlying data"
GSE47189,https://www.ncbi.nlm.nih.gov/geo/query/acc.cgi?acc=GSE47189,395,atlas/research/mechanisms_genetic/snapshots/MG05_fulltext.txt,fc1838b844432de3edb4a47905d53ba0cc8633e937c1fd00e1f69d3a158c4694,"text_mention_only; may be a citation or search hit, not verified underlying data"
GSE96014,https://www.ncbi.nlm.nih.gov/geo/query/acc.cgi?acc=GSE96014,390,atlas/research/mechanisms_genetic/snapshots/MG05_fulltext.txt,fc1838b844432de3edb4a47905d53ba0cc8633e937c1fd00e1f69d3a158c4694,"text_mention_only; may be a citation or search hit, not verified underlying data"
GSM1681423,https://www.ncbi.nlm.nih.gov/geo/query/acc.cgi?acc=GSM1681423,403,atlas/research/mechanisms_genetic/snapshots/MG05_fulltext.txt,fc1838b844432de3edb4a47905d53ba0cc8633e937c1fd00e1f69d3a158c4694,"text_mention_only; may be a citation or search hit, not verified underlying data"
GSM1681429,https://www.ncbi.nlm.nih.gov/geo/query/acc.cgi?acc=GSM1681429,403,atlas/research/mechanisms_genetic/snapshots/MG05_fulltext.txt,fc1838b844432de3edb4a47905d53ba0cc8633e937c1fd00e1f69d3a158c4694,"text_mention_only; may be a citation or search hit, not verified underlying data"
MTBLS7665,unavailable,504,atlas/research/mechanisms_genetic/snapshots/MG05_fulltext.txt,fc1838b844432de3edb4a47905d53ba0cc8633e937c1fd00e1f69d3a158c4694,"text_mention_only; may be a citation or search hit, not verified underlying data"
EGAD00001011333,https://ega-archive.org/datasets/EGAD00001011333,40,atlas/research/mechanisms_genetic/snapshots/MG05_selected_primary.txt,f250db59bc2ecf9d6619ffacee93fb149525a7f31b5319acdb23a7c2e4cf5e57,"text_mention_only; may be a citation or search hit, not verified underlying data"
EGAD00001011337,https://ega-archive.org/datasets/EGAD00001011337,40,atlas/research/mechanisms_genetic/snapshots/MG05_selected_primary.txt,f250db59bc2ecf9d6619ffacee93fb149525a7f31b5319acdb23a7c2e4cf5e57,"text_mention_only; may be a citation or search hit, not verified underlying data"
EGAD00001011338,https://ega-archive.org/datasets/EGAD00001011338,40,atlas/research/mechanisms_genetic/snapshots/MG05_selected_primary.txt,f250db59bc2ecf9d6619ffacee93fb149525a7f31b5319acdb23a7c2e4cf5e57,"text_mention_only; may be a citation or search hit, not verified underlying data"
EGAD00001011341,https://ega-archive.org/datasets/EGAD00001011341,40,atlas/research/mechanisms_genetic/snapshots/MG05_selected_primary.txt,f250db59bc2ecf9d6619ffacee93fb149525a7f31b5319acdb23a7c2e4cf5e57,"text_mention_only; may be a citation or search hit, not verified underlying data"
EGAD00001011349,https://ega-archive.org/datasets/EGAD00001011349,40,atlas/research/mechanisms_genetic/snapshots/MG05_selected_primary.txt,f250db59bc2ecf9d6619ffacee93fb149525a7f31b5319acdb23a7c2e4cf5e57,"text_mention_only; may be a citation or search hit, not verified underlying data"
EGAD00001011351,https://ega-archive.org/datasets/EGAD00001011351,40,atlas/research/mechanisms_genetic/snapshots/MG05_selected_primary.txt,f250db59bc2ecf9d6619ffacee93fb149525a7f31b5319acdb23a7c2e4cf5e57,"text_mention_only; may be a citation or search hit, not verified underlying data"
EGAD50000000154,https://ega-archive.org/datasets/EGAD50000000154,40,atlas/research/mechanisms_genetic/snapshots/MG05_selected_primary.txt,f250db59bc2ecf9d6619ffacee93fb149525a7f31b5319acdb23a7c2e4cf5e57,"text_mention_only; may be a citation or search hit, not verified underlying data"
GSE229472,https://www.ncbi.nlm.nih.gov/geo/query/acc.cgi?acc=GSE229472,40,atlas/research/mechanisms_genetic/snapshots/MG05_selected_primary.txt,f250db59bc2ecf9d6619ffacee93fb149525a7f31b5319acdb23a7c2e4cf5e57,"text_mention_only; may be a citation or search hit, not verified underlying data"
GSE47189,https://www.ncbi.nlm.nih.gov/geo/query/acc.cgi?acc=GSE47189,24,atlas/research/mechanisms_genetic/snapshots/MG05_selected_primary.txt,f250db59bc2ecf9d6619ffacee93fb149525a7f31b5319acdb23a7c2e4cf5e57,"text_mention_only; may be a citation or search hit, not verified underlying data"
MTBLS7665,unavailable,40,atlas/research/mechanisms_genetic/snapshots/MG05_selected_primary.txt,f250db59bc2ecf9d6619ffacee93fb149525a7f31b5319acdb23a7c2e4cf5e57,"text_mention_only; may be a citation or search hit, not verified underlying data"
GSE100501,https://www.ncbi.nlm.nih.gov/geo/query/acc.cgi?acc=GSE100501,220,atlas/research/proteomic/pack.json,965f21a12afbf5f4467148bd3c5c43faf483e29fc21d745af449e4b2bcac7937,"text_mention_only; may be a citation or search hit, not verified underlying data"
GSE100866,https://www.ncbi.nlm.nih.gov/geo/query/acc.cgi?acc=GSE100866,199,atlas/research/proteomic/pack.json,965f21a12afbf5f4467148bd3c5c43faf483e29fc21d745af449e4b2bcac7937,"text_mention_only; may be a citation or search hit, not verified underlying data"
GSE100866,https://www.ncbi.nlm.nih.gov/geo/query/acc.cgi?acc=GSE100866,1740,atlas/research/proteomic/snapshots/cite_publisher_page.html,b5e3ba5a6a270e6fd8181c031641877920d5ce2b2a0724608ccd4b666800dda5,"text_mention_only; may be a citation or search hit, not verified underlying data"
GSE100866,https://www.ncbi.nlm.nih.gov/geo/query/acc.cgi?acc=GSE100866,101,atlas/research/proteomic/snapshots/cite_publisher_page.txt,5782bcf27eec883afc174787bc013f73fe2b448a98c49319c2de48f7fe77bdd7,"text_mention_only; may be a citation or search hit, not verified underlying data"
GSE100866,https://www.ncbi.nlm.nih.gov/geo/query/acc.cgi?acc=GSE100866,1,atlas/research/proteomic/snapshots/search1.json,b58f8b5df81724f54eb4a18a5b95457af183ab593606b84002d21f6f2e2c2ed2,"text_mention_only; may be a citation or search hit, not verified underlying data"
GSM2695384,https://www.ncbi.nlm.nih.gov/geo/query/acc.cgi?acc=GSM2695384,1,atlas/research/proteomic/snapshots/search1.json,b58f8b5df81724f54eb4a18a5b95457af183ab593606b84002d21f6f2e2c2ed2,"text_mention_only; may be a citation or search hit, not verified underlying data"
GSM2695387,https://www.ncbi.nlm.nih.gov/geo/query/acc.cgi?acc=GSM2695387,1,atlas/research/proteomic/snapshots/search1.json,b58f8b5df81724f54eb4a18a5b95457af183ab593606b84002d21f6f2e2c2ed2,"text_mention_only; may be a citation or search hit, not verified underlying data"
GSE100501,https://www.ncbi.nlm.nih.gov/geo/query/acc.cgi?acc=GSE100501,1,atlas/research/proteomic/snapshots/search5.json,e75df81b921fa739d035d55b2eb5c6b63972b1fad1932fd7c18e05213f2fa2d4,"text_mention_only; may be a citation or search hit, not verified underlying data"
PXD015131,https://www.ebi.ac.uk/pride/archive/projects/PXD015131,1,atlas/research/proteomic/snapshots/search5.json,e75df81b921fa739d035d55b2eb5c6b63972b1fad1932fd7c18e05213f2fa2d4,"text_mention_only; may be a citation or search hit, not verified underlying data"
PXD015132,https://www.ebi.ac.uk/pride/archive/projects/PXD015132,1,atlas/research/proteomic/snapshots/search5.json,e75df81b921fa739d035d55b2eb5c6b63972b1fad1932fd7c18e05213f2fa2d4,"text_mention_only; may be a citation or search hit, not verified underlying data"
PXD015147,https://www.ebi.ac.uk/pride/archive/projects/PXD015147,1,atlas/research/proteomic/snapshots/search5.json,e75df81b921fa739d035d55b2eb5c6b63972b1fad1932fd7c18e05213f2fa2d4,"text_mention_only; may be a citation or search hit, not verified underlying data"
EGAD00001006049,https://ega-archive.org/datasets/EGAD00001006049,1,atlas/research/references/resource_12.html,c5d8d124691dc870f34d7ce74e77a4b047fccc8b76249c6489c5e29456f29b9e,"text_mention_only; may be a citation or search hit, not verified underlying data"
GSE204684,https://www.ncbi.nlm.nih.gov/geo/query/acc.cgi?acc=GSE204684,1,atlas/research/references/resource_12.html,c5d8d124691dc870f34d7ce74e77a4b047fccc8b76249c6489c5e29456f29b9e,"text_mention_only; may be a citation or search hit, not verified underlying data"
GSE215353,https://www.ncbi.nlm.nih.gov/geo/query/acc.cgi?acc=GSE215353,1,atlas/research/references/resource_12.html,c5d8d124691dc870f34d7ce74e77a4b047fccc8b76249c6489c5e29456f29b9e,"text_mention_only; may be a citation or search hit, not verified underlying data"
GSE225482,https://www.ncbi.nlm.nih.gov/geo/query/acc.cgi?acc=GSE225482,1,atlas/research/references/resource_12.html,c5d8d124691dc870f34d7ce74e77a4b047fccc8b76249c6489c5e29456f29b9e,"text_mention_only; may be a citation or search hit, not verified underlying data"
GSE226451,https://www.ncbi.nlm.nih.gov/geo/query/acc.cgi?acc=GSE226451,1,atlas/research/references/resource_12.html,c5d8d124691dc870f34d7ce74e77a4b047fccc8b76249c6489c5e29456f29b9e,"text_mention_only; may be a citation or search hit, not verified underlying data"
GSE100866,https://www.ncbi.nlm.nih.gov/geo/query/acc.cgi?acc=GSE100866,268,atlas/research/review_proteomic_curations_0.2.json,e563b8372a4ca57c6629e0518dbac3bf18e2ffa676838bf0295afeae2234e4c5,"text_mention_only; may be a citation or search hit, not verified underlying data"
