data_level,database_path,name,review_scope,rows,sql_schema,table_id
curated_or_derived_atlas_data,atlas/candidates/0.3.0/immune_candidate.sqlite,adjudications,see_preserved_release_review_status,24,"CREATE TABLE adjudications (adjudication_id TEXT PRIMARY KEY, finding_id TEXT REFERENCES critic_findings, adjudicator_role TEXT, decision TEXT, rationale TEXT, human_adjudication_status TEXT)",ATLAS_TABLE:adjudications
curated_or_derived_atlas_data,atlas/candidates/0.3.0/immune_candidate.sqlite,agent_runs,see_preserved_release_review_status,7,"CREATE TABLE agent_runs (run_id TEXT PRIMARY KEY, agent_role TEXT, timestamp_start TEXT, timestamp_end TEXT, timezone TEXT, LLM_provider TEXT, LLM_model TEXT, model_snapshot_if_available TEXT, reasoning_mode TEXT, protocol_version TEXT, agent_prompt_version TEXT, instruction_bundle_hash TEXT, source_versions TEXT, retrieval_queries TEXT, retrieval_dates TEXT, source_hashes TEXT, code_commit TEXT, environment_hash TEXT, output_hash TEXT, critic_run_ids TEXT, human_edits TEXT, original_metadata TEXT)",ATLAS_TABLE:agent_runs
curated_or_derived_atlas_data,atlas/candidates/0.3.0/immune_candidate.sqlite,artifact_hashes,see_preserved_release_review_status,867,"CREATE TABLE artifact_hashes (artifact_id TEXT PRIMARY KEY, path TEXT NOT NULL, sha256 TEXT NOT NULL, hash_scope TEXT)",ATLAS_TABLE:artifact_hashes
curated_or_derived_atlas_data,atlas/candidates/0.3.0/immune_candidate.sqlite,assay_coverage,see_preserved_release_review_status,30,"CREATE TABLE assay_coverage (original_label TEXT PRIMARY KEY, entity_id TEXT REFERENCES entities, mapping_status TEXT, related_assertion_count INTEGER, reviewed_protein_assertion_count INTEGER, coverage_status TEXT)",ATLAS_TABLE:assay_coverage
curated_or_derived_atlas_data,atlas/candidates/0.3.0/immune_candidate.sqlite,candidate_assertions,pending,76,"CREATE TABLE candidate_assertions (assertion_id TEXT PRIMARY KEY, subject_id TEXT REFERENCES candidate_entities, predicate TEXT, object_id TEXT REFERENCES candidate_entities, context_id TEXT REFERENCES candidate_contexts, source_id TEXT REFERENCES candidate_sources, cohort_id TEXT REFERENCES candidate_cohorts, measurement TEXT, direction TEXT, qc_status TEXT, lane TEXT, source_locator TEXT, evidence_summary TEXT, limitations TEXT, source_dependencies TEXT, payload TEXT)",ATLAS_TABLE:candidate_assertions
curated_or_derived_atlas_data,atlas/candidates/0.3.0/immune_candidate.sqlite,candidate_bridges,pending,47,"CREATE TABLE candidate_bridges (bridge_id TEXT PRIMARY KEY, mechanism_id TEXT, from_assertion_id TEXT REFERENCES candidate_assertions, to_assertion_id TEXT REFERENCES candidate_assertions, bridge_type TEXT, bridge_relation TEXT, classification TEXT, review_status TEXT, production_approved INTEGER CHECK(production_approved=0), reasons TEXT, source_dependencies TEXT, payload TEXT)",ATLAS_TABLE:candidate_bridges
curated_or_derived_atlas_data,atlas/candidates/0.3.0/immune_candidate.sqlite,candidate_cohorts,pending,42,"CREATE TABLE candidate_cohorts (cohort_id TEXT PRIMARY KEY, source_id TEXT, lane TEXT, payload TEXT)",ATLAS_TABLE:candidate_cohorts
curated_or_derived_atlas_data,atlas/candidates/0.3.0/immune_candidate.sqlite,candidate_contexts,pending,72,"CREATE TABLE candidate_contexts (context_id TEXT PRIMARY KEY, species TEXT, ancestry TEXT, age TEXT, sex TEXT, tissue TEXT, disease TEXT, disease_severity TEXT, treatment_status TEXT, cell_type TEXT, cell_state TEXT, developmental_state TEXT, stimulation TEXT, dose TEXT, duration TEXT, assay TEXT, genomic_background TEXT, time_point TEXT)",ATLAS_TABLE:candidate_contexts
curated_or_derived_atlas_data,atlas/candidates/0.3.0/immune_candidate.sqlite,candidate_entities,pending,123,"CREATE TABLE candidate_entities (entity_id TEXT PRIMARY KEY, name TEXT, entity_type TEXT, layer TEXT, species TEXT, mapping_status TEXT)",ATLAS_TABLE:candidate_entities
curated_or_derived_atlas_data,atlas/candidates/0.3.0/immune_candidate.sqlite,candidate_gaps,pending,21,"CREATE TABLE candidate_gaps (gap_id TEXT PRIMARY KEY, lane TEXT, description TEXT, status TEXT, payload TEXT)",ATLAS_TABLE:candidate_gaps
curated_or_derived_atlas_data,atlas/candidates/0.3.0/immune_candidate.sqlite,candidate_graphs,pending,24,"CREATE TABLE candidate_graphs (mechanism_id TEXT PRIMARY KEY, lane TEXT, assertion_ids TEXT, bridge_ids TEXT, classifications TEXT, review_status TEXT, graph TEXT)",ATLAS_TABLE:candidate_graphs
curated_or_derived_atlas_data,atlas/candidates/0.3.0/immune_candidate.sqlite,candidate_inputs,pending,129,"CREATE TABLE candidate_inputs (path TEXT PRIMARY KEY, sha256 TEXT)",ATLAS_TABLE:candidate_inputs
curated_or_derived_atlas_data,atlas/candidates/0.3.0/immune_candidate.sqlite,candidate_metadata,pending,9,"CREATE TABLE candidate_metadata (key TEXT PRIMARY KEY, value TEXT)",ATLAS_TABLE:candidate_metadata
curated_or_derived_atlas_data,atlas/candidates/0.3.0/immune_candidate.sqlite,candidate_screening,pending,83,"CREATE TABLE candidate_screening (candidate_id TEXT PRIMARY KEY, query_id TEXT REFERENCES candidate_searches, title TEXT, doi TEXT, decision TEXT, reason TEXT, lane TEXT, payload TEXT)",ATLAS_TABLE:candidate_screening
curated_or_derived_atlas_data,atlas/candidates/0.3.0/immune_candidate.sqlite,candidate_searches,pending,42,"CREATE TABLE candidate_searches (search_id TEXT PRIMARY KEY, lane TEXT, query TEXT, database_name TEXT, searched_at TEXT, payload TEXT)",ATLAS_TABLE:candidate_searches
curated_or_derived_atlas_data,atlas/candidates/0.3.0/immune_candidate.sqlite,candidate_sources,pending,19,"CREATE TABLE candidate_sources (source_id TEXT PRIMARY KEY, title TEXT, doi TEXT, url TEXT, access_level TEXT, lane TEXT, baseline_source_ids TEXT, source_dependencies TEXT, payload TEXT)",ATLAS_TABLE:candidate_sources
curated_or_derived_atlas_data,atlas/candidates/0.3.0/immune_candidate.sqlite,cell_states,see_preserved_release_review_status,72,"CREATE TABLE cell_states (state_id TEXT PRIMARY KEY, cell_id TEXT REFERENCES cells, name TEXT, ontology_id TEXT)",ATLAS_TABLE:cell_states
curated_or_derived_atlas_data,atlas/candidates/0.3.0/immune_candidate.sqlite,cells,see_preserved_release_review_status,59,"CREATE TABLE cells (cell_id TEXT PRIMARY KEY, name TEXT NOT NULL, ontology_id TEXT, mapping_status TEXT)",ATLAS_TABLE:cells
curated_or_derived_atlas_data,atlas/candidates/0.3.0/immune_candidate.sqlite,cohorts,see_preserved_release_review_status,66,"CREATE TABLE cohorts (cohort_id TEXT PRIMARY KEY, dataset_id TEXT, accession TEXT, study_id TEXT, participants TEXT, ancestry TEXT, species TEXT, tissue TEXT, cell_type TEXT, disease TEXT, intervention TEXT, sample_count TEXT, donor_count TEXT, parent_cohort TEXT, related_publications TEXT, independence_status TEXT, notes TEXT)",ATLAS_TABLE:cohorts
curated_or_derived_atlas_data,atlas/candidates/0.3.0/immune_candidate.sqlite,contexts,see_preserved_release_review_status,131,"CREATE TABLE contexts (context_id TEXT PRIMARY KEY, species TEXT, ancestry TEXT, age TEXT, sex TEXT, tissue TEXT, disease TEXT, disease_severity TEXT, treatment_status TEXT, cell_type TEXT, cell_state TEXT, developmental_state TEXT, stimulation TEXT, dose TEXT, duration TEXT, assay TEXT, genomic_background TEXT, time_point TEXT)",ATLAS_TABLE:contexts
curated_or_derived_atlas_data,atlas/candidates/0.3.0/immune_candidate.sqlite,coverage_gaps,see_preserved_release_review_status,45,"CREATE TABLE coverage_gaps (gap_id TEXT PRIMARY KEY, lane TEXT, description TEXT, status TEXT)",ATLAS_TABLE:coverage_gaps
curated_or_derived_atlas_data,atlas/candidates/0.3.0/immune_candidate.sqlite,critic_findings,see_preserved_release_review_status,24,"CREATE TABLE critic_findings (finding_id TEXT PRIMARY KEY, critic_run_id TEXT REFERENCES critic_runs, severity TEXT, target_type TEXT, target_id TEXT, challenge TEXT, evidence TEXT, recommendation TEXT, disposition TEXT)",ATLAS_TABLE:critic_findings
curated_or_derived_atlas_data,atlas/candidates/0.3.0/immune_candidate.sqlite,critic_runs,see_preserved_release_review_status,11,"CREATE TABLE critic_runs (critic_run_id TEXT PRIMARY KEY, role TEXT, scope TEXT, timestamp_start TEXT, timestamp_end TEXT, independence TEXT)",ATLAS_TABLE:critic_runs
discovery_inventory,atlas/candidates/0.3.0/immune_candidate.sqlite,cytokine_inventory,see_preserved_release_review_status,626,"CREATE TABLE cytokine_inventory (inventory_id TEXT PRIMARY KEY, uniprot_accession TEXT, gene_symbol TEXT, resource_annotation_status TEXT, inventory_status TEXT, source_url TEXT, payload TEXT)",ATLAS_TABLE:cytokine_inventory
curated_or_derived_atlas_data,atlas/candidates/0.3.0/immune_candidate.sqlite,datasets,see_preserved_release_review_status,52,"CREATE TABLE datasets (dataset_id TEXT PRIMARY KEY, cohort_id TEXT REFERENCES cohorts, accession TEXT, study_id TEXT, version TEXT, notes TEXT)",ATLAS_TABLE:datasets
curated_or_derived_atlas_data,atlas/candidates/0.3.0/immune_candidate.sqlite,edge_assertions,see_preserved_release_review_status,140,"CREATE TABLE edge_assertions (assertion_id TEXT PRIMARY KEY, subject_id TEXT NOT NULL REFERENCES entities, predicate TEXT NOT NULL, object_id TEXT NOT NULL REFERENCES entities, context_id TEXT NOT NULL REFERENCES contexts, measurement TEXT NOT NULL, direction TEXT NOT NULL, evidence_tier TEXT, status TEXT, qualitative_confidence TEXT, contradiction_group TEXT, candidate_path TEXT)",ATLAS_TABLE:edge_assertions
curated_or_derived_atlas_data,atlas/candidates/0.3.0/immune_candidate.sqlite,entities,see_preserved_release_review_status,209,"CREATE TABLE entities (entity_id TEXT PRIMARY KEY, name TEXT NOT NULL, entity_type TEXT NOT NULL, layer TEXT NOT NULL, external_id TEXT, species TEXT, mapping_status TEXT)",ATLAS_TABLE:entities
curated_or_derived_atlas_data,atlas/candidates/0.3.0/immune_candidate.sqlite,entity_aliases,see_preserved_release_review_status,30,"CREATE TABLE entity_aliases (alias_id TEXT PRIMARY KEY, entity_id TEXT REFERENCES entities, original_label TEXT NOT NULL, assay_channel TEXT, resolution_status TEXT, source_id TEXT REFERENCES source_registry)",ATLAS_TABLE:entity_aliases
curated_or_derived_atlas_data,atlas/candidates/0.3.0/immune_candidate.sqlite,entity_components,see_preserved_release_review_status,2,"CREATE TABLE entity_components (complex_id TEXT REFERENCES entities, component_id TEXT REFERENCES entities, stoichiometry TEXT, source_id TEXT REFERENCES source_registry, PRIMARY KEY(complex_id,component_id))",ATLAS_TABLE:entity_components
curated_or_derived_atlas_data,atlas/candidates/0.3.0/immune_candidate.sqlite,evidence_instances,see_preserved_release_review_status,140,"CREATE TABLE evidence_instances (evidence_id TEXT PRIMARY KEY, assertion_id TEXT NOT NULL REFERENCES edge_assertions, source_id TEXT NOT NULL REFERENCES source_registry, cohort_id TEXT NOT NULL REFERENCES cohorts, source_locator TEXT NOT NULL, evidence_summary TEXT NOT NULL, effect_size TEXT, effect_unit TEXT, uncertainty TEXT, causal_directness TEXT, limitations TEXT, qc_status TEXT, extraction_lane TEXT, tested_hypothesis TEXT, evidence_relation TEXT, null_adequacy TEXT)",ATLAS_TABLE:evidence_instances
curated_or_derived_atlas_data,atlas/candidates/0.3.0/immune_candidate.sqlite,fine_mapping,see_preserved_release_review_status,0,"CREATE TABLE fine_mapping (record_id TEXT PRIMARY KEY, evidence_id TEXT REFERENCES evidence_instances, credible_set TEXT, posterior_probability TEXT, method TEXT, genome_build TEXT)",ATLAS_TABLE:fine_mapping
curated_or_derived_atlas_data,atlas/candidates/0.3.0/immune_candidate.sqlite,genetic_associations,see_preserved_release_review_status,21,"CREATE TABLE genetic_associations (record_id TEXT PRIMARY KEY, evidence_id TEXT REFERENCES evidence_instances, variant_entity_id TEXT REFERENCES entities, trait_entity_id TEXT REFERENCES entities, grade TEXT, effect_size TEXT, effect_unit TEXT, genome_build TEXT, causal_gene_status TEXT)",ATLAS_TABLE:genetic_associations
curated_or_derived_atlas_data,atlas/candidates/0.3.0/immune_candidate.sqlite,instruction_versions,see_preserved_release_review_status,10,"CREATE TABLE instruction_versions (instruction_id TEXT PRIMARY KEY, version TEXT, path TEXT, sha256 TEXT, scope TEXT)",ATLAS_TABLE:instruction_versions
curated_or_derived_atlas_data,atlas/candidates/0.3.0/immune_candidate.sqlite,journal_metrics,see_preserved_release_review_status,0,"CREATE TABLE journal_metrics (metric_id TEXT PRIMARY KEY, journal TEXT, year TEXT, impact_factor REAL, authoritative_source TEXT, verified INTEGER CHECK(verified IN (0,1)), multiplier REAL)",ATLAS_TABLE:journal_metrics
curated_or_derived_atlas_data,atlas/candidates/0.3.0/immune_candidate.sqlite,materialized_paths,see_preserved_release_review_status,0,"CREATE TABLE materialized_paths (path_id TEXT PRIMARY KEY, assertion_ids TEXT, context_id TEXT REFERENCES contexts, compatibility_report TEXT, status TEXT)",ATLAS_TABLE:materialized_paths
curated_or_derived_atlas_data,atlas/candidates/0.3.0/immune_candidate.sqlite,molecular_qtls,see_preserved_release_review_status,14,"CREATE TABLE molecular_qtls (record_id TEXT PRIMARY KEY, evidence_id TEXT REFERENCES evidence_instances, qtl_type TEXT, target_entity_id TEXT REFERENCES entities, effect_size TEXT, effect_unit TEXT, colocalization TEXT)",ATLAS_TABLE:molecular_qtls
curated_or_derived_atlas_data,atlas/candidates/0.3.0/immune_candidate.sqlite,multiomic_links,see_preserved_release_review_status,23,"CREATE TABLE multiomic_links (link_id TEXT PRIMARY KEY, from_assertion_id TEXT REFERENCES edge_assertions, to_assertion_id TEXT REFERENCES edge_assertions, status TEXT, compatibility_report TEXT, bridge_evidence_id TEXT REFERENCES evidence_instances)",ATLAS_TABLE:multiomic_links
curated_or_derived_atlas_data,atlas/candidates/0.3.0/immune_candidate.sqlite,prior_changes,see_preserved_release_review_status,760,"CREATE TABLE prior_changes (change_id TEXT PRIMARY KEY, prior_id TEXT REFERENCES prior_parameters, previous_version TEXT, new_version TEXT, previous_parameters TEXT, new_parameters TEXT, reason TEXT)",ATLAS_TABLE:prior_changes
curated_or_derived_atlas_data,atlas/candidates/0.3.0/immune_candidate.sqlite,prior_parameters,see_preserved_release_review_status,1400,"CREATE TABLE prior_parameters (prior_id TEXT PRIMARY KEY, assertion_id TEXT REFERENCES edge_assertions, parameter_family TEXT, distribution TEXT, parameters TEXT, estimate REAL, estimate_without_journal REAL, independent_groups INTEGER, calibration_status TEXT, availability TEXT, rationale TEXT)",ATLAS_TABLE:prior_parameters
curated_or_derived_atlas_data,atlas/candidates/0.3.0/immune_candidate.sqlite,protein_modifications,see_preserved_release_review_status,7,"CREATE TABLE protein_modifications (record_id TEXT PRIMARY KEY, evidence_id TEXT REFERENCES evidence_instances, protein_entity_id TEXT REFERENCES entities, modification TEXT, site TEXT, measurement_method TEXT)",ATLAS_TABLE:protein_modifications
curated_or_derived_atlas_data,atlas/candidates/0.3.0/immune_candidate.sqlite,proteomic_observations,see_preserved_release_review_status,70,"CREATE TABLE proteomic_observations (record_id TEXT PRIMARY KEY, evidence_id TEXT REFERENCES evidence_instances, target_entity_id TEXT REFERENCES entities, measurement TEXT, platform TEXT, biological_matrix TEXT, reagent TEXT, isoform TEXT, limit_of_detection TEXT, normalization TEXT, peptide_uniqueness TEXT, localization TEXT, cross_reactivity TEXT)",ATLAS_TABLE:proteomic_observations
curated_or_derived_atlas_data,atlas/candidates/0.3.0/immune_candidate.sqlite,quantitative_results,see_preserved_release_review_status,15,"CREATE TABLE quantitative_results (result_id TEXT PRIMARY KEY, evidence_id TEXT REFERENCES evidence_instances, reported_result TEXT, interpretation TEXT)",ATLAS_TABLE:quantitative_results
curated_or_derived_atlas_data,atlas/candidates/0.3.0/immune_candidate.sqlite,regulatory_evidence,see_preserved_release_review_status,4,"CREATE TABLE regulatory_evidence (record_id TEXT PRIMARY KEY, evidence_id TEXT REFERENCES evidence_instances, regulatory_element_id TEXT REFERENCES entities, perturbation TEXT, measured_outcome TEXT)",ATLAS_TABLE:regulatory_evidence
curated_or_derived_atlas_data,atlas/candidates/0.3.0/immune_candidate.sqlite,release_changes,see_preserved_release_review_status,942,"CREATE TABLE release_changes (change_id TEXT PRIMARY KEY, record_type TEXT, record_id TEXT, previous_version TEXT, new_version TEXT, change_type TEXT, old_record TEXT, new_record TEXT)",ATLAS_TABLE:release_changes
curated_or_derived_atlas_data,atlas/candidates/0.3.0/immune_candidate.sqlite,samples,see_preserved_release_review_status,0,"CREATE TABLE samples (sample_id TEXT PRIMARY KEY, cohort_id TEXT REFERENCES cohorts, dataset_id TEXT REFERENCES datasets, donor_id TEXT, context_id TEXT REFERENCES contexts, notes TEXT)",ATLAS_TABLE:samples
curated_or_derived_atlas_data,atlas/candidates/0.3.0/immune_candidate.sqlite,screening_candidates,see_preserved_release_review_status,408,"CREATE TABLE screening_candidates (candidate_id TEXT PRIMARY KEY, query_id TEXT, title TEXT, url TEXT, doi TEXT, pmid TEXT, decision TEXT, reason TEXT, lane TEXT)",ATLAS_TABLE:screening_candidates
curated_or_derived_atlas_data,atlas/candidates/0.3.0/immune_candidate.sqlite,screening_decisions,see_preserved_release_review_status,51,"CREATE TABLE screening_decisions (screening_id TEXT PRIMARY KEY, source_id TEXT REFERENCES source_registry, decision TEXT, reason TEXT, stage TEXT, reviewer_role TEXT)",ATLAS_TABLE:screening_decisions
curated_or_derived_atlas_data,atlas/candidates/0.3.0/immune_candidate.sqlite,search_log,see_preserved_release_review_status,135,"CREATE TABLE search_log (search_id TEXT PRIMARY KEY, lane TEXT, query TEXT, database TEXT, searched_at TEXT, result_source_ids TEXT, screening_notes TEXT, snapshot_path TEXT, total_hits TEXT, returned_pmids TEXT, retrieval_limit TEXT)",ATLAS_TABLE:search_log
curated_or_derived_atlas_data,atlas/candidates/0.3.0/immune_candidate.sqlite,source_registry,see_preserved_release_review_status,104,"CREATE TABLE source_registry (source_id TEXT PRIMARY KEY, title TEXT NOT NULL, authors TEXT, year TEXT, url TEXT NOT NULL, doi TEXT, pmid TEXT, source_type TEXT, version TEXT, retrieved_at TEXT, access_level TEXT, snapshot_path TEXT, snapshot_sha256 TEXT, species TEXT, notes TEXT, ingestion_status TEXT, duplicate_of TEXT)",ATLAS_TABLE:source_registry
curated_or_derived_atlas_data,atlas/candidates/0.3.0/immune_candidate.sqlite,transcriptional_programs,see_preserved_release_review_status,0,"CREATE TABLE transcriptional_programs (program_id TEXT PRIMARY KEY, entity_id TEXT REFERENCES entities, definition TEXT, measured_or_inferred TEXT, evidence_id TEXT REFERENCES evidence_instances)",ATLAS_TABLE:transcriptional_programs
curated_or_derived_atlas_data,atlas/candidates/0.3.0/immune_candidate.sqlite,transcriptomic_observations,see_preserved_release_review_status,25,"CREATE TABLE transcriptomic_observations (record_id TEXT PRIMARY KEY, evidence_id TEXT REFERENCES evidence_instances, observation_type TEXT, target_entity_id TEXT REFERENCES entities, assay TEXT, donor_model TEXT, multiple_testing TEXT, composition_qc TEXT)",ATLAS_TABLE:transcriptomic_observations
