access_level,declared_snapshot_path,doi,hash_matched_local_snapshot,matching_local_paths,raw_biological_data_claim,scope,snapshot_sha256,source_id,source_key,source_type,title,url
local_specification,README.md,,True,"[""atlas/releases/0.2.0/input_snapshot/README.md""]","Source registry records document evidence access, not raw biological file availability.",preserved_baseline_0.2.0,1156d269207a7f896a5eb147d4000574e2758428b100739b47c8611894a4f1c9,SPEC_README,preserved_baseline_0.2.0:SPEC_README,specification,Greenfield Multi-Omic Immune-System Prior Review specification,README.md
resource_landing_page,research/references/resource_01.html,unavailable,True,"[""atlas/releases/0.1.0/input_snapshot/research/references/resource_01.html"",""atlas/releases/0.2.0/input_snapshot/releases/0.1.0/input_snapshot/research/references/resource_01.html"",""atlas/releases/0.2.0/input_snapshot/research/references/resource_01.html"",""atlas/research/references/resource_01.html""]","Source registry records document evidence access, not raw biological file availability.",preserved_baseline_0.2.0,511207a03fe6f8a2d8e02c4bda8d85a68cbaae5609ec4023b2ae632021ef9231,R001,preserved_baseline_0.2.0:R001,resource,LIANA+,https://liana-py.readthedocs.io/en/latest/
resource_landing_page,research/references/resource_02.html,unavailable,True,"[""atlas/releases/0.1.0/input_snapshot/research/references/resource_02.html"",""atlas/releases/0.2.0/input_snapshot/releases/0.1.0/input_snapshot/research/references/resource_02.html"",""atlas/releases/0.2.0/input_snapshot/research/references/resource_02.html"",""atlas/research/references/resource_02.html""]","Source registry records document evidence access, not raw biological file availability.",preserved_baseline_0.2.0,9f759d28535cb6639733ea1d8de8ff59e244bb979e0b8ddda5948bd71ef8ea45,R002,preserved_baseline_0.2.0:R002,resource,CellPhoneDB,https://www.cellphonedb.org/
resource_landing_page,research/references/resource_03.html,unavailable,True,"[""atlas/releases/0.1.0/input_snapshot/research/references/resource_03.html"",""atlas/releases/0.2.0/input_snapshot/releases/0.1.0/input_snapshot/research/references/resource_03.html"",""atlas/releases/0.2.0/input_snapshot/research/references/resource_03.html"",""atlas/research/references/resource_03.html""]","Source registry records document evidence access, not raw biological file availability.",preserved_baseline_0.2.0,b3d2c99b8dd47fcc8f8443c81c687ceb2bc24a9f24d3aa1fd9c93e6f48a43831,R003,preserved_baseline_0.2.0:R003,resource,OmniPath,https://omnipathdb.org/
resource_landing_page,research/references/resource_04.html,unavailable,True,"[""atlas/releases/0.1.0/input_snapshot/research/references/resource_04.html"",""atlas/releases/0.2.0/input_snapshot/releases/0.1.0/input_snapshot/research/references/resource_04.html"",""atlas/releases/0.2.0/input_snapshot/research/references/resource_04.html"",""atlas/research/references/resource_04.html""]","Source registry records document evidence access, not raw biological file availability.",preserved_baseline_0.2.0,407c216919d76e93c20766b1b118a2b42f2e972eed88da53cf8a65173fad9637,R004,preserved_baseline_0.2.0:R004,resource,Reactome,https://reactome.org/
retrieval_failed,unavailable,unavailable,False,[],"Source registry records document evidence access, not raw biological file availability.",preserved_baseline_0.2.0,unavailable,R005,preserved_baseline_0.2.0:R005,resource,SIGNOR,https://signor.uniroma2.it/
resource_landing_page,research/references/resource_06.html,unavailable,True,"[""atlas/releases/0.1.0/input_snapshot/research/references/resource_06.html"",""atlas/releases/0.2.0/input_snapshot/releases/0.1.0/input_snapshot/research/references/resource_06.html"",""atlas/releases/0.2.0/input_snapshot/research/references/resource_06.html"",""atlas/research/references/resource_06.html""]","Source registry records document evidence access, not raw biological file availability.",preserved_baseline_0.2.0,73543cbf5f0339a3a0fe272f5ef2e59b18feccec644a28578776e4f82e594a91,R006,preserved_baseline_0.2.0:R006,resource,GWAS Catalog,https://www.ebi.ac.uk/gwas/
resource_landing_page,research/references/resource_07.html,unavailable,True,"[""atlas/releases/0.1.0/input_snapshot/research/references/resource_07.html"",""atlas/releases/0.2.0/input_snapshot/releases/0.1.0/input_snapshot/research/references/resource_07.html"",""atlas/releases/0.2.0/input_snapshot/research/references/resource_07.html"",""atlas/research/references/resource_07.html""]","Source registry records document evidence access, not raw biological file availability.",preserved_baseline_0.2.0,4184d91c72132b407ef17a7914250a9f9b0ac7481a81aecae852d0cb7c154fe3,R007,preserved_baseline_0.2.0:R007,resource,eQTL Catalogue,https://www.ebi.ac.uk/eqtl/
resource_landing_page,research/references/resource_08.html,unavailable,True,"[""atlas/releases/0.1.0/input_snapshot/research/references/resource_08.html"",""atlas/releases/0.2.0/input_snapshot/releases/0.1.0/input_snapshot/research/references/resource_08.html"",""atlas/releases/0.2.0/input_snapshot/research/references/resource_08.html"",""atlas/research/references/resource_08.html""]","Source registry records document evidence access, not raw biological file availability.",preserved_baseline_0.2.0,4e1380746cec86eca3a6c5dd3e65fbeab58a2d8758539a6ea4dc2c98c5a88f0f,R008,preserved_baseline_0.2.0:R008,resource,GTEx,https://gtexportal.org/home/
resource_landing_page,research/references/resource_09.html,unavailable,True,"[""atlas/releases/0.1.0/input_snapshot/research/references/resource_09.html"",""atlas/releases/0.2.0/input_snapshot/releases/0.1.0/input_snapshot/research/references/resource_09.html"",""atlas/releases/0.2.0/input_snapshot/research/references/resource_09.html"",""atlas/research/references/resource_09.html""]","Source registry records document evidence access, not raw biological file availability.",preserved_baseline_0.2.0,0f49da29417cae73bf867332e049b2286c38424d2c26977f7e1384dfb09a350d,R009,preserved_baseline_0.2.0:R009,resource,IPD-IMGT/HLA,https://www.ebi.ac.uk/ipd/imgt/hla/
resource_landing_page,research/references/resource_10.html,unavailable,True,"[""atlas/releases/0.1.0/input_snapshot/research/references/resource_10.html"",""atlas/releases/0.2.0/input_snapshot/releases/0.1.0/input_snapshot/research/references/resource_10.html"",""atlas/releases/0.2.0/input_snapshot/research/references/resource_10.html"",""atlas/research/references/resource_10.html""]","Source registry records document evidence access, not raw biological file availability.",preserved_baseline_0.2.0,13ceafe512d6f8dc557bd48b13394fabeab743acd832068c4ee58d86b6eb88b3,R010,preserved_baseline_0.2.0:R010,resource,IPD-KIR,https://www.ebi.ac.uk/ipd/kir/
resource_landing_page,research/references/resource_11.html,unavailable,True,"[""atlas/releases/0.1.0/input_snapshot/research/references/resource_11.html"",""atlas/releases/0.2.0/input_snapshot/releases/0.1.0/input_snapshot/research/references/resource_11.html"",""atlas/releases/0.2.0/input_snapshot/research/references/resource_11.html"",""atlas/research/references/resource_11.html""]","Source registry records document evidence access, not raw biological file availability.",preserved_baseline_0.2.0,bffdedbde05ae0788290da20a8eaa43b4aa926f341f0728b773cc376d8e75c86,R011,preserved_baseline_0.2.0:R011,resource,ENCODE,https://www.encodeproject.org/
resource_landing_page,research/references/resource_12.html,unavailable,True,"[""atlas/releases/0.1.0/input_snapshot/research/references/resource_12.html"",""atlas/releases/0.2.0/input_snapshot/releases/0.1.0/input_snapshot/research/references/resource_12.html"",""atlas/releases/0.2.0/input_snapshot/research/references/resource_12.html"",""atlas/research/references/resource_12.html""]","Source registry records document evidence access, not raw biological file availability.",preserved_baseline_0.2.0,c5d8d124691dc870f34d7ce74e77a4b047fccc8b76249c6489c5e29456f29b9e,R012,preserved_baseline_0.2.0:R012,resource,Human Cell Atlas,https://data.humancellatlas.org/
resource_landing_page,research/references/resource_13.html,unavailable,True,"[""atlas/releases/0.1.0/input_snapshot/research/references/resource_13.html"",""atlas/releases/0.2.0/input_snapshot/releases/0.1.0/input_snapshot/research/references/resource_13.html"",""atlas/releases/0.2.0/input_snapshot/research/references/resource_13.html"",""atlas/research/references/resource_13.html""]","Source registry records document evidence access, not raw biological file availability.",preserved_baseline_0.2.0,b6d3907cdd632f5683eedc24a3d58dcce48872aab0d786a25401bcea9361f86b,R013,preserved_baseline_0.2.0:R013,resource,CELLxGENE,https://cellxgene.cziscience.com/
resource_landing_page,research/references/resource_14.html,unavailable,True,"[""atlas/releases/0.1.0/input_snapshot/research/references/resource_14.html"",""atlas/releases/0.2.0/input_snapshot/releases/0.1.0/input_snapshot/research/references/resource_14.html"",""atlas/releases/0.2.0/input_snapshot/research/references/resource_14.html"",""atlas/research/references/resource_14.html""]","Source registry records document evidence access, not raw biological file availability.",preserved_baseline_0.2.0,7e6c4ef019bf27d8cb9a9629b9c5d42b693e665b7ecab045de42240a2fac559a,R014,preserved_baseline_0.2.0:R014,resource,Human Protein Atlas,https://www.proteinatlas.org/
resource_landing_page,research/references/resource_15.html,unavailable,True,"[""atlas/releases/0.1.0/input_snapshot/research/references/resource_15.html"",""atlas/releases/0.2.0/input_snapshot/releases/0.1.0/input_snapshot/research/references/resource_15.html"",""atlas/releases/0.2.0/input_snapshot/research/references/resource_15.html"",""atlas/research/references/resource_15.html""]","Source registry records document evidence access, not raw biological file availability.",preserved_baseline_0.2.0,cda8f7e324124dbe19fd1d8f88e8b9c943bde9401e736dcbbd0c796f0bb18731,R015,preserved_baseline_0.2.0:R015,resource,GEO,https://www.ncbi.nlm.nih.gov/geo/
resource_landing_page,research/references/resource_16.html,unavailable,True,"[""atlas/releases/0.1.0/input_snapshot/research/references/resource_16.html"",""atlas/releases/0.2.0/input_snapshot/releases/0.1.0/input_snapshot/research/references/resource_16.html"",""atlas/releases/0.2.0/input_snapshot/research/references/resource_16.html"",""atlas/research/references/resource_16.html""]","Source registry records document evidence access, not raw biological file availability.",preserved_baseline_0.2.0,2ad2677117c93b148ae0dcdebe064633fbe1da4309b7b48a51c8e277fe1fa251,R016,preserved_baseline_0.2.0:R016,resource,BioStudies/ArrayExpress,https://www.ebi.ac.uk/biostudies/arrayexpress
resource_landing_page,research/references/resource_17.html,unavailable,True,"[""atlas/releases/0.1.0/input_snapshot/research/references/resource_17.html"",""atlas/releases/0.2.0/input_snapshot/releases/0.1.0/input_snapshot/research/references/resource_17.html"",""atlas/releases/0.2.0/input_snapshot/research/references/resource_17.html"",""atlas/research/references/resource_17.html""]","Source registry records document evidence access, not raw biological file availability.",preserved_baseline_0.2.0,fd2cb3ca8404a66d05485772912d96255cc7f73f95c6dd10e9bc20bfa3f64af5,R017,preserved_baseline_0.2.0:R017,resource,ImmPort,https://www.immport.org/
retrieval_failed,unavailable,unavailable,False,[],"Source registry records document evidence access, not raw biological file availability.",preserved_baseline_0.2.0,unavailable,R018,preserved_baseline_0.2.0:R018,resource,BLUEPRINT,https://www.blueprint-epigenome.eu/
resource_landing_page,research/references/resource_19.html,unavailable,True,"[""atlas/releases/0.1.0/input_snapshot/research/references/resource_19.html"",""atlas/releases/0.2.0/input_snapshot/releases/0.1.0/input_snapshot/research/references/resource_19.html"",""atlas/releases/0.2.0/input_snapshot/research/references/resource_19.html"",""atlas/research/references/resource_19.html""]","Source registry records document evidence access, not raw biological file availability.",preserved_baseline_0.2.0,8a3ba035dc6cda9acafe552c2af2b0571221def0601a5a387a22d207b567c850,R019,preserved_baseline_0.2.0:R019,resource,DICE,https://dice-database.org/
resource_landing_page,research/references/resource_20.html,unavailable,True,"[""atlas/releases/0.1.0/input_snapshot/research/references/resource_20.html"",""atlas/releases/0.2.0/input_snapshot/releases/0.1.0/input_snapshot/research/references/resource_20.html"",""atlas/releases/0.2.0/input_snapshot/research/references/resource_20.html"",""atlas/research/references/resource_20.html""]","Source registry records document evidence access, not raw biological file availability.",preserved_baseline_0.2.0,8ad515e1f6d2f397eb905a8c1566494aaaa3e19f7e692c683d3f6648b8645f77,R020,preserved_baseline_0.2.0:R020,resource,ProteomeXchange,https://www.proteomexchange.org/
resource_landing_page,research/references/resource_21.html,unavailable,True,"[""atlas/releases/0.1.0/input_snapshot/research/references/resource_21.html"",""atlas/releases/0.2.0/input_snapshot/releases/0.1.0/input_snapshot/research/references/resource_21.html"",""atlas/releases/0.2.0/input_snapshot/research/references/resource_21.html"",""atlas/research/references/resource_21.html""]","Source registry records document evidence access, not raw biological file availability.",preserved_baseline_0.2.0,aa9c2044fcadce3637f78c43798812a3ef830b0415cf674b8672b349f8b660f9,R021,preserved_baseline_0.2.0:R021,resource,PRIDE,https://www.ebi.ac.uk/pride/
resource_landing_page,research/references/resource_22.html,unavailable,True,"[""atlas/releases/0.1.0/input_snapshot/research/references/resource_22.html"",""atlas/releases/0.2.0/input_snapshot/releases/0.1.0/input_snapshot/research/references/resource_22.html"",""atlas/releases/0.2.0/input_snapshot/research/references/resource_22.html"",""atlas/research/references/resource_22.html""]","Source registry records document evidence access, not raw biological file availability.",preserved_baseline_0.2.0,5e0cb3553ee8959f280e8fd7da240434e03a885ca8108dde4e20022767c98a5a,R022,preserved_baseline_0.2.0:R022,resource,UniProt,https://www.uniprot.org/
resource_landing_page,research/references/resource_23.html,unavailable,True,"[""atlas/releases/0.1.0/input_snapshot/research/references/resource_23.html"",""atlas/releases/0.2.0/input_snapshot/releases/0.1.0/input_snapshot/research/references/resource_23.html"",""atlas/releases/0.2.0/input_snapshot/research/references/resource_23.html"",""atlas/research/references/resource_23.html""]","Source registry records document evidence access, not raw biological file availability.",preserved_baseline_0.2.0,7ae0b9b85f8737c419b00282de2ac4106165dca2f48e7ef9ce6284e32b9be0fc,R023,preserved_baseline_0.2.0:R023,resource,IUPHAR IL-12,https://www.guidetopharmacology.org/GRAC/LigandDisplayForward?ligandId=4977
API_JSON_identity,research/references/uniprot_CCL11.json,unavailable,True,"[""atlas/releases/0.1.0/input_snapshot/research/references/uniprot_CCL11.json"",""atlas/releases/0.2.0/input_snapshot/releases/0.1.0/input_snapshot/research/references/uniprot_CCL11.json"",""atlas/releases/0.2.0/input_snapshot/research/references/uniprot_CCL11.json"",""atlas/research/references/uniprot_CCL11.json""]","Source registry records document evidence access, not raw biological file availability.",preserved_baseline_0.2.0,e6a6bc43ad1949904efb185cb3ba96d5ed3e6a413be735617d837fe3ca79e901,UP_P51671,preserved_baseline_0.2.0:UP_P51671,resource,CCL11 human protein identity,https://rest.uniprot.org/uniprotkb/P51671.json
API_JSON_identity,research/references/uniprot_CCL13.json,unavailable,True,"[""atlas/releases/0.1.0/input_snapshot/research/references/uniprot_CCL13.json"",""atlas/releases/0.2.0/input_snapshot/releases/0.1.0/input_snapshot/research/references/uniprot_CCL13.json"",""atlas/releases/0.2.0/input_snapshot/research/references/uniprot_CCL13.json"",""atlas/research/references/uniprot_CCL13.json""]","Source registry records document evidence access, not raw biological file availability.",preserved_baseline_0.2.0,fcbf90dfe2f8a72bf34e0f461e00bec4e0570578ffddf5a809db23241157b63e,UP_Q99616,preserved_baseline_0.2.0:UP_Q99616,resource,CCL13 human protein identity,https://rest.uniprot.org/uniprotkb/Q99616.json
API_JSON_identity,research/references/uniprot_CCL17.json,unavailable,True,"[""atlas/releases/0.1.0/input_snapshot/research/references/uniprot_CCL17.json"",""atlas/releases/0.2.0/input_snapshot/releases/0.1.0/input_snapshot/research/references/uniprot_CCL17.json"",""atlas/releases/0.2.0/input_snapshot/research/references/uniprot_CCL17.json"",""atlas/research/references/uniprot_CCL17.json""]","Source registry records document evidence access, not raw biological file availability.",preserved_baseline_0.2.0,91be4ae1029f2f7fda075cd3d71ec7d8c3ccd7e6e9ae67a8008458b91571305e,UP_Q92583,preserved_baseline_0.2.0:UP_Q92583,resource,CCL17 human protein identity,https://rest.uniprot.org/uniprotkb/Q92583.json
API_JSON_identity,research/references/uniprot_CCL2.json,unavailable,True,"[""atlas/releases/0.1.0/input_snapshot/research/references/uniprot_CCL2.json"",""atlas/releases/0.2.0/input_snapshot/releases/0.1.0/input_snapshot/research/references/uniprot_CCL2.json"",""atlas/releases/0.2.0/input_snapshot/research/references/uniprot_CCL2.json"",""atlas/research/references/uniprot_CCL2.json""]","Source registry records document evidence access, not raw biological file availability.",preserved_baseline_0.2.0,af5e39a492bb231b9c574b15072f1571637445068dae3843d2268a4653f02730,UP_P13500,preserved_baseline_0.2.0:UP_P13500,resource,CCL2 human protein identity,https://rest.uniprot.org/uniprotkb/P13500.json
API_JSON_identity,research/references/uniprot_CCL22.json,unavailable,True,"[""atlas/releases/0.1.0/input_snapshot/research/references/uniprot_CCL22.json"",""atlas/releases/0.2.0/input_snapshot/releases/0.1.0/input_snapshot/research/references/uniprot_CCL22.json"",""atlas/releases/0.2.0/input_snapshot/research/references/uniprot_CCL22.json"",""atlas/research/references/uniprot_CCL22.json""]","Source registry records document evidence access, not raw biological file availability.",preserved_baseline_0.2.0,cbd6c304448f3d236ddefa0726c93c66b5a45392ba11605cdfb380f10cd8a514,UP_O00626,preserved_baseline_0.2.0:UP_O00626,resource,CCL22 human protein identity,https://rest.uniprot.org/uniprotkb/O00626.json
API_JSON_identity,research/references/uniprot_CCL26.json,unavailable,True,"[""atlas/releases/0.1.0/input_snapshot/research/references/uniprot_CCL26.json"",""atlas/releases/0.2.0/input_snapshot/releases/0.1.0/input_snapshot/research/references/uniprot_CCL26.json"",""atlas/releases/0.2.0/input_snapshot/research/references/uniprot_CCL26.json"",""atlas/research/references/uniprot_CCL26.json""]","Source registry records document evidence access, not raw biological file availability.",preserved_baseline_0.2.0,77d1b55e180906f46407c713bf0919f1790fc6898249b6548e5aa8ef182fc5ba,UP_Q9Y258,preserved_baseline_0.2.0:UP_Q9Y258,resource,CCL26 human protein identity,https://rest.uniprot.org/uniprotkb/Q9Y258.json
API_JSON_identity,research/references/uniprot_CCL3.json,unavailable,True,"[""atlas/releases/0.1.0/input_snapshot/research/references/uniprot_CCL3.json"",""atlas/releases/0.2.0/input_snapshot/releases/0.1.0/input_snapshot/research/references/uniprot_CCL3.json"",""atlas/releases/0.2.0/input_snapshot/research/references/uniprot_CCL3.json"",""atlas/research/references/uniprot_CCL3.json""]","Source registry records document evidence access, not raw biological file availability.",preserved_baseline_0.2.0,f60c8beadec02ecd90cc38521bf90bc45cb631c3d5926386a9f29d05b4b53576,UP_P10147,preserved_baseline_0.2.0:UP_P10147,resource,CCL3 human protein identity,https://rest.uniprot.org/uniprotkb/P10147.json
API_JSON_identity,research/references/uniprot_CCL4.json,unavailable,True,"[""atlas/releases/0.1.0/input_snapshot/research/references/uniprot_CCL4.json"",""atlas/releases/0.2.0/input_snapshot/releases/0.1.0/input_snapshot/research/references/uniprot_CCL4.json"",""atlas/releases/0.2.0/input_snapshot/research/references/uniprot_CCL4.json"",""atlas/research/references/uniprot_CCL4.json""]","Source registry records document evidence access, not raw biological file availability.",preserved_baseline_0.2.0,bb90d278544edf2ecbd3b263495635f193f9c0b8592d2361835506e8720686de,UP_P13236,preserved_baseline_0.2.0:UP_P13236,resource,CCL4 human protein identity,https://rest.uniprot.org/uniprotkb/P13236.json
API_JSON_identity,research/references/uniprot_CSF2.json,unavailable,True,"[""atlas/releases/0.1.0/input_snapshot/research/references/uniprot_CSF2.json"",""atlas/releases/0.2.0/input_snapshot/releases/0.1.0/input_snapshot/research/references/uniprot_CSF2.json"",""atlas/releases/0.2.0/input_snapshot/research/references/uniprot_CSF2.json"",""atlas/research/references/uniprot_CSF2.json""]","Source registry records document evidence access, not raw biological file availability.",preserved_baseline_0.2.0,59983f09e79dca0479258b562b5c0481124dc92c9bbb71c69497ce09c8430a81,UP_P04141,preserved_baseline_0.2.0:UP_P04141,resource,CSF2 human protein identity,https://rest.uniprot.org/uniprotkb/P04141.json
API_JSON_identity,research/references/uniprot_CXCL10.json,unavailable,True,"[""atlas/releases/0.1.0/input_snapshot/research/references/uniprot_CXCL10.json"",""atlas/releases/0.2.0/input_snapshot/releases/0.1.0/input_snapshot/research/references/uniprot_CXCL10.json"",""atlas/releases/0.2.0/input_snapshot/research/references/uniprot_CXCL10.json"",""atlas/research/references/uniprot_CXCL10.json""]","Source registry records document evidence access, not raw biological file availability.",preserved_baseline_0.2.0,981ca215a3471f7b987ef9ed2e5368f93434400d791a379a9c23c82fd06d3aec,UP_P02778,preserved_baseline_0.2.0:UP_P02778,resource,CXCL10 human protein identity,https://rest.uniprot.org/uniprotkb/P02778.json
API_JSON_identity,research/references/uniprot_CXCL8.json,unavailable,True,"[""atlas/releases/0.1.0/input_snapshot/research/references/uniprot_CXCL8.json"",""atlas/releases/0.2.0/input_snapshot/releases/0.1.0/input_snapshot/research/references/uniprot_CXCL8.json"",""atlas/releases/0.2.0/input_snapshot/research/references/uniprot_CXCL8.json"",""atlas/research/references/uniprot_CXCL8.json""]","Source registry records document evidence access, not raw biological file availability.",preserved_baseline_0.2.0,19da5514a81bf17c3680e117d4e49f86d192fc54826fb022de4d7304b9d81d5d,UP_P10145,preserved_baseline_0.2.0:UP_P10145,resource,CXCL8 human protein identity,https://rest.uniprot.org/uniprotkb/P10145.json
API_JSON_identity,research/references/uniprot_IFNG.json,unavailable,True,"[""atlas/releases/0.1.0/input_snapshot/research/references/uniprot_IFNG.json"",""atlas/releases/0.2.0/input_snapshot/releases/0.1.0/input_snapshot/research/references/uniprot_IFNG.json"",""atlas/releases/0.2.0/input_snapshot/research/references/uniprot_IFNG.json"",""atlas/research/references/uniprot_IFNG.json""]","Source registry records document evidence access, not raw biological file availability.",preserved_baseline_0.2.0,9d276b5007880b6ba39d35194c87745c3f60f2bc2793468062e88328f3e5b205,UP_P01579,preserved_baseline_0.2.0:UP_P01579,resource,IFNG human protein identity,https://rest.uniprot.org/uniprotkb/P01579.json
API_JSON_identity,research/references/uniprot_IL10.json,unavailable,True,"[""atlas/releases/0.1.0/input_snapshot/research/references/uniprot_IL10.json"",""atlas/releases/0.2.0/input_snapshot/releases/0.1.0/input_snapshot/research/references/uniprot_IL10.json"",""atlas/releases/0.2.0/input_snapshot/research/references/uniprot_IL10.json"",""atlas/research/references/uniprot_IL10.json""]","Source registry records document evidence access, not raw biological file availability.",preserved_baseline_0.2.0,fd6bde5be61aa73ba6aac09bcff9fc92036b580367c09f9969b725174b649b1e,UP_P22301,preserved_baseline_0.2.0:UP_P22301,resource,IL10 human protein identity,https://rest.uniprot.org/uniprotkb/P22301.json
API_JSON_identity,research/references/uniprot_IL12A.json,unavailable,True,"[""atlas/releases/0.1.0/input_snapshot/research/references/uniprot_IL12A.json"",""atlas/releases/0.2.0/input_snapshot/releases/0.1.0/input_snapshot/research/references/uniprot_IL12A.json"",""atlas/releases/0.2.0/input_snapshot/research/references/uniprot_IL12A.json"",""atlas/research/references/uniprot_IL12A.json""]","Source registry records document evidence access, not raw biological file availability.",preserved_baseline_0.2.0,ce089ec46e6ee82b91bdf4a3f8e1263c83baaeb28081dd8eaed5ffd1b959a022,UP_P29459,preserved_baseline_0.2.0:UP_P29459,resource,IL12A human protein identity,https://rest.uniprot.org/uniprotkb/P29459.json
API_JSON_identity,research/references/uniprot_IL12B.json,unavailable,True,"[""atlas/releases/0.1.0/input_snapshot/research/references/uniprot_IL12B.json"",""atlas/releases/0.2.0/input_snapshot/releases/0.1.0/input_snapshot/research/references/uniprot_IL12B.json"",""atlas/releases/0.2.0/input_snapshot/research/references/uniprot_IL12B.json"",""atlas/research/references/uniprot_IL12B.json""]","Source registry records document evidence access, not raw biological file availability.",preserved_baseline_0.2.0,aefe8f13ba48952f0d1548e466bd3143647a8f9eadf1f722e070a8be5c9b5b18,UP_P29460,preserved_baseline_0.2.0:UP_P29460,resource,IL12B human protein identity,https://rest.uniprot.org/uniprotkb/P29460.json
API_JSON_identity,research/references/uniprot_IL13.json,unavailable,True,"[""atlas/releases/0.1.0/input_snapshot/research/references/uniprot_IL13.json"",""atlas/releases/0.2.0/input_snapshot/releases/0.1.0/input_snapshot/research/references/uniprot_IL13.json"",""atlas/releases/0.2.0/input_snapshot/research/references/uniprot_IL13.json"",""atlas/research/references/uniprot_IL13.json""]","Source registry records document evidence access, not raw biological file availability.",preserved_baseline_0.2.0,3664589414d41a843764556324da2a279cdd2ed1a7097b007e92d282366c1306,UP_P35225,preserved_baseline_0.2.0:UP_P35225,resource,IL13 human protein identity,https://rest.uniprot.org/uniprotkb/P35225.json
API_JSON_identity,research/references/uniprot_IL15.json,unavailable,True,"[""atlas/releases/0.1.0/input_snapshot/research/references/uniprot_IL15.json"",""atlas/releases/0.2.0/input_snapshot/releases/0.1.0/input_snapshot/research/references/uniprot_IL15.json"",""atlas/releases/0.2.0/input_snapshot/research/references/uniprot_IL15.json"",""atlas/research/references/uniprot_IL15.json""]","Source registry records document evidence access, not raw biological file availability.",preserved_baseline_0.2.0,a682b20afa52bfb33d35f98a5f30fa3cbaa2dac4da49acdd9bc67d2f31600c75,UP_P40933,preserved_baseline_0.2.0:UP_P40933,resource,IL15 human protein identity,https://rest.uniprot.org/uniprotkb/P40933.json
API_JSON_identity,research/references/uniprot_IL16.json,unavailable,True,"[""atlas/releases/0.1.0/input_snapshot/research/references/uniprot_IL16.json"",""atlas/releases/0.2.0/input_snapshot/releases/0.1.0/input_snapshot/research/references/uniprot_IL16.json"",""atlas/releases/0.2.0/input_snapshot/research/references/uniprot_IL16.json"",""atlas/research/references/uniprot_IL16.json""]","Source registry records document evidence access, not raw biological file availability.",preserved_baseline_0.2.0,787cb9ed6c0d5736719e08f5ad3cd7823cf1f13060e4bccb0b2c36a564d44fe0,UP_Q14005,preserved_baseline_0.2.0:UP_Q14005,resource,IL16 human protein identity,https://rest.uniprot.org/uniprotkb/Q14005.json
API_JSON_identity,research/references/uniprot_IL17A.json,unavailable,True,"[""atlas/releases/0.1.0/input_snapshot/research/references/uniprot_IL17A.json"",""atlas/releases/0.2.0/input_snapshot/releases/0.1.0/input_snapshot/research/references/uniprot_IL17A.json"",""atlas/releases/0.2.0/input_snapshot/research/references/uniprot_IL17A.json"",""atlas/research/references/uniprot_IL17A.json""]","Source registry records document evidence access, not raw biological file availability.",preserved_baseline_0.2.0,b475356a182537e3717192dd12b849b0ef559d1e61fe2cd60322ae54c7348e23,UP_Q16552,preserved_baseline_0.2.0:UP_Q16552,resource,IL17A human protein identity,https://rest.uniprot.org/uniprotkb/Q16552.json
API_JSON_identity,research/references/uniprot_IL1A.json,unavailable,True,"[""atlas/releases/0.1.0/input_snapshot/research/references/uniprot_IL1A.json"",""atlas/releases/0.2.0/input_snapshot/releases/0.1.0/input_snapshot/research/references/uniprot_IL1A.json"",""atlas/releases/0.2.0/input_snapshot/research/references/uniprot_IL1A.json"",""atlas/research/references/uniprot_IL1A.json""]","Source registry records document evidence access, not raw biological file availability.",preserved_baseline_0.2.0,9fc3a121a644741a9d7ffd41844dab9e556c2821ded130273979b51e6855140b,UP_P01583,preserved_baseline_0.2.0:UP_P01583,resource,IL1A human protein identity,https://rest.uniprot.org/uniprotkb/P01583.json
API_JSON_identity,research/references/uniprot_IL1B.json,unavailable,True,"[""atlas/releases/0.1.0/input_snapshot/research/references/uniprot_IL1B.json"",""atlas/releases/0.2.0/input_snapshot/releases/0.1.0/input_snapshot/research/references/uniprot_IL1B.json"",""atlas/releases/0.2.0/input_snapshot/research/references/uniprot_IL1B.json"",""atlas/research/references/uniprot_IL1B.json""]","Source registry records document evidence access, not raw biological file availability.",preserved_baseline_0.2.0,80677a941288d75bfa9451844eff7a9ed29b1dc718bf7658ab8d7470ac3a89a4,UP_P01584,preserved_baseline_0.2.0:UP_P01584,resource,IL1B human protein identity,https://rest.uniprot.org/uniprotkb/P01584.json
API_JSON_identity,research/references/uniprot_IL2.json,unavailable,True,"[""atlas/releases/0.1.0/input_snapshot/research/references/uniprot_IL2.json"",""atlas/releases/0.2.0/input_snapshot/releases/0.1.0/input_snapshot/research/references/uniprot_IL2.json"",""atlas/releases/0.2.0/input_snapshot/research/references/uniprot_IL2.json"",""atlas/research/references/uniprot_IL2.json""]","Source registry records document evidence access, not raw biological file availability.",preserved_baseline_0.2.0,11b4c9dfb95dcf90ba6f3abafdab2ef3290293eca78158c748d50152ea456f14,UP_P60568,preserved_baseline_0.2.0:UP_P60568,resource,IL2 human protein identity,https://rest.uniprot.org/uniprotkb/P60568.json
API_JSON_identity,research/references/uniprot_IL4.json,unavailable,True,"[""atlas/releases/0.1.0/input_snapshot/research/references/uniprot_IL4.json"",""atlas/releases/0.2.0/input_snapshot/releases/0.1.0/input_snapshot/research/references/uniprot_IL4.json"",""atlas/releases/0.2.0/input_snapshot/research/references/uniprot_IL4.json"",""atlas/research/references/uniprot_IL4.json""]","Source registry records document evidence access, not raw biological file availability.",preserved_baseline_0.2.0,d356080c4ed94add51e600bb3a563628a9dc099bedf5c3d95372da7b290ab2cf,UP_P05112,preserved_baseline_0.2.0:UP_P05112,resource,IL4 human protein identity,https://rest.uniprot.org/uniprotkb/P05112.json
API_JSON_identity,research/references/uniprot_IL5.json,unavailable,True,"[""atlas/releases/0.1.0/input_snapshot/research/references/uniprot_IL5.json"",""atlas/releases/0.2.0/input_snapshot/releases/0.1.0/input_snapshot/research/references/uniprot_IL5.json"",""atlas/releases/0.2.0/input_snapshot/research/references/uniprot_IL5.json"",""atlas/research/references/uniprot_IL5.json""]","Source registry records document evidence access, not raw biological file availability.",preserved_baseline_0.2.0,60d57a8bcd962eb40fb7343e4cde9ee004ebd1da4e5976b9b031f087305dc5b1,UP_P05113,preserved_baseline_0.2.0:UP_P05113,resource,IL5 human protein identity,https://rest.uniprot.org/uniprotkb/P05113.json
API_JSON_identity,research/references/uniprot_IL6.json,unavailable,True,"[""atlas/releases/0.1.0/input_snapshot/research/references/uniprot_IL6.json"",""atlas/releases/0.2.0/input_snapshot/releases/0.1.0/input_snapshot/research/references/uniprot_IL6.json"",""atlas/releases/0.2.0/input_snapshot/research/references/uniprot_IL6.json"",""atlas/research/references/uniprot_IL6.json""]","Source registry records document evidence access, not raw biological file availability.",preserved_baseline_0.2.0,6fb15320a443a455a08fe049b9a077f539a106072baac06b1f448de35b381a39,UP_P05231,preserved_baseline_0.2.0:UP_P05231,resource,IL6 human protein identity,https://rest.uniprot.org/uniprotkb/P05231.json
API_JSON_identity,research/references/uniprot_IL7.json,unavailable,True,"[""atlas/releases/0.1.0/input_snapshot/research/references/uniprot_IL7.json"",""atlas/releases/0.2.0/input_snapshot/releases/0.1.0/input_snapshot/research/references/uniprot_IL7.json"",""atlas/releases/0.2.0/input_snapshot/research/references/uniprot_IL7.json"",""atlas/research/references/uniprot_IL7.json""]","Source registry records document evidence access, not raw biological file availability.",preserved_baseline_0.2.0,26f432747e41c5c725665d514634018aab2fd66b119cefc5262e607fe27404d9,UP_P13232,preserved_baseline_0.2.0:UP_P13232,resource,IL7 human protein identity,https://rest.uniprot.org/uniprotkb/P13232.json
API_JSON_identity,research/references/uniprot_LTA.json,unavailable,True,"[""atlas/releases/0.1.0/input_snapshot/research/references/uniprot_LTA.json"",""atlas/releases/0.2.0/input_snapshot/releases/0.1.0/input_snapshot/research/references/uniprot_LTA.json"",""atlas/releases/0.2.0/input_snapshot/research/references/uniprot_LTA.json"",""atlas/research/references/uniprot_LTA.json""]","Source registry records document evidence access, not raw biological file availability.",preserved_baseline_0.2.0,37c513b236b9a61bcc7835f974add2d051f2191f4d3a1b1ebb10f7181b98a69f,UP_P01374,preserved_baseline_0.2.0:UP_P01374,resource,LTA human protein identity,https://rest.uniprot.org/uniprotkb/P01374.json
API_JSON_identity,research/references/uniprot_TNF.json,unavailable,True,"[""atlas/releases/0.1.0/input_snapshot/research/references/uniprot_TNF.json"",""atlas/releases/0.2.0/input_snapshot/releases/0.1.0/input_snapshot/research/references/uniprot_TNF.json"",""atlas/releases/0.2.0/input_snapshot/research/references/uniprot_TNF.json"",""atlas/research/references/uniprot_TNF.json""]","Source registry records document evidence access, not raw biological file availability.",preserved_baseline_0.2.0,e0ff0ba226d6d35a9fff2f24366edb2f7bf6bba1c8e6ae18c907f8463b2623f7,UP_P01375,preserved_baseline_0.2.0:UP_P01375,resource,TNF human protein identity,https://rest.uniprot.org/uniprotkb/P01375.json
API_JSON_identity,research/references/uniprot_VEGFA.json,unavailable,True,"[""atlas/releases/0.1.0/input_snapshot/research/references/uniprot_VEGFA.json"",""atlas/releases/0.2.0/input_snapshot/releases/0.1.0/input_snapshot/research/references/uniprot_VEGFA.json"",""atlas/releases/0.2.0/input_snapshot/research/references/uniprot_VEGFA.json"",""atlas/research/references/uniprot_VEGFA.json""]","Source registry records document evidence access, not raw biological file availability.",preserved_baseline_0.2.0,64143d4a8be940508a41a64616aa5f24d96b12c5538fb514424d9606a2adc6c3,UP_P15692,preserved_baseline_0.2.0:UP_P15692,resource,VEGFA human protein identity,https://rest.uniprot.org/uniprotkb/P15692.json
full_text,research/cytokine/snapshots/PMC10781646.xml,10.1038/s41586-023-06816-9,True,"[""atlas/releases/0.1.0/input_snapshot/research/cytokine/snapshots/PMC10781646.xml"",""atlas/releases/0.2.0/input_snapshot/releases/0.1.0/input_snapshot/research/cytokine/snapshots/PMC10781646.xml"",""atlas/releases/0.2.0/input_snapshot/research/cytokine/snapshots/PMC10781646.xml"",""atlas/research/cytokine/snapshots/PMC10781646.xml""]","Source registry records document evidence access, not raw biological file availability.",preserved_baseline_0.2.0,cdeefd81ddec026ccc32292d2ff428312e9331187217f2baf95b73386227a133,C-S01,preserved_baseline_0.2.0:C-S01,primary_study,Dictionary of immune responses to cytokines at single-cell resolution,https://www.nature.com/articles/s41586-023-06816-9
full_text_sections_via_web_tool,research/cytokine/snapshots/open1.json,10.64898/2025.12.12.693897,True,"[""atlas/releases/0.1.0/input_snapshot/research/cytokine/snapshots/open1.json"",""atlas/releases/0.2.0/input_snapshot/releases/0.1.0/input_snapshot/research/cytokine/snapshots/open1.json"",""atlas/releases/0.2.0/input_snapshot/research/cytokine/snapshots/open1.json"",""atlas/research/cytokine/snapshots/open1.json""]","Source registry records document evidence access, not raw biological file availability.",preserved_baseline_0.2.0,3b52b42ebbe3ef495120b4daa7d388bf60f5fb0fb8a27b60edfaf0016d7c9263,C-S02,preserved_baseline_0.2.0:C-S02,preprint,A single-cell cytokine dictionary of human peripheral blood,https://pmc.ncbi.nlm.nih.gov/articles/PMC12724453/
full_text_sections_via_web_tool,research/cytokine/snapshots/open6.json,10.1038/s41592-021-01274-5,True,"[""atlas/releases/0.1.0/input_snapshot/research/cytokine/snapshots/open6.json"",""atlas/releases/0.2.0/input_snapshot/releases/0.1.0/input_snapshot/research/cytokine/snapshots/open6.json"",""atlas/releases/0.2.0/input_snapshot/research/cytokine/snapshots/open6.json"",""atlas/research/cytokine/snapshots/open6.json""]","Source registry records document evidence access, not raw biological file availability.",preserved_baseline_0.2.0,8d198a3c0e20035dc2ee4945dc7d7e9b581c7f54264b674b9f13620187e8706f,C-S03,preserved_baseline_0.2.0:C-S03,resource,Systematic investigation of cytokine signaling activity at the tissue and single-cell levels,https://pmc.ncbi.nlm.nih.gov/articles/PMC8493809/
full_text_OCR,research/cytokine/snapshots/PMC2119001.xml,10.1084/jem.174.5.1209,True,"[""atlas/releases/0.1.0/input_snapshot/research/cytokine/snapshots/PMC2119001.xml"",""atlas/releases/0.2.0/input_snapshot/releases/0.1.0/input_snapshot/research/cytokine/snapshots/PMC2119001.xml"",""atlas/releases/0.2.0/input_snapshot/research/cytokine/snapshots/PMC2119001.xml"",""atlas/research/cytokine/snapshots/PMC2119001.xml""]","Source registry records document evidence access, not raw biological file availability.",preserved_baseline_0.2.0,75a1f66ee0b4bcc5761557e1dc4fe4805791b7022f585d5d67e9e7d97aa30e61,C-S04,preserved_baseline_0.2.0:C-S04,primary_study,Interleukin 10(IL-10) inhibits cytokine synthesis by human monocytes: an autoregulatory role of IL-10 produced by monocytes,https://pubmed.ncbi.nlm.nih.gov/1940799/
full_text_viewed_selected_passages_archived,research/fulltext_followup/chrome_STAT3_passages.json,10.1111/j.1365-2249.2006.03291.x,True,"[""atlas/releases/0.2.0/input_snapshot/research/fulltext_followup/chrome_STAT3_passages.json"",""atlas/research/fulltext_followup/chrome_STAT3_passages.json""]","Source registry records document evidence access, not raw biological file availability.",preserved_baseline_0.2.0,26caa1f74bb007094bcbe3d026abacebf6086c8edd2d949288f7bc419ed8f3a2,C-S05,preserved_baseline_0.2.0:C-S05,primary_study,Activated signal transducer and activator of transcription-3 (STAT3) is a poor regulator of tumour necrosis factor-α production by human monocytes,https://pmc.ncbi.nlm.nih.gov/articles/PMC1810496/
full_text_sections_via_web_tool,research/cytokine/snapshots/open2.json,10.18632/oncotarget.6536,True,"[""atlas/releases/0.1.0/input_snapshot/research/cytokine/snapshots/open2.json"",""atlas/releases/0.2.0/input_snapshot/releases/0.1.0/input_snapshot/research/cytokine/snapshots/open2.json"",""atlas/releases/0.2.0/input_snapshot/research/cytokine/snapshots/open2.json"",""atlas/research/cytokine/snapshots/open2.json""]","Source registry records document evidence access, not raw biological file availability.",preserved_baseline_0.2.0,f9514d5acc67bcd4c065709c3ad0da971699e1c268100b3b55be3cd1abd6dcc0,C-S06,preserved_baseline_0.2.0:C-S06,primary_study,Transpresentation of interleukin-15 by IL-15/IL-15Rα mRNA-engineered human dendritic cells boosts antitumoral natural killer cell activity,https://pmc.ncbi.nlm.nih.gov/articles/PMC4792546/
full_text_viewed_selected_passages_archived,research/fulltext_followup/chrome_NK_DC_passages.json,10.1073/pnas.0407522101,True,"[""atlas/releases/0.2.0/input_snapshot/research/fulltext_followup/chrome_NK_DC_passages.json"",""atlas/research/fulltext_followup/chrome_NK_DC_passages.json""]","Source registry records document evidence access, not raw biological file availability.",preserved_baseline_0.2.0,8d49f2cff939f486ed2007014c6af5498c6a1c3bc7ccf671ca8fab16f7f95f10,C-S07,preserved_baseline_0.2.0:C-S07,primary_study,Distinct roles of IL-12 and IL-15 in human natural killer cell activation by dendritic cells from secondary lymphoid organs,https://pmc.ncbi.nlm.nih.gov/articles/PMC534504/
full_text,research/cytokine/snapshots/PMC2193232.xml,10.1084/jem.192.4.517,True,"[""atlas/releases/0.1.0/input_snapshot/research/cytokine/snapshots/PMC2193232.xml"",""atlas/releases/0.2.0/input_snapshot/releases/0.1.0/input_snapshot/research/cytokine/snapshots/PMC2193232.xml"",""atlas/releases/0.2.0/input_snapshot/research/cytokine/snapshots/PMC2193232.xml"",""atlas/research/cytokine/snapshots/PMC2193232.xml""]","Source registry records document evidence access, not raw biological file availability.",preserved_baseline_0.2.0,1cafaa4e24ae1789756440cdece1e9670fa0bc6c27f40f7adf9616f69512cc57,C-S08,preserved_baseline_0.2.0:C-S08,primary_study,Residual Type 1 Immunity in Patients Genetically Deficient for Interleukin 12 Receptor β1 (IL-12Rβ1): Evidence for an IL-12Rβ1–Independent Pathway of IL-12 Responsiveness in Human T Cells,https://pmc.ncbi.nlm.nih.gov/articles/PMC2193232/
full_text,research/cytokine/snapshots/PMC12776526.xml,10.21203/rs.3.rs-8337240/v1,True,"[""atlas/releases/0.1.0/input_snapshot/research/cytokine/snapshots/PMC12776526.xml"",""atlas/releases/0.2.0/input_snapshot/releases/0.1.0/input_snapshot/research/cytokine/snapshots/PMC12776526.xml"",""atlas/releases/0.2.0/input_snapshot/research/cytokine/snapshots/PMC12776526.xml"",""atlas/research/cytokine/snapshots/PMC12776526.xml""]","Source registry records document evidence access, not raw biological file availability.",preserved_baseline_0.2.0,b5eb7fa311846f14f30de12ff62393c3bb13203e3890632dadcc2bffd19430b0,C-S09,preserved_baseline_0.2.0:C-S09,preprint,A single-cell cytokine dictionary of human peripheral blood,https://pmc.ncbi.nlm.nih.gov/articles/PMC12776526/
full_text,research/genomic/snapshots/G01_fulltext.html,10.1126/science.1246949,True,"[""atlas/releases/0.1.0/input_snapshot/research/genomic/snapshots/G01_fulltext.html"",""atlas/releases/0.2.0/input_snapshot/releases/0.1.0/input_snapshot/research/genomic/snapshots/G01_fulltext.html"",""atlas/releases/0.2.0/input_snapshot/research/genomic/snapshots/G01_fulltext.html"",""atlas/research/genomic/snapshots/G01_fulltext.html""]","Source registry records document evidence access, not raw biological file availability.",preserved_baseline_0.2.0,ca2b3158a5ede8d44f8def50e8c0ebe859f9744a1eb8f6fa8567d8da77f6ee47,G01,preserved_baseline_0.2.0:G01,primary_study,Innate Immune Activity Conditions the Effect of Regulatory Variants upon Monocyte Gene Expression,https://pmc.ncbi.nlm.nih.gov/articles/PMC4064786/
full_text,research/genomic/snapshots/G02_fulltext.html,10.1038/nature23875,True,"[""atlas/releases/0.1.0/input_snapshot/research/genomic/snapshots/G02_fulltext.html"",""atlas/releases/0.2.0/input_snapshot/releases/0.1.0/input_snapshot/research/genomic/snapshots/G02_fulltext.html"",""atlas/releases/0.2.0/input_snapshot/research/genomic/snapshots/G02_fulltext.html"",""atlas/research/genomic/snapshots/G02_fulltext.html""]","Source registry records document evidence access, not raw biological file availability.",preserved_baseline_0.2.0,d9d79f2a8201bf96a7fa80b68ef492f431a922ca879ab2973f9bf6c3a2a639f3,G02,preserved_baseline_0.2.0:G02,primary_study,Discovery of stimulation-responsive immune enhancers with CRISPR activation,https://pmc.ncbi.nlm.nih.gov/articles/PMC5675716/
full_text,research/genomic/snapshots/G03_fulltext.html,10.1016/j.cell.2017.03.007,True,"[""atlas/releases/0.1.0/input_snapshot/research/genomic/snapshots/G03_fulltext.html"",""atlas/releases/0.2.0/input_snapshot/releases/0.1.0/input_snapshot/research/genomic/snapshots/G03_fulltext.html"",""atlas/releases/0.2.0/input_snapshot/research/genomic/snapshots/G03_fulltext.html"",""atlas/research/genomic/snapshots/G03_fulltext.html""]","Source registry records document evidence access, not raw biological file availability.",preserved_baseline_0.2.0,6bde78d536f1eb9d88c669269432b0d59c0e02155d5f02f54fbb7690c5ff1df8,G03,preserved_baseline_0.2.0:G03,primary_study,Human epistatic interaction controls IL7R splicing and increases Multiple Sclerosis risk,https://pmc.ncbi.nlm.nih.gov/articles/PMC5456452/
full_text,research/genomic/snapshots/G04_fulltext.html,10.1016/j.cell.2018.10.022,True,"[""atlas/releases/0.1.0/input_snapshot/research/genomic/snapshots/G04_fulltext.html"",""atlas/releases/0.2.0/input_snapshot/releases/0.1.0/input_snapshot/research/genomic/snapshots/G04_fulltext.html"",""atlas/releases/0.2.0/input_snapshot/research/genomic/snapshots/G04_fulltext.html"",""atlas/research/genomic/snapshots/G04_fulltext.html""]","Source registry records document evidence access, not raw biological file availability.",preserved_baseline_0.2.0,b00f8fea385ccd45e5f52e4dec0e77ba2e8904404c4f9c6003fa846a98976c2e,G04,preserved_baseline_0.2.0:G04,primary_study,Impact of genetic polymorphisms on human immune cell gene expression,https://pmc.ncbi.nlm.nih.gov/articles/PMC6289654/
full_text,research/genomic/snapshots/G05_fulltext.html,10.1016/j.cell.2016.10.026,True,"[""atlas/releases/0.1.0/input_snapshot/research/genomic/snapshots/G05_fulltext.html"",""atlas/releases/0.2.0/input_snapshot/releases/0.1.0/input_snapshot/research/genomic/snapshots/G05_fulltext.html"",""atlas/releases/0.2.0/input_snapshot/research/genomic/snapshots/G05_fulltext.html"",""atlas/research/genomic/snapshots/G05_fulltext.html""]","Source registry records document evidence access, not raw biological file availability.",preserved_baseline_0.2.0,188969120233572f5e81a117857db69883c9f3dc74b85b9291a627e7b2fcd135,G05,preserved_baseline_0.2.0:G05,primary_study,Genetic Drivers of Epigenetic and Transcriptional Variation in Human Immune Cells,https://pmc.ncbi.nlm.nih.gov/articles/PMC5119954/
abstract_and_metadata,research/genomic/snapshots/G06_open.txt,10.1126/science.abf3041,True,"[""atlas/releases/0.1.0/input_snapshot/research/genomic/snapshots/G06_open.txt"",""atlas/releases/0.2.0/input_snapshot/releases/0.1.0/input_snapshot/research/genomic/snapshots/G06_open.txt"",""atlas/releases/0.2.0/input_snapshot/research/genomic/snapshots/G06_open.txt"",""atlas/research/genomic/snapshots/G06_open.txt""]","Source registry records document evidence access, not raw biological file availability.",preserved_baseline_0.2.0,12ff96ede606113d227851de616310821525737269843b19b5863385e17f2402,G06,preserved_baseline_0.2.0:G06,primary_study,Single-cell eQTL mapping identifies cell type-specific genetic control of autoimmune disease,https://pubmed.ncbi.nlm.nih.gov/35389779/
full_text,research/genomic/snapshots/G07_fulltext.html,10.1038/s41588-022-01066-3,True,"[""atlas/releases/0.1.0/input_snapshot/research/genomic/snapshots/G07_fulltext.html"",""atlas/releases/0.2.0/input_snapshot/releases/0.1.0/input_snapshot/research/genomic/snapshots/G07_fulltext.html"",""atlas/releases/0.2.0/input_snapshot/research/genomic/snapshots/G07_fulltext.html"",""atlas/research/genomic/snapshots/G07_fulltext.html""]","Source registry records document evidence access, not raw biological file availability.",preserved_baseline_0.2.0,90dec76f49467727354b9ec9f7e3a1689c75a4879fe92702917f4458ffed15b5,G07,preserved_baseline_0.2.0:G07,primary_study,Immune disease risk variants regulate gene expression dynamics during CD4+ T cell activation,https://pmc.ncbi.nlm.nih.gov/articles/PMC9197762/
full_primary_article_selected_methods_results,research/fulltext_followup/G08_Gregory2007_selected_primary.json,10.1038/ng2103,True,"[""atlas/releases/0.2.0/input_snapshot/research/fulltext_followup/G08_Gregory2007_selected_primary.json"",""atlas/research/fulltext_followup/G08_Gregory2007_selected_primary.json""]","Source registry records document evidence access, not raw biological file availability.",preserved_baseline_0.2.0,ae29b2bea667a83778423f0c1847678f67402f525336a471a7e0ad53bd455d6a,G08,preserved_baseline_0.2.0:G08,primary_study,Interleukin 7 receptor alpha chain (IL7R) shows allelic and functional association with multiple sclerosis,https://pubmed.ncbi.nlm.nih.gov/17660817/
full_text,research/genomic/snapshots/G09_fulltext.html,10.1126/science.1246980,True,"[""atlas/releases/0.1.0/input_snapshot/research/genomic/snapshots/G09_fulltext.html"",""atlas/releases/0.2.0/input_snapshot/releases/0.1.0/input_snapshot/research/genomic/snapshots/G09_fulltext.html"",""atlas/releases/0.2.0/input_snapshot/research/genomic/snapshots/G09_fulltext.html"",""atlas/research/genomic/snapshots/G09_fulltext.html""]","Source registry records document evidence access, not raw biological file availability.",preserved_baseline_0.2.0,2757c6c4e56a14030dc9f42d38c01dfad94e2d0472e36d013f96f35e697781fb,G09,preserved_baseline_0.2.0:G09,primary_study,Common Genetic Variants Modulate Pathogen-Sensing Responses in Human Dendritic Cells,https://pmc.ncbi.nlm.nih.gov/articles/PMC4124741/
full_text,research/genomic/snapshots/G10_fulltext.html,10.1038/s41467-019-12393-1,True,"[""atlas/releases/0.1.0/input_snapshot/research/genomic/snapshots/G10_fulltext.html"",""atlas/releases/0.2.0/input_snapshot/releases/0.1.0/input_snapshot/research/genomic/snapshots/G10_fulltext.html"",""atlas/releases/0.2.0/input_snapshot/research/genomic/snapshots/G10_fulltext.html"",""atlas/research/genomic/snapshots/G10_fulltext.html""]","Source registry records document evidence access, not raw biological file availability.",preserved_baseline_0.2.0,fd9b54e4e1b84f4dc51b3cd26a3f379f611eced0f5e63d99555bd0b85b454efa,G10,preserved_baseline_0.2.0:G10,primary_study,Context-specific regulation of surface and soluble IL7R expression by an autoimmune risk allele,https://pmc.ncbi.nlm.nih.gov/articles/PMC6783569/
full_text_selected_methods_and_results_via_primary_paper_copy,research/fulltext_followup/atlas_followup_paper.json,10.1038/ni.3693,True,"[""atlas/releases/0.2.0/input_snapshot/research/fulltext_followup/atlas_followup_paper.json"",""atlas/research/fulltext_followup/atlas_followup_paper.json""]","Source registry records document evidence access, not raw biological file availability.",preserved_baseline_0.2.0,74d4494d3a446ab73cbb4d04acac8f5fbf8179803908fa653f2f0292bd0a4800,P_S01,preserved_baseline_0.2.0:P_S01,primary_study,Social network architecture of human immune cells unveiled by quantitative proteomics,https://www.nature.com/articles/ni.3693
full_text,research/proteomic/snapshots/bendall_fulltext.html,10.1126/science.1198704,True,"[""atlas/releases/0.1.0/input_snapshot/research/proteomic/snapshots/bendall_fulltext.html"",""atlas/releases/0.2.0/input_snapshot/releases/0.1.0/input_snapshot/research/proteomic/snapshots/bendall_fulltext.html"",""atlas/releases/0.2.0/input_snapshot/research/proteomic/snapshots/bendall_fulltext.html"",""atlas/research/proteomic/snapshots/bendall_fulltext.html""]","Source registry records document evidence access, not raw biological file availability.",preserved_baseline_0.2.0,73c3dcc246f01706db7fd878734c3f2d836391da1e7918f4315acf1bddef8c55,P_S02,preserved_baseline_0.2.0:P_S02,primary_study,Single-cell mass cytometry of differential immune and drug responses across a human hematopoietic continuum,https://pmc.ncbi.nlm.nih.gov/articles/PMC3273988/
full_text_relevant_methods_and_results_via_primary_repository_index,research/fulltext_followup/proteomic_followup_methods.json,10.1038/nmeth.4380,True,"[""atlas/releases/0.2.0/input_snapshot/research/fulltext_followup/proteomic_followup_methods.json"",""atlas/research/fulltext_followup/proteomic_followup_methods.json""]","Source registry records document evidence access, not raw biological file availability.",preserved_baseline_0.2.0,eb045f5d63885ab3b55909802a521902a35d174a50b0273e639b7efd91492663,P_S03,preserved_baseline_0.2.0:P_S03,primary_study,Simultaneous epitope and transcriptome measurement in single cells,https://www.nature.com/articles/nmeth.4380
full_text,research/proteomic/snapshots/reap_fulltext.pdf,10.1038/nbt.3973,True,"[""atlas/releases/0.1.0/input_snapshot/research/proteomic/snapshots/reap_fulltext.pdf"",""atlas/releases/0.2.0/input_snapshot/releases/0.1.0/input_snapshot/research/proteomic/snapshots/reap_fulltext.pdf"",""atlas/releases/0.2.0/input_snapshot/research/proteomic/snapshots/reap_fulltext.pdf"",""atlas/research/proteomic/snapshots/reap_fulltext.pdf""]","Source registry records document evidence access, not raw biological file availability.",preserved_baseline_0.2.0,bba7753a2baea26cb649e574e530791a040f1d37958b1e59f244d9331058356d,P_S04,preserved_baseline_0.2.0:P_S04,primary_study,Multiplexed quantification of proteins and transcripts in single cells,https://www.nature.com/articles/nbt.3973
full_text_sections,research/proteomic/snapshots/open3.json,10.1038/s41586-023-06592-6,True,"[""atlas/releases/0.1.0/input_snapshot/research/proteomic/snapshots/open3.json"",""atlas/releases/0.2.0/input_snapshot/releases/0.1.0/input_snapshot/research/proteomic/snapshots/open3.json"",""atlas/releases/0.2.0/input_snapshot/research/proteomic/snapshots/open3.json"",""atlas/research/proteomic/snapshots/open3.json""]","Source registry records document evidence access, not raw biological file availability.",preserved_baseline_0.2.0,55bf684aea6dba87a915b28e45488c912f5fc6eb2b3f021e3aba8f5436cc20b8,P_S05,preserved_baseline_0.2.0:P_S05,primary_study,Plasma proteomic associations with genetics and health in the UK Biobank,https://www.nature.com/articles/s41586-023-06592-6
full_text_sections,research/proteomic/snapshots/extract2.json,10.1038/s41586-023-06563-x,True,"[""atlas/releases/0.1.0/input_snapshot/research/proteomic/snapshots/extract2.json"",""atlas/releases/0.2.0/input_snapshot/releases/0.1.0/input_snapshot/research/proteomic/snapshots/extract2.json"",""atlas/releases/0.2.0/input_snapshot/research/proteomic/snapshots/extract2.json"",""atlas/research/proteomic/snapshots/extract2.json""]","Source registry records document evidence access, not raw biological file availability.",preserved_baseline_0.2.0,5e6d7a8cb7fdc9c6d6036c9b2d612244bf0de03bc62ebca77ea7298f883325d8,P_S06,preserved_baseline_0.2.0:P_S06,primary_study,Large-scale plasma proteomics comparisons through genetics and disease associations,https://www.nature.com/articles/s41586-023-06563-x
full_text_sections,research/proteomic/snapshots/extract3.json,10.1038/s41467-025-56935-2,True,"[""atlas/releases/0.1.0/input_snapshot/research/proteomic/snapshots/extract3.json"",""atlas/releases/0.2.0/input_snapshot/releases/0.1.0/input_snapshot/research/proteomic/snapshots/extract3.json"",""atlas/releases/0.2.0/input_snapshot/research/proteomic/snapshots/extract3.json"",""atlas/research/proteomic/snapshots/extract3.json""]","Source registry records document evidence access, not raw biological file availability.",preserved_baseline_0.2.0,6af3e7c4129c2432098ba3fef4eca06a4e83b0cd3777c9c95af48ef369c48252,P_S07,preserved_baseline_0.2.0:P_S07,primary_study,Comparative studies of 2168 plasma proteins measured by two affinity-based platforms in 4000 Chinese adults,https://www.nature.com/articles/s41467-025-56935-2
full_text,research/proteomic/snapshots/platelet_fulltext.html,10.1083/jcb.200105058,True,"[""atlas/releases/0.1.0/input_snapshot/research/proteomic/snapshots/platelet_fulltext.html"",""atlas/releases/0.2.0/input_snapshot/releases/0.1.0/input_snapshot/research/proteomic/snapshots/platelet_fulltext.html"",""atlas/releases/0.2.0/input_snapshot/research/proteomic/snapshots/platelet_fulltext.html"",""atlas/research/proteomic/snapshots/platelet_fulltext.html""]","Source registry records document evidence access, not raw biological file availability.",preserved_baseline_0.2.0,13728c96a93ea8a6762c20dae81bab2979cb84046a4f42b2432b735c02151359,P_S08,preserved_baseline_0.2.0:P_S08,primary_study,Activated platelets mediate inflammatory signaling by regulated interleukin 1β synthesis,https://pmc.ncbi.nlm.nih.gov/articles/PMC2196422/
full_text_sections_via_web_tool,research/cytokine_expansion/snapshots/open01.json,10.4049/jimmunol.180.6.4182,True,"[""atlas/releases/0.2.0/input_snapshot/research/cytokine_expansion/snapshots/open01.json"",""atlas/research/cytokine_expansion/snapshots/open01.json""]","Source registry records document evidence access, not raw biological file availability.",preserved_baseline_0.2.0,20bcd212cf3860600b2f07c1cc658ee61b8b68cab6c39e5ef69481b775b9a04f,XCI-S01,preserved_baseline_0.2.0:XCI-S01,primary_study,Cross-Talk between ICAM-1 and Granulocyte-Macrophage Colony-Stimulating Factor Receptor Signaling Modulates Eosinophil Survival and Activation,https://pmc.ncbi.nlm.nih.gov/articles/PMC4465562/
full_article_inspected_via_Chrome_selected_passages_archived,research/cytokine_expansion/snapshots/PMC2198963_selected.txt,10.1084/jem.186.1.121,True,"[""atlas/releases/0.2.0/input_snapshot/research/cytokine_expansion/snapshots/PMC2198963_selected.txt"",""atlas/research/cytokine_expansion/snapshots/PMC2198963_selected.txt""]","Source registry records document evidence access, not raw biological file availability.",preserved_baseline_0.2.0,a257de5e5496e32330ee6dc4fab139a61df54e0c599dc470bea63e9ea407957b,XCI-S02,preserved_baseline_0.2.0:XCI-S02,primary_study,An Interleukin 5 Mutant Distinguishes between Two Functional Responses in Human Eosinophils,https://pmc.ncbi.nlm.nih.gov/articles/PMC2198963/
full_article_inspected_via_Chrome_selected_passages_archived,research/cytokine_expansion/snapshots/PMC6581624_selected.txt,10.4049/jimmunol.1801570,True,"[""atlas/releases/0.2.0/input_snapshot/research/cytokine_expansion/snapshots/PMC6581624_selected.txt"",""atlas/research/cytokine_expansion/snapshots/PMC6581624_selected.txt""]","Source registry records document evidence access, not raw biological file availability.",preserved_baseline_0.2.0,d9a5bdf7302e77e310d70c5f64cf23c436fa127c5d1ae4554a4e28dd33c67283,XCI-S03,preserved_baseline_0.2.0:XCI-S03,primary_study,CD25 and protein phosphatase 2A cooperate to enhance IL-2R signaling in human regulatory T cells,https://pmc.ncbi.nlm.nih.gov/articles/PMC6581624/
full_article_inspected_via_Chrome_selected_passages_archived,research/cytokine_expansion/snapshots/PMC5172478_selected.txt,10.1371/journal.pone.0167215,True,"[""atlas/releases/0.2.0/input_snapshot/research/cytokine_expansion/snapshots/PMC5172478_selected.txt"",""atlas/research/cytokine_expansion/snapshots/PMC5172478_selected.txt""]","Source registry records document evidence access, not raw biological file availability.",preserved_baseline_0.2.0,4713510a1cf3a6534d0694b3dd7ad1f00fddf8012e02b26080cd4f097e9575ca,XCI-S04,preserved_baseline_0.2.0:XCI-S04,primary_study,Time-Dependent Regulation of IL-2R α-Chain (CD25) Expression by TCR Signal Strength and IL-2-Induced STAT5 Signaling in Activated Human Blood T Lymphocytes,https://pmc.ncbi.nlm.nih.gov/articles/PMC5172478/
full_article_inspected_via_Chrome_selected_passages_archived,research/cytokine_expansion/snapshots/PMC4709758_selected.txt,10.1155/2015/436067,True,"[""atlas/releases/0.2.0/input_snapshot/research/cytokine_expansion/snapshots/PMC4709758_selected.txt"",""atlas/research/cytokine_expansion/snapshots/PMC4709758_selected.txt""]","Source registry records document evidence access, not raw biological file availability.",preserved_baseline_0.2.0,31c3de47536fbbddcfbd7576b9778d3fd4ec0a3aa66ae8e9f75456c3d80480eb,XCI-S05,preserved_baseline_0.2.0:XCI-S05,primary_study,Gene Expression Profiling of IL-17A-Treated Synovial Fibroblasts from the Human Temporomandibular Joint,https://pmc.ncbi.nlm.nih.gov/articles/PMC4709758/
full_article_inspected_via_Chrome_selected_passages_archived,research/cytokine_expansion/snapshots/PMC3656131_selected.txt,10.1038/jid.2012.512,True,"[""atlas/releases/0.2.0/input_snapshot/research/cytokine_expansion/snapshots/PMC3656131_selected.txt"",""atlas/research/cytokine_expansion/snapshots/PMC3656131_selected.txt""]","Source registry records document evidence access, not raw biological file availability.",preserved_baseline_0.2.0,88996d97ce409e8181e32b8ec75f5ead269caabcd2e79452769a95ca1710a9c5,XCI-S06,preserved_baseline_0.2.0:XCI-S06,primary_study,IL-1R1 signaling facilitates Munro’s microabscess formation in psoriasiform imiquimod-induced skin inflammation,https://pmc.ncbi.nlm.nih.gov/articles/PMC3656131/
full_article_inspected_via_Chrome_selected_passages_archived,research/cytokine_expansion/snapshots/PMC9576869_selected.txt,10.3389/fimmu.2022.984045,True,"[""atlas/releases/0.2.0/input_snapshot/research/cytokine_expansion/snapshots/PMC9576869_selected.txt"",""atlas/research/cytokine_expansion/snapshots/PMC9576869_selected.txt""]","Source registry records document evidence access, not raw biological file availability.",preserved_baseline_0.2.0,12ba8b0c2948b4072686e7b70fa621bb1a53bdebbc76d0dbc8547a1bd1b8608a,XCI-S07,preserved_baseline_0.2.0:XCI-S07,primary_study,Dermal fibroblasts are the key sensors of aseptic skin inflammation through interleukin 1 release by lesioned keratinocytes,https://pmc.ncbi.nlm.nih.gov/articles/PMC9576869/
full_article_inspected_via_Chrome_selected_passages_archived,research/cytokine_expansion/snapshots/PMC2673366_selected.txt,10.1111/j.1365-2567.2008.02903.x,True,"[""atlas/releases/0.2.0/input_snapshot/research/cytokine_expansion/snapshots/PMC2673366_selected.txt"",""atlas/research/cytokine_expansion/snapshots/PMC2673366_selected.txt""]","Source registry records document evidence access, not raw biological file availability.",preserved_baseline_0.2.0,8743d685793f380d13a8188302d3c0e81fd2958dfb3bfad5d058a9c3d0b8536b,XCI-S08,preserved_baseline_0.2.0:XCI-S08,primary_study,Human mid-gestation amniotic fluid contains interleukin-16 bioactivity,https://pmc.ncbi.nlm.nih.gov/articles/PMC2673366/
full_text_methods_results_excerpts,research/chemokine_expansion/snapshots/followup_fullmethods1.json,10.1172/JCI119145,True,"[""atlas/releases/0.2.0/input_snapshot/research/chemokine_expansion/snapshots/followup_fullmethods1.json"",""atlas/research/chemokine_expansion/snapshots/followup_fullmethods1.json""]","Source registry records document evidence access, not raw biological file availability.",preserved_baseline_0.2.0,2878795f19b69d040debb0a455dc5a71971059d6cd403ace304a1f3c73b4655a,XCH_S001,preserved_baseline_0.2.0:XCH_S001,primary_study,Chemokine receptor usage by human eosinophils. The importance of CCR3 demonstrated using an antagonistic monoclonal antibody.,https://pubmed.ncbi.nlm.nih.gov/9005985/
full_text_chrome_selected_passages,research/chemokine_expansion/snapshots/Provost2013_chrome.txt,10.1189/jlb.0212074,True,"[""atlas/releases/0.2.0/input_snapshot/research/chemokine_expansion/snapshots/Provost2013_chrome.txt"",""atlas/research/chemokine_expansion/snapshots/Provost2013_chrome.txt""]","Source registry records document evidence access, not raw biological file availability.",preserved_baseline_0.2.0,db3e82e3879360f1ab9bc229f9b2f0c4338afe6d2226502fcea0d7dde57bce51,XCH_S002,preserved_baseline_0.2.0:XCH_S002,primary_study,CCL26/eotaxin-3 is more effective to induce the migration of eosinophils of asthmatics than CCL11/eotaxin-1 and CCL24/eotaxin-2,https://jlb.onlinelibrary.wiley.com/doi/full/10.1189/jlb.0212074
full_text_chrome_selected_passages,research/chemokine_expansion/snapshots/Godiska1997_chrome.txt,10.1084/jem.185.9.1595,True,"[""atlas/releases/0.2.0/input_snapshot/research/chemokine_expansion/snapshots/Godiska1997_chrome.txt"",""atlas/research/chemokine_expansion/snapshots/Godiska1997_chrome.txt""]","Source registry records document evidence access, not raw biological file availability.",preserved_baseline_0.2.0,e78920682e3c4dbae1c53fd441be4347b1b681c57c27e4d9735588fe5df6e5db,XCH_S003,preserved_baseline_0.2.0:XCH_S003,primary_study,"Human macrophage-derived chemokine (MDC), a novel chemoattractant for monocytes, monocyte-derived dendritic cells, and natural killer cells",https://pubmed.ncbi.nlm.nih.gov/9151897/
full_text_tool_response,research/chemokine_expansion/snapshots/open1.json,10.1016/S0002-9440(10)64077-1,True,"[""atlas/releases/0.2.0/input_snapshot/research/chemokine_expansion/snapshots/open1.json"",""atlas/research/chemokine_expansion/snapshots/open1.json""]","Source registry records document evidence access, not raw biological file availability.",preserved_baseline_0.2.0,7d698aacc66a6779732ed19f39161b236edfd167dd490c6271f5a1732b10d2d6,XCH_S004,preserved_baseline_0.2.0:XCH_S004,primary_study,Macrophage-Derived Chemokine (MDC/CCL22) and CCR4 Are Involved in the Formation of T Lymphocyte-Dendritic Cell Clusters in Human Inflamed Skin and Secondary Lymphoid Tissue,https://pmc.ncbi.nlm.nih.gov/articles/PMC1891894/
abstract,research/chemokine_expansion/snapshots/open3.json,10.1126/science.7682337,True,"[""atlas/releases/0.2.0/input_snapshot/research/chemokine_expansion/snapshots/open3.json"",""atlas/research/chemokine_expansion/snapshots/open3.json""]","Source registry records document evidence access, not raw biological file availability.",preserved_baseline_0.2.0,41d43672588a41471e8f6feb0e57e4b386a6ae66457f3e374d9313ae5ecb8a28,XCH_S005,preserved_baseline_0.2.0:XCH_S005,primary_study,Preferential migration of activated CD4+ and CD8+ T cells in response to MIP-1 alpha and MIP-1 beta.,https://pubmed.ncbi.nlm.nih.gov/7682337/
primary_article_excerpt,research/chemokine_expansion/snapshots/open3.json,10.1016/0022-1759(95)00087-q,True,"[""atlas/releases/0.2.0/input_snapshot/research/chemokine_expansion/snapshots/open3.json"",""atlas/research/chemokine_expansion/snapshots/open3.json""]","Source registry records document evidence access, not raw biological file availability.",preserved_baseline_0.2.0,41d43672588a41471e8f6feb0e57e4b386a6ae66457f3e374d9313ae5ecb8a28,XCH_S006,preserved_baseline_0.2.0:XCH_S006,primary_study,Chemotaxis of T lymphocytes on extracellular matrix proteins: Analysis of the in vitro method to quantitate chemotaxis of human T cells,https://www.sciencedirect.com/science/article/pii/002217599500087Q
full_text_chrome_selected_passages,research/chemokine_expansion/snapshots/Viney2014_chrome.txt,10.4049/jimmunol.1300232,True,"[""atlas/releases/0.2.0/input_snapshot/research/chemokine_expansion/snapshots/Viney2014_chrome.txt"",""atlas/research/chemokine_expansion/snapshots/Viney2014_chrome.txt""]","Source registry records document evidence access, not raw biological file availability.",preserved_baseline_0.2.0,98a580bc653e9a6d9acac0b081287f7389b81732f331e7118620965fc550a101,XCH_S007,preserved_baseline_0.2.0:XCH_S007,primary_study,Distinct conformations of the chemokine receptor CCR4 with implications for its targeting in allergy,https://pmc.ncbi.nlm.nih.gov/articles/PMC3965571/
full_text_primary_pdf_selected_passages,research/fulltext_followup/XCH_S008_Loetscher1996_selected_primary.json,10.1084/jem.184.3.963,True,"[""atlas/releases/0.2.0/input_snapshot/research/fulltext_followup/XCH_S008_Loetscher1996_selected_primary.json"",""atlas/research/fulltext_followup/XCH_S008_Loetscher1996_selected_primary.json""]","Source registry records document evidence access, not raw biological file availability.",preserved_baseline_0.2.0,8e2348c3968eb66097d95214eb45d8fdc4946b2f21b3a4a9449b7f97afe8976f,XCH_S008,preserved_baseline_0.2.0:XCH_S008,primary_study,"Chemokine receptor specific for IP10 and mig: structure, function, and expression in activated T-lymphocytes.",https://pmc.ncbi.nlm.nih.gov/articles/PMC2192763/
full_text_chrome_selected_passages,research/chemokine_expansion/snapshots/Agostini2001_chrome.txt,10.1016/S0002-9440(10)64126-0,True,"[""atlas/releases/0.2.0/input_snapshot/research/chemokine_expansion/snapshots/Agostini2001_chrome.txt"",""atlas/research/chemokine_expansion/snapshots/Agostini2001_chrome.txt""]","Source registry records document evidence access, not raw biological file availability.",preserved_baseline_0.2.0,a67f2adc3ad98ca5492909a6ce51ce7acf754730eb58e1fcd262a04e0077416b,XCH_S009,preserved_baseline_0.2.0:XCH_S009,primary_study,CXCR3 and Its Ligand CXCL10 Are Expressed by Inflammatory Cells Infiltrating Lung Allografts and Mediate Chemotaxis of T Cells at Sites of Rejection,https://pmc.ncbi.nlm.nih.gov/articles/PMC1891930/
full_text_chrome_selected_passages,research/chemokine_expansion/snapshots/ScalleyKim2012_chrome.txt,10.1371/journal.pone.0043332,True,"[""atlas/releases/0.2.0/input_snapshot/research/chemokine_expansion/snapshots/ScalleyKim2012_chrome.txt"",""atlas/research/chemokine_expansion/snapshots/ScalleyKim2012_chrome.txt""]","Source registry records document evidence access, not raw biological file availability.",preserved_baseline_0.2.0,d51cd8c1af55301b05ea981a56e9253281df189c09da41cf274fba0d4b21c5ea,XCH_S010,preserved_baseline_0.2.0:XCH_S010,primary_study,A Novel Highly Potent Therapeutic Antibody Neutralizes Multiple Human Chemokines and Mimics Viral Immune Modulation,https://pmc.ncbi.nlm.nih.gov/articles/PMC3422223/
full_text_relevant_methods_and_results_inspected,research/receptor_expansion/snapshots/xre_search2.json,10.1084/jem.20080452,True,"[""atlas/releases/0.2.0/input_snapshot/research/receptor_expansion/snapshots/xre_search2.json"",""atlas/research/receptor_expansion/snapshots/xre_search2.json""]","Source registry records document evidence access, not raw biological file availability.",preserved_baseline_0.2.0,13d75a13349dcfadd610dc3cf228ccb8f8a43c350a678aa1b5b653635c42c21d,XRE-S01,preserved_baseline_0.2.0:XRE-S01,primary_study,"Tuning sensitivity to IL-4 and IL-13: differential expression of IL-4Rα, IL-13Rα1, and γc regulates relative cytokine sensitivity",https://pmc.ncbi.nlm.nih.gov/articles/PMC2571934/
full_text_relevant_methods_and_results_inspected,research/receptor_expansion/snapshots/root_il1_full.json,10.1371/journal.pone.0031874,True,"[""atlas/releases/0.2.0/input_snapshot/research/receptor_expansion/snapshots/root_il1_full.json"",""atlas/research/receptor_expansion/snapshots/root_il1_full.json""]","Source registry records document evidence access, not raw biological file availability.",preserved_baseline_0.2.0,321f8d897377b06bad61a6ab1c5b1b314d8bb384d9ff57f119f8ce41294a5bf3,XRE-S02,preserved_baseline_0.2.0:XRE-S02,primary_study,Shear Stress Modulation of IL-1β-Induced E-Selectin Expression in Human Endothelial Cells,https://journals.plos.org/plosone/article?id=10.1371/journal.pone.0031874
full_text_relevant_methods_and_results_inspected,research/receptor_expansion/snapshots/root_lta_full.json,10.1371/journal.pone.0033106,True,"[""atlas/releases/0.2.0/input_snapshot/research/receptor_expansion/snapshots/root_lta_full.json"",""atlas/research/receptor_expansion/snapshots/root_lta_full.json""]","Source registry records document evidence access, not raw biological file availability.",preserved_baseline_0.2.0,3e3b32826dea23c9e7b718e126c3ff0938fc46a788ed675154c2c000e67176e6,XRE-S03,preserved_baseline_0.2.0:XRE-S03,primary_study,In Vivo Depletion of Lymphotoxin-Alpha Expressing Lymphocytes Inhibits Xenogeneic Graft-versus-Host-Disease,https://journals.plos.org/plosone/article?id=10.1371/journal.pone.0033106
full_text_relevant_methods_and_results_inspected,research/receptor_expansion/snapshots/root_search3.json,10.1182/blood.V87.8.3336.bloodjournal8783336,True,"[""atlas/releases/0.2.0/input_snapshot/research/receptor_expansion/snapshots/root_search3.json"",""atlas/research/receptor_expansion/snapshots/root_search3.json""]","Source registry records document evidence access, not raw biological file availability.",preserved_baseline_0.2.0,2efc4ce2ae19e59ae1298184570a38e6b3a29dee06dc0d0e2e4d17102f1ab9e9,XRE-S04,preserved_baseline_0.2.0:XRE-S04,primary_study,Migration of Human Monocytes in Response to Vascular Endothelial Growth Factor (VEGF) Is Mediated via the VEGF Receptor flt-1,https://www.sciencedirect.com/science/article/pii/S0006497120647383
full_text_relevant_methods_and_results_inspected,research/receptor_expansion/snapshots/root_il12_full.json,10.1158/2326-6066.CIR-16-0233,True,"[""atlas/releases/0.2.0/input_snapshot/research/receptor_expansion/snapshots/root_il12_full.json"",""atlas/research/receptor_expansion/snapshots/root_il12_full.json""]","Source registry records document evidence access, not raw biological file availability.",preserved_baseline_0.2.0,5c397f66d393b6d80c36fb74eccca1480b1a68961854ee3bb49800a81120fe7c,XRE-S05,preserved_baseline_0.2.0:XRE-S05,primary_study,Human Dendritic Cells Mitigate NK-Cell Dysfunction Mediated by Nonselective JAK1/2 Blockade,https://pmc.ncbi.nlm.nih.gov/articles/PMC5335862/
full_text_relevant_methods_and_results_inspected,research/receptor_expansion/snapshots/root_full_sources.json,10.1172/JCI119821,True,"[""atlas/releases/0.2.0/input_snapshot/research/receptor_expansion/snapshots/root_full_sources.json"",""atlas/research/receptor_expansion/snapshots/root_full_sources.json""]","Source registry records document evidence access, not raw biological file availability.",preserved_baseline_0.2.0,4b4b4601986daba61a336ebf3a6a763f2770456dbbf749ac9c76a05254abbbf7,XRE-S06,preserved_baseline_0.2.0:XRE-S06,primary_study,Retrograde inflammatory signaling from neutrophils to endothelial cells by soluble interleukin-6 receptor alpha.,https://www.jci.org/articles/view/119821
full_text_selected_methods_results,research/mechanisms_genetic/snapshots/MG01_selected_primary.txt,10.1016/j.cell.2017.03.007,True,"[""atlas/candidates/0.3.0/input_snapshot/research/mechanisms_genetic/snapshots/MG01_selected_primary.txt"",""atlas/research/mechanisms_genetic/snapshots/MG01_selected_primary.txt""]","Source registry records document evidence access, not raw biological file availability.",unreviewed_candidate_0.3.0,1b7d4a7034f0520e8c93f5c3c715f84a95c28c987f17e2532e6dcd5627db77c7,MG01,unreviewed_candidate_0.3.0:MG01,primary_study,Human Epistatic Interaction Controls IL7R Splicing and Increases Multiple Sclerosis Risk,https://pmc.ncbi.nlm.nih.gov/articles/PMC5456452/
primary_pdf_selected_methods_results,research/mechanisms_genetic/snapshots/MG02_Gregory_results_methods.txt,10.1038/ng2103,True,"[""atlas/candidates/0.3.0/input_snapshot/research/mechanisms_genetic/snapshots/MG02_Gregory_results_methods.txt"",""atlas/research/mechanisms_genetic/snapshots/MG02_Gregory_results_methods.txt""]","Source registry records document evidence access, not raw biological file availability.",unreviewed_candidate_0.3.0,46d1165731e6ba61e55e5e7ef0808bd8142383579fe3fa5ac7e3f28a5523fae3,MG02,unreviewed_candidate_0.3.0:MG02,primary_study,Interleukin 7 receptor alpha chain (IL7R) shows allelic and functional association with multiple sclerosis,https://www.nature.com/articles/ng2103
full_text_selected_methods_results,research/mechanisms_genetic/snapshots/MG03_selected_primary.txt,10.1038/s41467-019-12393-1,True,"[""atlas/candidates/0.3.0/input_snapshot/research/mechanisms_genetic/snapshots/MG03_selected_primary.txt"",""atlas/research/mechanisms_genetic/snapshots/MG03_selected_primary.txt""]","Source registry records document evidence access, not raw biological file availability.",unreviewed_candidate_0.3.0,b3e36dc04f248316dc575f56b05205e1f93a92c43023c33a5eda69119d868fa5,MG03,unreviewed_candidate_0.3.0:MG03,primary_study,Context-specific regulation of surface and soluble IL7R expression by an autoimmune risk allele,https://pmc.ncbi.nlm.nih.gov/articles/PMC6783569/
full_text_selected_methods_results,research/mechanisms_genetic/snapshots/MG04_CD4_results.txt,10.1186/s13059-024-03176-z,True,"[""atlas/candidates/0.3.0/input_snapshot/research/mechanisms_genetic/snapshots/MG04_CD4_results.txt"",""atlas/research/mechanisms_genetic/snapshots/MG04_CD4_results.txt""]","Source registry records document evidence access, not raw biological file availability.",unreviewed_candidate_0.3.0,eefb8d111de51c8af999499eb6455ffd064ec91549f4033b2caed4d870798be4,MG04,unreviewed_candidate_0.3.0:MG04,primary_study,Mapping the functional impact of non-coding regulatory elements in primary T cells through single-cell CRISPR screens,https://link.springer.com/article/10.1186/s13059-024-03176-z
full_text_selected_methods_results,research/mechanisms_genetic/snapshots/MG05_fulltext.html,10.1038/s41586-024-07501-1,True,"[""atlas/candidates/0.3.0/input_snapshot/research/mechanisms_genetic/snapshots/MG05_fulltext.html"",""atlas/research/mechanisms_genetic/snapshots/MG05_fulltext.html""]","Source registry records document evidence access, not raw biological file availability.",unreviewed_candidate_0.3.0,e5ed84ca9dd92d843302cc60d5f08169c7b7da8e2cd2ddcf3a2fb0fd46192b8a,MG05,unreviewed_candidate_0.3.0:MG05,primary_study,A disease-associated gene desert directs macrophage inflammation through ETS2,https://pmc.ncbi.nlm.nih.gov/articles/PMC11168933/
full_text_primary_methods_results_inspected,research/mechanisms_activation/snapshots/MA_S01_full.txt,10.1084/jem.20182009,True,"[""atlas/candidates/0.3.0/input_snapshot/research/mechanisms_activation/snapshots/MA_S01_full.txt"",""atlas/research/mechanisms_activation/snapshots/MA_S01_full.txt""]","Source registry records document evidence access, not raw biological file availability.",unreviewed_candidate_0.3.0,0510e3dcfe737257c3118f273492e05f76d643896062a8957267eef966cad549,MA-S01,unreviewed_candidate_0.3.0:MA-S01,primary_study,AP-1 activity induced by co-stimulation is required for chromatin opening during T cell activation,https://pmc.ncbi.nlm.nih.gov/articles/PMC7037242/
full_text_primary_methods_results_inspected,research/mechanisms_activation/snapshots/MA_S02_full.txt,10.1016/j.clim.2013.04.014,True,"[""atlas/candidates/0.3.0/input_snapshot/research/mechanisms_activation/snapshots/MA_S02_full.txt"",""atlas/research/mechanisms_activation/snapshots/MA_S02_full.txt""]","Source registry records document evidence access, not raw biological file availability.",unreviewed_candidate_0.3.0,e532abc1ae62a5bfdf846d752ed8913cc4a31ec3365212e0e51d6383d4633741,MA-S02,unreviewed_candidate_0.3.0:MA-S02,primary_study,Differentiating the roles of STAT5B and STAT5A in human CD4+ T cells,https://pmc.ncbi.nlm.nih.gov/articles/PMC4169138/
full_text_primary_methods_results_inspected,research/mechanisms_activation/snapshots/MA_S03_full.txt,10.1038/s41590-020-0784-4,True,"[""atlas/candidates/0.3.0/input_snapshot/research/mechanisms_activation/snapshots/MA_S03_full.txt"",""atlas/research/mechanisms_activation/snapshots/MA_S03_full.txt""]","Source registry records document evidence access, not raw biological file availability.",unreviewed_candidate_0.3.0,9b7f0485c866ffe4363cd6b0b3aebb279b0e705eccbf874779fa4779e2a64e8e,MA-S03,unreviewed_candidate_0.3.0:MA-S03,primary_study,Functional CRISPR dissection of gene networks controlling human regulatory T cell identity,https://pmc.ncbi.nlm.nih.gov/articles/PMC7577958/
full_text_primary_methods_results_inspected,research/mechanisms_activation/snapshots/MA_S04_full.txt,10.3389/fimmu.2021.655122,True,"[""atlas/candidates/0.3.0/input_snapshot/research/mechanisms_activation/snapshots/MA_S04_full.txt"",""atlas/research/mechanisms_activation/snapshots/MA_S04_full.txt""]","Source registry records document evidence access, not raw biological file availability.",unreviewed_candidate_0.3.0,d58269eec27f9e8555e1aaea766e5e091f300fcb277883776cd8ad6538266895,MA-S04,unreviewed_candidate_0.3.0:MA-S04,primary_study,Fast and Efficient Genome Editing of Human FOXP3+ Regulatory T Cells,https://www.frontiersin.org/journals/immunology/articles/10.3389/fimmu.2021.655122/full
full_text_primary_methods_results_inspected,research/mechanisms_activation/snapshots/MA_S05_full.txt,10.1182/blood-2006-02-004747,True,"[""atlas/candidates/0.3.0/input_snapshot/research/mechanisms_activation/snapshots/MA_S05_full.txt"",""atlas/research/mechanisms_activation/snapshots/MA_S05_full.txt""]","Source registry records document evidence access, not raw biological file availability.",unreviewed_candidate_0.3.0,56151f37553491bab0d5afd9a6a92e130477c1cbbb9160f0c9edea40b76510f3,MA-S05,unreviewed_candidate_0.3.0:MA-S05,primary_study,IL-2 regulates FOXP3 expression in human CD4+CD25+ regulatory T cells through a STAT-dependent mechanism and induces the expansion of these cells in vivo,https://pmc.ncbi.nlm.nih.gov/articles/PMC1895505/
partial_primary_article_and_analysis_supplement,research/mechanisms_activation/snapshots/MA_S06_full.txt,10.1038/s41586-025-08795-5,True,"[""atlas/candidates/0.3.0/input_snapshot/research/mechanisms_activation/snapshots/MA_S06_full.txt"",""atlas/research/mechanisms_activation/snapshots/MA_S06_full.txt""]","Source registry records document evidence access, not raw biological file availability.",unreviewed_candidate_0.3.0,c83609107e9fb39e58eb4f9486f2c76e65ca656a9edc24ca01e92893afa5544c,MA-S06,unreviewed_candidate_0.3.0:MA-S06,primary_study,Genome-wide CRISPR screen in human T cells reveals regulators of FOXP3,https://www.nature.com/articles/s41586-025-08795-5
full_text_primary_methods_results_inspected,research/mechanisms_activation/snapshots/MA_S07_full.txt,10.1371/journal.pone.0001581,True,"[""atlas/candidates/0.3.0/input_snapshot/research/mechanisms_activation/snapshots/MA_S07_full.txt"",""atlas/research/mechanisms_activation/snapshots/MA_S07_full.txt""]","Source registry records document evidence access, not raw biological file availability.",unreviewed_candidate_0.3.0,0bbf99005de825e9cee6760d8e217ca610cf7f3a091715c8d7fe69305ad37c99,MA-S07,unreviewed_candidate_0.3.0:MA-S07,primary_study,Negative Feedback Regulation of T Cells via Interleukin-2 and FOXP3 Reciprocity,https://pmc.ncbi.nlm.nih.gov/articles/PMC2265256/
full_text_methods_results_inspected,research/mechanisms_antigen/snapshots/MP_Restifo1996.html,10.1093/jnci/88.2.100,True,"[""atlas/candidates/0.3.0/input_snapshot/research/mechanisms_antigen/snapshots/MP_Restifo1996.html"",""atlas/research/mechanisms_antigen/snapshots/MP_Restifo1996.html""]","Source registry records document evidence access, not raw biological file availability.",unreviewed_candidate_0.3.0,d3c2b5bf1562aa290e430d603f9741c2d0f4980319999d6c9a72a689b16d22e7,MP_S001,unreviewed_candidate_0.3.0:MP_S001,primary_study,Loss of Functional Beta2-Microglobulin in Metastatic Melanomas From Five Patients Receiving Immunotherapy,https://pmc.ncbi.nlm.nih.gov/articles/PMC2248456/
full_text_methods_results_inspected,research/mechanisms_antigen/snapshots/MP_deLaSalle1999.html,10.1172/JCI5687,True,"[""atlas/candidates/0.3.0/input_snapshot/research/mechanisms_antigen/snapshots/MP_deLaSalle1999.html"",""atlas/research/mechanisms_antigen/snapshots/MP_deLaSalle1999.html""]","Source registry records document evidence access, not raw biological file availability.",unreviewed_candidate_0.3.0,ad1c589296cb98baaffa912f88d3a9efef2a2e59add69100a9114dc62c65b3c3,MP_S002,unreviewed_candidate_0.3.0:MP_S002,primary_study,HLA class I deficiencies due to mutations in subunit 1 of the peptide transporter TAP1,https://www.jci.org/articles/view/5687
full_text_methods_results_inspected,research/mechanisms_antigen/snapshots/MP_deLaSalle2002.html,10.1046/j.1365-2249.2002.01862.x,True,"[""atlas/candidates/0.3.0/input_snapshot/research/mechanisms_antigen/snapshots/MP_deLaSalle2002.html"",""atlas/research/mechanisms_antigen/snapshots/MP_deLaSalle2002.html""]","Source registry records document evidence access, not raw biological file availability.",unreviewed_candidate_0.3.0,205b7a1f5b3f73fcf77d3d759fb50d8d1e70837113638bd16ece112113ebc2bc,MP_S003,unreviewed_candidate_0.3.0:MP_S003,primary_study,Asymptomatic deficiency in the peptide transporter associated to antigen processing (TAP),https://pmc.ncbi.nlm.nih.gov/articles/PMC1906261/
full_text_methods_results_inspected,research/mechanisms_antigen/snapshots/MP_Landmann2001.html,10.1084/jem.194.4.379,True,"[""atlas/candidates/0.3.0/input_snapshot/research/mechanisms_antigen/snapshots/MP_Landmann2001.html"",""atlas/research/mechanisms_antigen/snapshots/MP_Landmann2001.html""]","Source registry records document evidence access, not raw biological file availability.",unreviewed_candidate_0.3.0,5fe14728208db35b80e05129195732c8ae7ab84c0803d36a5ff6384f34924ecd,MP_S004,unreviewed_candidate_0.3.0:MP_S004,primary_study,Maturation of Dendritic Cells Is Accompanied by Rapid Transcriptional Silencing of Class II Transactivator (Ciita) Expression,https://pmc.ncbi.nlm.nih.gov/articles/PMC2193505/
full_text_methods_results_inspected,research/mechanisms_antigen/snapshots/MP_ERAP2021.html,10.4049/jimmunol.2100686,True,"[""atlas/candidates/0.3.0/input_snapshot/research/mechanisms_antigen/snapshots/MP_ERAP2021.html"",""atlas/research/mechanisms_antigen/snapshots/MP_ERAP2021.html""]","Source registry records document evidence access, not raw biological file availability.",unreviewed_candidate_0.3.0,0bb28cc238a1c41dacbe730f991af3919701262fdb66f413134cecdca4d85067,MP_S005,unreviewed_candidate_0.3.0:MP_S005,primary_study,ERAP1 Controls the Autoimmune Response against Melanocytes in Psoriasis by Generating the Melanocyte Autoantigen and Regulating its Amount for HLA-C*06:02 Presentation,https://pmc.ncbi.nlm.nih.gov/articles/PMC7611875/
full_text_methods_results_inspected,research/mechanisms_antigen/snapshots/MP_Kuilman2025.html,10.1038/s41467-024-55420-6,True,"[""atlas/candidates/0.3.0/input_snapshot/research/mechanisms_antigen/snapshots/MP_Kuilman2025.html"",""atlas/research/mechanisms_antigen/snapshots/MP_Kuilman2025.html""]","Source registry records document evidence access, not raw biological file availability.",unreviewed_candidate_0.3.0,f27872f9a76a1b9e563227650cb9056ce16e7fc9d92e7ab525b0fb02742ad3fd,MP_S006,unreviewed_candidate_0.3.0:MP_S006,primary_study,Enabling next-generation engineered TCR-T therapies based on high-throughput TCR discovery from diagnostic tumor biopsies,https://www.nature.com/articles/s41467-024-55420-6
full_text_methods_results_inspected,research/mechanisms_antigen/snapshots/MP_He2025.html,10.3390/cells14242002,True,"[""atlas/candidates/0.3.0/input_snapshot/research/mechanisms_antigen/snapshots/MP_He2025.html"",""atlas/research/mechanisms_antigen/snapshots/MP_He2025.html""]","Source registry records document evidence access, not raw biological file availability.",unreviewed_candidate_0.3.0,6c2321c449829422d897a29270aa063e6c84913e53d0313809341aa0a39cc4ea,MP_S007,unreviewed_candidate_0.3.0:MP_S007,primary_study,B Cells Can Trigger the T-Cell-Mediated Autoimmune Response Against Melanocytes in Psoriasis,https://pmc.ncbi.nlm.nih.gov/articles/PMC12732238/
