accession_or_record_id,dataset_id,eligibility,full_record_table,independent_cohort_count,modality,participant_count,processed_access_status,raw_access_evidence,raw_access_status,repository,repository_sample_count,review_status,scope,specimen,subset_rule,title,url
GSE17156,FLU:GSE17156,included_human_influenza_challenge,influenza_studies,,"[""Expression profiling by array""]",,public,See file-level classification; sequencing count matrices are derived data.,public,NCBI GEO,113,catalogue_curation_pending_review,Influenza challenge search,whole blood,Include influenza A H3N2 subset; exclude RSV and rhinovirus participants.,Gene expression signatures of symptomatic respiratory viral infection in adults,https://www.ncbi.nlm.nih.gov/geo/query/acc.cgi?acc=GSE17156
GSE30550,FLU:GSE30550,included_human_influenza_challenge,influenza_studies,,"[""Expression profiling by array""]",17,public,See file-level classification; sequencing count matrices are derived data.,public,NCBI GEO,268,catalogue_curation_pending_review,Influenza challenge search,whole blood,"Preserve trial, participant, specimen and visit identifiers.",Temporal expression data from 17 health human subjects before and after they were challenged with live influenza (H3N2/Wisconsin) viruses,https://www.ncbi.nlm.nih.gov/geo/query/acc.cgi?acc=GSE30550
GSE52428,FLU:GSE52428,included_human_influenza_challenge,influenza_studies,,"[""Expression profiling by array""]",,public,See file-level classification; sequencing count matrices are derived data.,public,NCBI GEO,649,catalogue_curation_pending_review,Influenza challenge search,whole blood,Separate H1N1/H3N2 deliberate challenge participants from naturally acquired emergency-department illness validation.,Host gene expression signatures of influenza A H1N1 and H3N2 virus infection in adults,https://www.ncbi.nlm.nih.gov/geo/query/acc.cgi?acc=GSE52428
GSE61754,FLU:GSE61754,included_human_influenza_challenge,influenza_studies,,"[""Expression profiling by array""]",22,public,See file-level classification; sequencing count matrices are derived data.,public,NCBI GEO,88,catalogue_curation_pending_review,Influenza challenge search,whole blood,11 vaccinated and 11 unvaccinated volunteers were challenged; preserve vaccination arm.,Transcriptomic profiling facilitates classification of response to influenza challenge,https://www.ncbi.nlm.nih.gov/geo/query/acc.cgi?acc=GSE61754
GSE73072,FLU:GSE73072,included_human_influenza_challenge,influenza_studies,,"[""Expression profiling by array""]",148,public,See file-level classification; sequencing count matrices are derived data.,public,NCBI GEO,2886,catalogue_curation_pending_review,Influenza challenge search,whole blood,Include H3N2 DEE2/DEE5 and H1N1 DEE3/DEE4 only. Exclude RSV DEE1 and HRV UVA/DUKE from influenza analysis.,"Host gene expression signatures of H1N1, H3N2, HRV, RSV virus infection in adults",https://www.ncbi.nlm.nih.gov/geo/query/acc.cgi?acc=GSE73072
GSE90732,FLU:GSE90732,included_human_influenza_challenge,influenza_studies,,"[""Expression profiling by array""]",21,public,See file-level classification; sequencing count matrices are derived data.,public,NCBI GEO,108,catalogue_curation_pending_review,Influenza challenge search,whole blood,"Preserve trial, participant, specimen and visit identifiers.",Correlates of self-reported symptom scores in a human H1N1 influenza challenge trial,https://www.ncbi.nlm.nih.gov/geo/query/acc.cgi?acc=GSE90732
GSE118223,FLU:GSE118223,included_human_influenza_challenge,influenza_studies,,"[""Expression profiling by array""]",,public,See file-level classification; sequencing count matrices are derived data.,public,NCBI GEO,414,catalogue_curation_pending_review,Influenza challenge search,whole blood,"Preserve trial, participant, specimen and visit identifiers.",Role of antibodies in peripheral blood leukocyte gene expression during influenza human challenge,https://www.ncbi.nlm.nih.gov/geo/query/acc.cgi?acc=GSE118223
GSE175551,FLU:GSE175551,included_human_influenza_challenge,influenza_studies,,"[""Expression profiling by high throughput sequencing""]",,public,See file-level classification; sequencing count matrices are derived data.,unverified,NCBI GEO,135,catalogue_curation_pending_review,Influenza challenge search,BAL and blood T cells (CD4/CD8 targeted),"Preserve trial, participant, specimen and visit identifiers.",BioVacSafe (Biomarkers for enhanced vaccine immunosafety) Influenza challenge,https://www.ncbi.nlm.nih.gov/geo/query/acc.cgi?acc=GSE175551
GSE299820,FLU:GSE299820,included_human_influenza_challenge,influenza_studies,,"[""Expression profiling by high throughput sequencing""]",114,public,Representative GEO sample GSM9046530 explicitly links SRA experiment SRX29176614; full run manifest not yet enumerated.,public,NCBI GEO,755,catalogue_curation_pending_review,Influenza challenge search,whole blood,45 placebo and 69 vaccinated participants; preserve arm and challenge time.,Innate immune epigenomic landscape following controlled human influenza virus infection,https://www.ncbi.nlm.nih.gov/geo/query/acc.cgi?acc=GSE299820
GSE111368,FLU:GSE111368,adjacent_excluded,influenza_studies,,"[""Expression profiling by array""]",,public,See file-level classification; sequencing count matrices are derived data.,public,NCBI GEO,359,catalogue_curation_pending_review,Influenza challenge search,whole blood,"Preserve trial, participant, specimen and visit identifiers.",Progression of whole blood transcriptional signatures from interferon-induced to neutrophil-associated patterns in patients with severe influenza,https://www.ncbi.nlm.nih.gov/geo/query/acc.cgi?acc=GSE111368
GSE68310,FLU:GSE68310,adjacent_excluded,influenza_studies,,"[""Expression profiling by array""]",,public,See file-level classification; sequencing count matrices are derived data.,public,NCBI GEO,880,catalogue_curation_pending_review,Influenza challenge search,whole blood,"Preserve trial, participant, specimen and visit identifiers.",Host transcriptional response to influenza and other acute respiratory viral infections – a prospective cohort study,https://www.ncbi.nlm.nih.gov/geo/query/acc.cgi?acc=GSE68310
GSE194378,FLU:GSE194378,adjacent_excluded,influenza_studies,,"[""Expression profiling by high throughput sequencing""]",,public,See file-level classification; sequencing count matrices are derived data.,unverified,NCBI GEO,412,catalogue_curation_pending_review,Influenza challenge search,whole blood,"Preserve trial, participant, specimen and visit identifiers.",Influenza vaccination reveals sex dimorphic imprints of prior mild COVID-19 [RNA-Seq],https://www.ncbi.nlm.nih.gov/geo/query/acc.cgi?acc=GSE194378
GSE117580,FLU:GSE117580,adjacent_excluded,influenza_studies,,"[""Expression profiling by high throughput sequencing""]",,public,See file-level classification; sequencing count matrices are derived data.,unverified,NCBI GEO,96,catalogue_curation_pending_review,Influenza challenge search,whole blood,"Preserve trial, participant, specimen and visit identifiers.",Inflammation induced by influenza virus impairs innate control of human pneumococcal carriage,https://www.ncbi.nlm.nih.gov/geo/query/acc.cgi?acc=GSE117580
E-MTAB-13038,FLU:E-MTAB-13038,included_human_influenza_challenge,influenza_studies,,"[""bulk RNA-seq""]",,public,Blood raw RNA-seq is controlled in EGAD50000000956; nasal raw-read repository not established from the inspected sources.,unverified,ArrayExpress / BioStudies,,catalogue_curation_pending_review,Influenza challenge search,nasal scrape,"Preserve trial, participant, specimen and visit identifiers.",RNA-Seq of healthy adult volunteers following experimental infection with Influenza A/Belgium/4217/2015 (H3N2),https://www.ebi.ac.uk/biostudies/arrayexpress/studies/E-MTAB-13038
E-MTAB-13041,FLU:E-MTAB-13041,included_human_influenza_challenge,influenza_studies,,"[""bulk RNA-seq""]",,public,Blood raw RNA-seq is controlled in EGAD50000000956; nasal raw-read repository not established from the inspected sources.,controlled,ArrayExpress / BioStudies,,catalogue_curation_pending_review,Influenza challenge search,whole blood,"Preserve trial, participant, specimen and visit identifiers.",Whole blood RNA-Sequencing from an Influenza H3N2 human challenge model,https://www.ebi.ac.uk/biostudies/arrayexpress/studies/E-MTAB-13041
EGAD50000000956,FLU:EGAD50000000956,included_human_influenza_challenge,influenza_studies,,"[""bulk RNA-seq""]",19,unverified,Managed-access sequencing files are listed publicly; access requires approved data use within participant consent and a data access agreement.,controlled,European Genome-phenome Archive,,catalogue_curation_pending_review,Influenza challenge search,whole blood,"Preserve trial, participant, specimen and visit identifiers.",Longitudinal whole-blood RNA-seq following controlled influenza H3N2 inoculation,https://ega-archive.org/datasets/EGAD50000000956
FR-FCM-Z2NZ,FLU:FR-FCM-Z2NZ,included_human_influenza_challenge,influenza_studies,,"[""mass cytometry"",""CBC"",""viral qRT-PCR"",""HA/stalk antibody ELISA"",""symptom scores""]",35,unverified,Primary paper states study data and code are public in FR-FCM-Z2NZ. Direct repository TLS certificate expired during retrieval; raw FCS member inventory remains unverified.,public,FlowRepository,381,catalogue_curation_pending_review,Influenza challenge search,peripheral blood / nasopharyngeal swabs,"Preserve trial, participant, specimen and visit identifiers.",Landscape of coordinated immune responses to H1N1 challenge in humans,https://flowrepository.org/id/FR-FCM-Z2NZ
MCILWAIN2021_CHALLENGE,FLU:MCILWAIN2021_CHALLENGE,included_human_influenza_challenge,influenza_studies,,"[""mass cytometry"",""HAI"",""microneutralization"",""ELISPOT"",""viral qRT-PCR"",""Flu-PRO symptoms""]",141,public,"Primary paper states raw data, processed data and source code available from lead contact upon reasonable request; no request sent.",request_only,primary publication / linked repository,,catalogue_curation_pending_review,Influenza challenge search,whole blood; serum; nasopharyngeal swabs,"Preserve trial, participant, specimen and visit identifiers.",Human influenza virus challenge identifies cellular correlates of protection for oral vaccination,https://doi.org/10.1016/j.chom.2021.10.009
BURKE2017_NPL,FLU:BURKE2017_NPL,included_human_influenza_challenge,influenza_studies,,"[""2D-LC-MS/MS discovery proteomics"",""targeted MRM proteomics""]",,public,"Primary Methods document mass-spectrometry measurements, but no raw instrument-file repository accession found in inspected full article.",unverified,primary publication / linked repository,,catalogue_curation_pending_review,Influenza challenge search,nasopharyngeal lavage,Include two H3N2 cohorts only; keep HRV cohorts separate; pooled proteomic discovery is not individual sample abundance.,Nasopharyngeal Protein Biomarkers of Acute Respiratory Virus Infection,https://doi.org/10.1016/j.ebiom.2017.02.015
FLU_DAY_PREDICTION2026,FLU:FLU_DAY_PREDICTION2026,included_human_influenza_challenge,influenza_studies,,"[""mass cytometry derived cell populations"",""viral shedding"",""challenge day""]",,public,Reanalysis: do not treat model tables called raw/un-normalized as original FCS instrument data. Follow original source cohorts.,unverified,Primary publication / GitHub,,catalogue_curation_pending_review,Influenza challenge search,whole blood,"Preserve trial, participant, specimen and visit identifiers.",Estimating time since influenza virus exposure using single-cell proteomic data,https://doi.org/10.3389/fimmu.2026.1787198
IMPERIAL_H3N2_MULTIMODAL2026,FLU:IMPERIAL_H3N2_MULTIMODAL2026,included_human_influenza_challenge,influenza_studies,,"[""flow cytometry"",""functional immune assays"",""antibody assays"",""viral qRT-PCR"",""symptom diaries"",""bulk RNA-seq""]",,public,"Deidentified participant data for individual-participant meta-analysis available only from 12 months through 5 years after publication upon written request and data agreement. Published 2026-07-01, so this request window has not opened as of 2026-09-14. Raw blood RNA is already managed under EGAD50000000956.",request_window_not_yet_open,primary publication / linked repository,,catalogue_curation_pending_review,Influenza challenge search,blood; nasal samples; respiratory immune samples,"Preserve trial, participant, specimen and visit identifiers.",Innate immune responsiveness predicts enhanced cellular immunity and symptomatic disease after controlled human influenza infection,https://doi.org/10.1038/s41591-026-04483-7
GSE253685,FLU:GSE253685,included_human_influenza_challenge,influenza_studies,,"[""expression microarray""]",,public,GEO lists original raw archive; member files not downloaded.,public,NCBI GEO,339,catalogue_curation_pending_review,Influenza challenge search,PBMC,"Preserve trial, participant, specimen and visit identifiers.",PBMC gene expression profiles from vaccinated or non-vaccinated humans challenged with influenza viruses,https://www.ncbi.nlm.nih.gov/geo/query/acc.cgi?acc=GSE253685
GSE253686,FLU:GSE253686,included_human_influenza_challenge,influenza_studies,,"[""expression microarray""]",,public,GEO lists original raw archive; member files not downloaded.,public,NCBI GEO,297,catalogue_curation_pending_review,Influenza challenge search,nasal epithelium,"Preserve trial, participant, specimen and visit identifiers.",Nasal epithelium gene expression profiles from vaccinated or non-vaccinated humans challenged with influenza viruses,https://www.ncbi.nlm.nih.gov/geo/query/acc.cgi?acc=GSE253686
KAW2025STM,FLU:KAW2025STM,included_human_influenza_challenge,influenza_studies,,"[""BCR sequencing"",""TCR sequencing""]",,public,Primary paper declares VDJ immunosequencing data at immuneACCESS; landing page retrieved but downloadable read-level versus repertoire-level files not enumerated.,unverified,Adaptive immuneACCESS,,catalogue_curation_pending_review,Influenza challenge search,blood immune repertoire,"Preserve trial, participant, specimen and visit identifiers.",Adaptive B and T cell VDJ immunosequencing from NIH influenza challenge,https://doi.org/10.21417/KAW2025STM
WALTERS2025_IMMUNE,FLU:WALTERS2025_IMMUNE,included_human_influenza_challenge,influenza_studies,,"[""Olink inflammation proteins"",""antibody HAI/neutralization"",""viral shedding"",""symptoms"",""BCR/TCR repertoire""]",,public,"Article declares all associated data in paper/supplements, but instrument-level Olink assay output is not established. NPX protein values are normalized and are not absolute concentration.",unverified,primary publication / linked repository,,catalogue_curation_pending_review,Influenza challenge search,"nasal mucosa, blood and serum","Preserve trial, participant, specimen and visit identifiers.",Nasal and systemic immune responses correlate with viral shedding after influenza challenge in people with complex preexisting immunity,https://pmc.ncbi.nlm.nih.gov/articles/PMC12375958/
SRP091397,FLU:SRP091397,included_human_influenza_challenge,influenza_studies,,"[""viral RNA sequencing""]",,unverified,Public SRA run records verified; raw read files not downloaded. Expanded current repository may contain more sequencing experiments than the original paper subset.,public,NCBI SRA,,catalogue_curation_pending_review,Influenza challenge search,nasal wash and challenge-virus stock,"Primary paper specifies SRR4416113–SRR4416125 (13 runs), while current study includes additional deposited runs; retain original-paper subset separately.",Deep sequencing of influenza A from a human challenge study,https://www.ncbi.nlm.nih.gov/sra?term=SRP091397
PRJNA528931,FLU:PRJNA528931,included_human_influenza_challenge,influenza_studies,,"[""viral RNA sequencing""]",20,unverified,Public SRA run records verified; raw read files not downloaded. Expanded current repository may contain more sequencing experiments than the original paper subset.,public,NCBI SRA,,catalogue_curation_pending_review,Influenza challenge search,nasal wash and challenge-virus stock,Retain only challenge participant and explicitly designated inoculum/control samples; do not pool natural infection cases.,Deep sequencing of 2009 influenza H1N1 from challenge participants and natural infections,https://www.ncbi.nlm.nih.gov/sra?term=PRJNA528931
E-MTAB-15137,FLU:E-MTAB-15137,included_human_influenza_challenge,influenza_studies,,"[""bulk RNA-seq"",""mycobacterial growth inhibition"",""cytokines"",""cellular assays""]",,public,Raw RNA managed via EGA study EGAS50000001677 / dataset EGAD50000002407.,controlled,ArrayExpress / BioStudies,,catalogue_curation_pending_review,Influenza challenge search,whole blood aliquots with/without ex vivo BCG lux,"Influenza challenge occurs in humans; BCG exposure is ex vivo in blood aliquots, not a human mycobacterial infection challenge.","Whole blood RNA-sequencing from volunteers in a human influenza challenge study, in which blood aliquots were infected and incubated with BCG before and after influenza infection",https://www.ebi.ac.uk/biostudies/arrayexpress/studies/E-MTAB-15137
EGAD50000002407,FLU:EGAD50000002407,included_human_influenza_challenge,influenza_studies,,"[""bulk RNA-seq""]",,unverified,Parent EGA study page lists dataset EGAD50000002407; primary paper specifies managed access subject to participant consent and data agreement.,controlled,European Genome-phenome Archive,,catalogue_curation_pending_review,Influenza challenge search,whole blood aliquots with/without ex vivo BCG lux,"Preserve trial, participant, specimen and visit identifiers.",Raw RNA sequencing for human influenza challenge / ex vivo BCG response,https://ega-archive.org/datasets/EGAD50000002407
MCCLAIN2016_CYTOKINES,FLU:MCCLAIN2016_CYTOKINES,included_human_influenza_challenge,influenza_studies,,"[""25-plex cytokine assay"",""viral shedding"",""symptom scores""]",17,public,Original assay acquisition files and complete subject-by-time cytokine matrix repository not identified in inspected article.,unverified,primary publication / linked repository,,catalogue_curation_pending_review,Influenza challenge search,serum / peripheral blood,"Preserve trial, participant, specimen and visit identifiers.",Differential evolution of peripheral cytokine levels in symptomatic and asymptomatic responses to experimental influenza virus challenge,https://pmc.ncbi.nlm.nih.gov/articles/PMC4750592/
E-MTAB-13324,ATLAS_DATA:E-MTAB-13324,atlas_scope,atlas_datasets,,,,,E-MTAB-13324; E-MTAB-13324; E-MTAB-13324; E-MTAB-13324,access_route_recorded; availability_not_independently_verified,Original repository,,,Atlas data routes,,,Title not independently retrieved,https://www.ebi.ac.uk/biostudies/arrayexpress/studies/E-MTAB-13324
EGAD00001008197,ATLAS_DATA:EGAD00001008197,atlas_scope,atlas_datasets,,,,,"[""EGAD00001008197"",""EGAD00010002291""]",access_route_recorded; availability_not_independently_verified,Original repository,,,Atlas data routes,,,Title not independently retrieved,https://ega-archive.org/datasets/EGAD00001008197
EGAD00001011338,ATLAS_DATA:EGAD00001011338,atlas_scope,atlas_datasets,,,,,unavailable for these functional/PrimeFlow panels; related edited-cell RNA-seq EGAD00001011338; unavailable for these functional/PrimeFlow panels; related edited-cell RNA-seq EGAD00001011338; unavailable for these functional/PrimeFlow panels; related edited-cell RNA-seq EGAD00001011338; unavailable for these functional/PrimeFlow panels; related edited-cell RNA-seq EGAD00001011338,access_route_recorded; availability_not_independently_verified,Original repository,,,Atlas data routes,,,Title not independently retrieved,https://ega-archive.org/datasets/EGAD00001011338
EGAD00010002291,ATLAS_DATA:EGAD00010002291,atlas_scope,atlas_datasets,,,,,"[""EGAD00001008197"",""EGAD00010002291""]",access_route_recorded; availability_not_independently_verified,Original repository,,,Atlas data routes,,,Title not independently retrieved,https://ega-archive.org/datasets/EGAD00010002291
EGAS00000000109,ATLAS_DATA:EGAS00000000109,atlas_scope,atlas_datasets,,,,,EGAS00000000109 (genotypes); expression ArrayExpress accession unavailable in inspected main text,access_route_recorded; availability_not_independently_verified,Original repository,,,Atlas data routes,,,Title not independently retrieved,https://ega-archive.org/studies/EGAS00000000109
EGAS00001001456,ATLAS_DATA:EGAS00001001456,atlas_scope,atlas_datasets,,,,,EGAS00001001456,access_route_recorded; availability_not_independently_verified,Original repository,,,Atlas data routes,,,Title not independently retrieved,https://ega-archive.org/studies/EGAS00001001456
GSE100501,ATLAS_DATA:GSE100501,atlas_scope,atlas_datasets,,,,,GSE100501; GSE100501,public_record_with_advertised_files,Original repository,,,Atlas data routes,,,The dynamics of cellular response to therapeutic perturbation using multiplexed quantification of the proteome and transcriptome at single-cell resolution,https://www.ncbi.nlm.nih.gov/geo/query/acc.cgi?acc=GSE100501
GSE100866,ATLAS_DATA:GSE100866,atlas_scope,atlas_datasets,,,,,GSE100866,public_record_with_advertised_files,Original repository,,,Atlas data routes,,,CITE-seq: Large scale simultaneous measuremnt of epitopes and transcriptomes in single cells,https://www.ncbi.nlm.nih.gov/geo/query/acc.cgi?acc=GSE100866
GSE116698,ATLAS_DATA:GSE116698,atlas_scope,atlas_datasets,,,,,GSE116698,public_record_with_advertised_files,Original repository,,,Atlas data routes,,,Co-Stimulation–Induced AP-1 Activity is Required for Chromatin Opening During T Cell Activation.,https://www.ncbi.nlm.nih.gov/geo/query/acc.cgi?acc=GSE116698
GSE202186,ATLAS_DATA:GSE202186,atlas_scope,atlas_datasets,,,,,GSE202186,public_record_with_advertised_files,Original repository,,,Atlas data routes,,,Single-cell RNA-seq dictionary of in vivo immune responses to cytokines,https://www.ncbi.nlm.nih.gov/geo/query/acc.cgi?acc=GSE202186
GSE57542,ATLAS_DATA:GSE57542,atlas_scope,atlas_datasets,,,,,GSE57542,public_record_with_advertised_files,Original repository,,,Atlas data routes,,,"Expression data measured by Nanostring and microarray of monocyte-derived dendritic cells from healthy individuals stimulated with LPS, influenza, or IFN-beta, or left unstimulated",https://www.ncbi.nlm.nih.gov/geo/query/acc.cgi?acc=GSE57542
GSE74668,ATLAS_DATA:GSE74668,atlas_scope,atlas_datasets,,,,,GSE74668 (transcript arm only),public_record_with_advertised_files,Original repository,,,Atlas data routes,,,Gene Expression Profiling of IL-17A-treated Synovial Fibroblasts from the Human Temporomandibular Joint,https://www.ncbi.nlm.nih.gov/geo/query/acc.cgi?acc=GSE74668
PRJDB16517,ATLAS_DATA:PRJDB16517,atlas_scope,atlas_datasets,,,,,PRJDB16517,access_route_recorded; availability_not_independently_verified,Original repository,,,Atlas data routes,,,Title not independently retrieved,https://www.ncbi.nlm.nih.gov/bioproject/?term=PRJDB16517
SAMN03471796,ATLAS_DATA:SAMN03471796,atlas_scope,atlas_datasets,,,,,SAMN03471796 (article links WM278/WM793 cell-line context),access_route_recorded; availability_not_independently_verified,Original repository,,,Atlas data routes,,,Title not independently retrieved,https://www.ncbi.nlm.nih.gov/biosample/SAMN03471796
phs001703.v1.p1,ATLAS_DATA:phs001703.v1.p1,atlas_scope,atlas_datasets,,,,,phs001703.v1.p1,access_route_recorded; availability_not_independently_verified,Original repository,,,Atlas data routes,,,Title not independently retrieved,https://www.ncbi.nlm.nih.gov/projects/gap/cgi-bin/study.cgi?study_id=phs001703.v1.p1
GSE68310,HR:GSE68310,adjacent_excluded,hr_studies,,microarray,,,V3 distributes harmonized matrices; follow the cited original source for raw file availability.,original_repository_route; legacy_raw_flag_not_verified,HR-VILAGE / original repository,,,HR-VILAGE studies,whole blood,,GSE68310,https://www.ncbi.nlm.nih.gov/geo/query/acc.cgi?acc=GSE68310
GSE194378,HR:GSE194378,adjacent_excluded,hr_studies,,RNA-seq,,,V3 distributes harmonized matrices; follow the cited original source for raw file availability.,original_repository_route; legacy_raw_flag_not_verified,HR-VILAGE / original repository,,,HR-VILAGE studies,whole blood,,GSE194378,https://www.ncbi.nlm.nih.gov/geo/query/acc.cgi?acc=GSE194378
GSE74811,HR:GSE74811,vaccine_or_other_nonchallenge_context,hr_studies,,microarray,,,V3 distributes harmonized matrices; follow the cited original source for raw file availability.,original_repository_route; legacy_raw_flag_not_verified,HR-VILAGE / original repository,,,HR-VILAGE studies,whole blood,,GSE74811,https://www.ncbi.nlm.nih.gov/geo/query/acc.cgi?acc=GSE74811
GSE74813,HR:GSE74813,vaccine_or_other_nonchallenge_context,hr_studies,,microarray,,,V3 distributes harmonized matrices; follow the cited original source for raw file availability.,original_repository_route; legacy_raw_flag_not_verified,HR-VILAGE / original repository,,,HR-VILAGE studies,whole blood,,GSE74813,https://www.ncbi.nlm.nih.gov/geo/query/acc.cgi?acc=GSE74813
GSE74815,HR:GSE74815,vaccine_or_other_nonchallenge_context,hr_studies,,microarray,,,V3 distributes harmonized matrices; follow the cited original source for raw file availability.,original_repository_route; legacy_raw_flag_not_verified,HR-VILAGE / original repository,,,HR-VILAGE studies,whole blood,,GSE74815,https://www.ncbi.nlm.nih.gov/geo/query/acc.cgi?acc=GSE74815
GSE74816,HR:GSE74816,vaccine_or_other_nonchallenge_context,hr_studies,,microarray,,,V3 distributes harmonized matrices; follow the cited original source for raw file availability.,original_repository_route; legacy_raw_flag_not_verified,HR-VILAGE / original repository,,,HR-VILAGE studies,whole blood,,GSE74816,https://www.ncbi.nlm.nih.gov/geo/query/acc.cgi?acc=GSE74816
GSE48023,HR:GSE48023,vaccine_or_other_nonchallenge_context,hr_studies,,microarray,,,V3 distributes harmonized matrices; follow the cited original source for raw file availability.,original_repository_route; legacy_raw_flag_not_verified,HR-VILAGE / original repository,,,HR-VILAGE studies,whole blood,,GSE48023,https://www.ncbi.nlm.nih.gov/geo/query/acc.cgi?acc=GSE48023
GSE48018,HR:GSE48018,vaccine_or_other_nonchallenge_context,hr_studies,,microarray,,,V3 distributes harmonized matrices; follow the cited original source for raw file availability.,original_repository_route; legacy_raw_flag_not_verified,HR-VILAGE / original repository,,,HR-VILAGE studies,whole blood,,GSE48018,https://www.ncbi.nlm.nih.gov/geo/query/acc.cgi?acc=GSE48018
GSE41080,HR:GSE41080,vaccine_or_other_nonchallenge_context,hr_studies,,microarray,,,V3 distributes harmonized matrices; follow the cited original source for raw file availability.,original_repository_route; legacy_raw_flag_not_verified,HR-VILAGE / original repository,,,HR-VILAGE studies,whole blood,,GSE41080,https://www.ncbi.nlm.nih.gov/geo/query/acc.cgi?acc=GSE41080
GSE59743,HR:GSE59743,vaccine_or_other_nonchallenge_context,hr_studies,,microarray,,,V3 distributes harmonized matrices; follow the cited original source for raw file availability.,original_repository_route; legacy_raw_flag_not_verified,HR-VILAGE / original repository,,,HR-VILAGE studies,PBMC,,GSE59743,https://www.ncbi.nlm.nih.gov/geo/query/acc.cgi?acc=GSE59743
GSE59654,HR:GSE59654,vaccine_or_other_nonchallenge_context,hr_studies,,microarray,,,V3 distributes harmonized matrices; follow the cited original source for raw file availability.,original_repository_route; legacy_raw_flag_not_verified,HR-VILAGE / original repository,,,HR-VILAGE studies,PBMC,,GSE59654,https://www.ncbi.nlm.nih.gov/geo/query/acc.cgi?acc=GSE59654
GSE101709,HR:GSE101709,vaccine_or_other_nonchallenge_context,hr_studies,,microarray,,,V3 distributes harmonized matrices; follow the cited original source for raw file availability.,original_repository_route; legacy_raw_flag_not_verified,HR-VILAGE / original repository,,,HR-VILAGE studies,PBMC,,GSE101709,https://www.ncbi.nlm.nih.gov/geo/query/acc.cgi?acc=GSE101709
GSE59635,HR:GSE59635,vaccine_or_other_nonchallenge_context,hr_studies,,microarray,,,V3 distributes harmonized matrices; follow the cited original source for raw file availability.,original_repository_route; legacy_raw_flag_not_verified,HR-VILAGE / original repository,,,HR-VILAGE studies,PBMC,,GSE59635,https://www.ncbi.nlm.nih.gov/geo/query/acc.cgi?acc=GSE59635
GSE101710,HR:GSE101710,vaccine_or_other_nonchallenge_context,hr_studies,,microarray,,,V3 distributes harmonized matrices; follow the cited original source for raw file availability.,original_repository_route; legacy_raw_flag_not_verified,HR-VILAGE / original repository,,,HR-VILAGE studies,PBMC,,GSE101710,https://www.ncbi.nlm.nih.gov/geo/query/acc.cgi?acc=GSE101710
GSE47353,HR:GSE47353,vaccine_or_other_nonchallenge_context,hr_studies,,microarray,,,V3 distributes harmonized matrices; follow the cited original source for raw file availability.,original_repository_route; legacy_raw_flag_not_verified,HR-VILAGE / original repository,,,HR-VILAGE studies,PBMC,,GSE47353,https://www.ncbi.nlm.nih.gov/geo/query/acc.cgi?acc=GSE47353
GSE190001_PRIME,HR:GSE190001_PRIME,outside_influenza_challenge_scope,hr_studies,,RNA-seq,,,V3 distributes harmonized matrices; follow the cited original source for raw file availability.,original_repository_route; legacy_raw_flag_not_verified,HR-VILAGE / original repository,,,HR-VILAGE studies,whole blood,,GSE190001_PRIME,https://www.ncbi.nlm.nih.gov/geo/query/acc.cgi?acc=GSE190001
GSE190001_BOOST,HR:GSE190001_BOOST,outside_influenza_challenge_scope,hr_studies,,RNA-seq,,,V3 distributes harmonized matrices; follow the cited original source for raw file availability.,original_repository_route; legacy_raw_flag_not_verified,HR-VILAGE / original repository,,,HR-VILAGE studies,whole blood,,GSE190001_BOOST,https://www.ncbi.nlm.nih.gov/geo/query/acc.cgi?acc=GSE190001
SDY311,HR:SDY311,vaccine_or_other_nonchallenge_context,hr_studies,,microarray,,,V3 distributes harmonized matrices; follow the cited original source for raw file availability.,original_repository_route; legacy_raw_flag_not_verified,HR-VILAGE / original repository,,,HR-VILAGE studies,whole blood,,SDY311,https://www.immport.org/shared/study/SDY311
SDY112,HR:SDY112,vaccine_or_other_nonchallenge_context,hr_studies,,microarray,,,V3 distributes harmonized matrices; follow the cited original source for raw file availability.,original_repository_route; legacy_raw_flag_not_verified,HR-VILAGE / original repository,,,HR-VILAGE studies,whole blood,,SDY112,https://www.immport.org/shared/study/SDY112
SDY315,HR:SDY315,vaccine_or_other_nonchallenge_context,hr_studies,,microarray,,,V3 distributes harmonized matrices; follow the cited original source for raw file availability.,original_repository_route; legacy_raw_flag_not_verified,HR-VILAGE / original repository,,,HR-VILAGE studies,whole blood,,SDY315,https://www.immport.org/shared/study/SDY315
GSE207750,HR:GSE207750,vaccine_or_other_nonchallenge_context,hr_studies,,RNA-seq,,,V3 distributes harmonized matrices; follow the cited original source for raw file availability.,original_repository_route; legacy_raw_flag_not_verified,HR-VILAGE / original repository,,,HR-VILAGE studies,whole blood,,GSE207750,https://www.ncbi.nlm.nih.gov/geo/query/acc.cgi?acc=GSE207750
GSE246525,HR:GSE246525,outside_influenza_challenge_scope,hr_studies,,RNA-seq,,,V3 distributes harmonized matrices; follow the cited original source for raw file availability.,original_repository_route; legacy_raw_flag_not_verified,HR-VILAGE / original repository,,,HR-VILAGE studies,whole blood,,GSE246525,https://www.ncbi.nlm.nih.gov/geo/query/acc.cgi?acc=GSE246525
GSE201533,HR:GSE201533,outside_influenza_challenge_scope,hr_studies,,RNA-seq,,,V3 distributes harmonized matrices; follow the cited original source for raw file availability.,original_repository_route; legacy_raw_flag_not_verified,HR-VILAGE / original repository,,,HR-VILAGE studies,PBMC,,GSE201533,https://www.ncbi.nlm.nih.gov/geo/query/acc.cgi?acc=GSE201533
GSE190747,HR:GSE190747,outside_influenza_challenge_scope,hr_studies,,RNA-seq,,,V3 distributes harmonized matrices; follow the cited original source for raw file availability.,original_repository_route; legacy_raw_flag_not_verified,HR-VILAGE / original repository,,,HR-VILAGE studies,PBMC,,GSE190747,https://www.ncbi.nlm.nih.gov/geo/query/acc.cgi?acc=GSE190747
GSE199750,HR:GSE199750,outside_influenza_challenge_scope,hr_studies,,RNA-seq,,,V3 distributes harmonized matrices; follow the cited original source for raw file availability.,original_repository_route; legacy_raw_flag_not_verified,HR-VILAGE / original repository,,,HR-VILAGE studies,whole blood,,GSE199750,https://www.ncbi.nlm.nih.gov/geo/query/acc.cgi?acc=GSE199750
GSE169159,HR:GSE169159,outside_influenza_challenge_scope,hr_studies,,RNA-seq,,,V3 distributes harmonized matrices; follow the cited original source for raw file availability.,original_repository_route; legacy_raw_flag_not_verified,HR-VILAGE / original repository,,,HR-VILAGE studies,whole blood,,GSE169159,https://www.ncbi.nlm.nih.gov/geo/query/acc.cgi?acc=GSE169159
GSE29614,HR:GSE29614,vaccine_or_other_nonchallenge_context,hr_studies,,microarray,,,V3 distributes harmonized matrices; follow the cited original source for raw file availability.,original_repository_route; legacy_raw_flag_not_verified,HR-VILAGE / original repository,,,HR-VILAGE studies,PBMC,,GSE29614,https://www.ncbi.nlm.nih.gov/geo/query/acc.cgi?acc=GSE29614
GSE29615,HR:GSE29615,vaccine_or_other_nonchallenge_context,hr_studies,,microarray,,,V3 distributes harmonized matrices; follow the cited original source for raw file availability.,original_repository_route; legacy_raw_flag_not_verified,HR-VILAGE / original repository,,,HR-VILAGE studies,PBMC,,GSE29615,https://www.ncbi.nlm.nih.gov/geo/query/acc.cgi?acc=GSE29615
GSE29617,HR:GSE29617,vaccine_or_other_nonchallenge_context,hr_studies,,microarray,,,V3 distributes harmonized matrices; follow the cited original source for raw file availability.,original_repository_route; legacy_raw_flag_not_verified,HR-VILAGE / original repository,,,HR-VILAGE studies,PBMC,,GSE29617,https://www.ncbi.nlm.nih.gov/geo/query/acc.cgi?acc=GSE29617
GSE48762,HR:GSE48762,vaccine_or_other_nonchallenge_context,hr_studies,,microarray,,,V3 distributes harmonized matrices; follow the cited original source for raw file availability.,original_repository_route; legacy_raw_flag_not_verified,HR-VILAGE / original repository,,,HR-VILAGE studies,whole blood,,GSE48762,https://www.ncbi.nlm.nih.gov/geo/query/acc.cgi?acc=GSE48762
GSE45735,HR:GSE45735,vaccine_or_other_nonchallenge_context,hr_studies,,RNA-seq,,,V3 distributes harmonized matrices; follow the cited original source for raw file availability.,original_repository_route; legacy_raw_flag_not_verified,HR-VILAGE / original repository,,,HR-VILAGE studies,PBMC,,GSE45735,https://www.ncbi.nlm.nih.gov/geo/query/acc.cgi?acc=GSE45735
GSE201642,HR:GSE201642,outside_influenza_challenge_scope,hr_studies,,RNA-seq,,,V3 distributes harmonized matrices; follow the cited original source for raw file availability.,original_repository_route; legacy_raw_flag_not_verified,HR-VILAGE / original repository,,,HR-VILAGE studies,PBMC,,GSE201642,https://www.ncbi.nlm.nih.gov/geo/query/acc.cgi?acc=GSE201642
GSE250023,HR:GSE250023,outside_influenza_challenge_scope,hr_studies,,RNA-seq,,,V3 distributes harmonized matrices; follow the cited original source for raw file availability.,original_repository_route; legacy_raw_flag_not_verified,HR-VILAGE / original repository,,,HR-VILAGE studies,whole blood,,GSE250023,https://www.ncbi.nlm.nih.gov/geo/query/acc.cgi?acc=GSE250023
challenge_covid19,HR:challenge_covid19,outside_influenza_challenge_scope,hr_studies,,scRNA-seq,,,V3 distributes harmonized matrices; follow the cited original source for raw file availability.,original_repository_route; legacy_raw_flag_not_verified,HR-VILAGE / original repository,,,HR-VILAGE studies,PBMC,,challenge_covid19,https://www.covid19cellatlas.org/index.patient.html
GSE246937,HR:GSE246937,outside_influenza_challenge_scope,hr_studies,,scRNA-seq,,,V3 distributes harmonized matrices; follow the cited original source for raw file availability.,original_repository_route; legacy_raw_flag_not_verified,HR-VILAGE / original repository,,,HR-VILAGE studies,whole blood,,GSE246937,https://www.ncbi.nlm.nih.gov/geo/query/acc.cgi?acc=GSE246937
E_MTAB_12993_nose,HR:E_MTAB_12993_nose,outside_influenza_challenge_scope,hr_studies,,RNA-seq,,,V3 distributes harmonized matrices; follow the cited original source for raw file availability.,original_repository_route; legacy_raw_flag_not_verified,HR-VILAGE / original repository,,,HR-VILAGE studies,nasal swab,,E_MTAB_12993_nose,https://www.ebi.ac.uk/biostudies/arrayexpress/studies/E-MTAB-12993
E_MTAB_12993_blood,HR:E_MTAB_12993_blood,outside_influenza_challenge_scope,hr_studies,,RNA-seq,,,V3 distributes harmonized matrices; follow the cited original source for raw file availability.,original_repository_route; legacy_raw_flag_not_verified,HR-VILAGE / original repository,,,HR-VILAGE studies,whole blood,,E_MTAB_12993_blood,https://www.ebi.ac.uk/biostudies/arrayexpress/studies/E-MTAB-12993
GSE11348,HR:GSE11348,outside_influenza_challenge_scope,hr_studies,,microarray,,,V3 distributes harmonized matrices; follow the cited original source for raw file availability.,original_repository_route; legacy_raw_flag_not_verified,HR-VILAGE / original repository,,,HR-VILAGE studies,nasal swab,,GSE11348,https://www.ncbi.nlm.nih.gov/geo/query/acc.cgi?acc=GSE11348
GSE61754,HR:GSE61754,source_verified_influenza_challenge_subset,hr_studies,,microarray,,,V3 distributes harmonized matrices; follow the cited original source for raw file availability.,original_repository_route; legacy_raw_flag_not_verified,HR-VILAGE / original repository,,,HR-VILAGE studies,whole blood,,GSE61754,https://www.ncbi.nlm.nih.gov/geo/query/acc.cgi?acc=GSE61754
GSE90732,HR:GSE90732,source_verified_influenza_challenge_subset,hr_studies,,microarray,,,V3 distributes harmonized matrices; follow the cited original source for raw file availability.,original_repository_route; legacy_raw_flag_not_verified,HR-VILAGE / original repository,,,HR-VILAGE studies,whole blood,,GSE90732,https://www.ncbi.nlm.nih.gov/geo/query/acc.cgi?acc=GSE90732
GSE155237,HR:GSE155237,outside_influenza_challenge_scope,hr_studies,,RNA-seq,,,V3 distributes harmonized matrices; follow the cited original source for raw file availability.,original_repository_route; legacy_raw_flag_not_verified,HR-VILAGE / original repository,,,HR-VILAGE studies,nasal swab,,GSE155237,https://www.ncbi.nlm.nih.gov/geo/query/acc.cgi?acc=GSE155237
GSE73072_H1N1_DEE4,HR:GSE73072_H1N1_DEE4,source_verified_influenza_challenge_subset,hr_studies,,microarray,,,V3 distributes harmonized matrices; follow the cited original source for raw file availability.,original_repository_route; legacy_raw_flag_not_verified,HR-VILAGE / original repository,,,HR-VILAGE studies,whole blood,,GSE73072_H1N1_DEE4,https://www.ncbi.nlm.nih.gov/geo/query/acc.cgi?acc=GSE73072
GSE73072_H1N1_DEE3,HR:GSE73072_H1N1_DEE3,source_verified_influenza_challenge_subset,hr_studies,,microarray,,,V3 distributes harmonized matrices; follow the cited original source for raw file availability.,original_repository_route; legacy_raw_flag_not_verified,HR-VILAGE / original repository,,,HR-VILAGE studies,whole blood,,GSE73072_H1N1_DEE3,https://www.ncbi.nlm.nih.gov/geo/query/acc.cgi?acc=GSE73072
GSE73072_H3N2_DEE2,HR:GSE73072_H3N2_DEE2,source_verified_influenza_challenge_subset,hr_studies,,microarray,,,V3 distributes harmonized matrices; follow the cited original source for raw file availability.,original_repository_route; legacy_raw_flag_not_verified,HR-VILAGE / original repository,,,HR-VILAGE studies,whole blood,,GSE73072_H3N2_DEE2,https://www.ncbi.nlm.nih.gov/geo/query/acc.cgi?acc=GSE73072
GSE73072_H3N2_DEE5,HR:GSE73072_H3N2_DEE5,source_verified_influenza_challenge_subset,hr_studies,,microarray,,,V3 distributes harmonized matrices; follow the cited original source for raw file availability.,original_repository_route; legacy_raw_flag_not_verified,HR-VILAGE / original repository,,,HR-VILAGE studies,whole blood,,GSE73072_H3N2_DEE5,https://www.ncbi.nlm.nih.gov/geo/query/acc.cgi?acc=GSE73072
GSE73072_HRV_DUKE,HR:GSE73072_HRV_DUKE,outside_influenza_challenge_scope,hr_studies,,microarray,,,V3 distributes harmonized matrices; follow the cited original source for raw file availability.,original_repository_route; legacy_raw_flag_not_verified,HR-VILAGE / original repository,,,HR-VILAGE studies,whole blood,,GSE73072_HRV_DUKE,https://www.ncbi.nlm.nih.gov/geo/query/acc.cgi?acc=GSE73072
GSE73072_HRV_UVA,HR:GSE73072_HRV_UVA,outside_influenza_challenge_scope,hr_studies,,microarray,,,V3 distributes harmonized matrices; follow the cited original source for raw file availability.,original_repository_route; legacy_raw_flag_not_verified,HR-VILAGE / original repository,,,HR-VILAGE studies,whole blood,,GSE73072_HRV_UVA,https://www.ncbi.nlm.nih.gov/geo/query/acc.cgi?acc=GSE73072
GSE73072_RSV_DEE1,HR:GSE73072_RSV_DEE1,outside_influenza_challenge_scope,hr_studies,,microarray,,,V3 distributes harmonized matrices; follow the cited original source for raw file availability.,original_repository_route; legacy_raw_flag_not_verified,HR-VILAGE / original repository,,,HR-VILAGE studies,whole blood,,GSE73072_RSV_DEE1,https://www.ncbi.nlm.nih.gov/geo/query/acc.cgi?acc=GSE73072
GSE117580,HR:GSE117580,adjacent_excluded,hr_studies,,RNA-seq,,,V3 distributes harmonized matrices; follow the cited original source for raw file availability.,original_repository_route; legacy_raw_flag_not_verified,HR-VILAGE / original repository,,,HR-VILAGE studies,nasal swab,,GSE117580,https://www.ncbi.nlm.nih.gov/geo/query/acc.cgi?acc=GSE117580
GSE220682,HR:GSE220682,outside_influenza_challenge_scope,hr_studies,,RNA-seq,,,V3 distributes harmonized matrices; follow the cited original source for raw file availability.,original_repository_route; legacy_raw_flag_not_verified,HR-VILAGE / original repository,,,HR-VILAGE studies,PBMC,,GSE220682,https://www.ncbi.nlm.nih.gov/geo/query/acc.cgi?acc=GSE220682
GSE228839,HR:GSE228839,outside_influenza_challenge_scope,hr_studies,,RNA-seq,,,V3 distributes harmonized matrices; follow the cited original source for raw file availability.,original_repository_route; legacy_raw_flag_not_verified,HR-VILAGE / original repository,,,HR-VILAGE studies,whole blood,,GSE228839,https://www.ncbi.nlm.nih.gov/geo/query/acc.cgi?acc=GSE228839
GSE276544,HR:GSE276544,outside_influenza_challenge_scope,hr_studies,,RNA-seq,,,V3 distributes harmonized matrices; follow the cited original source for raw file availability.,original_repository_route; legacy_raw_flag_not_verified,HR-VILAGE / original repository,,,HR-VILAGE studies,whole blood,,GSE276544,https://www.ncbi.nlm.nih.gov/geo/query/acc.cgi?acc=GSE276544
GSE209985,HR:GSE209985,outside_influenza_challenge_scope,hr_studies,,RNA-seq,,,V3 distributes harmonized matrices; follow the cited original source for raw file availability.,original_repository_route; legacy_raw_flag_not_verified,HR-VILAGE / original repository,,,HR-VILAGE studies,PBMC,,GSE209985,https://www.ncbi.nlm.nih.gov/geo/query/acc.cgi?acc=GSE209985
GSE247401,HR:GSE247401,outside_influenza_challenge_scope,hr_studies,,RNA-seq,,,V3 distributes harmonized matrices; follow the cited original source for raw file availability.,original_repository_route; legacy_raw_flag_not_verified,HR-VILAGE / original repository,,,HR-VILAGE studies,whole blood,,GSE247401,https://www.ncbi.nlm.nih.gov/geo/query/acc.cgi?acc=GSE247401
GSE265975,HR:GSE265975,outside_influenza_challenge_scope,hr_studies,,RNA-seq,,,V3 distributes harmonized matrices; follow the cited original source for raw file availability.,original_repository_route; legacy_raw_flag_not_verified,HR-VILAGE / original repository,,,HR-VILAGE studies,PBMC,,GSE265975,https://www.ncbi.nlm.nih.gov/geo/query/acc.cgi?acc=GSE265975
GSE102012,HR:GSE102012,vaccine_or_other_nonchallenge_context,hr_studies,,microarray,,,V3 distributes harmonized matrices; follow the cited original source for raw file availability.,original_repository_route; legacy_raw_flag_not_verified,HR-VILAGE / original repository,,,HR-VILAGE studies,whole blood,,GSE102012,https://www.ncbi.nlm.nih.gov/geo/query/acc.cgi?acc=GSE102012
GSE217770,HR:GSE217770,vaccine_or_other_nonchallenge_context,hr_studies,,RNA-seq,,,V3 distributes harmonized matrices; follow the cited original source for raw file availability.,original_repository_route; legacy_raw_flag_not_verified,HR-VILAGE / original repository,,,HR-VILAGE studies,whole blood,,GSE217770,https://www.ncbi.nlm.nih.gov/geo/query/acc.cgi?acc=GSE217770
GSE230494,HR:GSE230494,vaccine_or_other_nonchallenge_context,hr_studies,,RNA-seq,,,V3 distributes harmonized matrices; follow the cited original source for raw file availability.,original_repository_route; legacy_raw_flag_not_verified,HR-VILAGE / original repository,,,HR-VILAGE studies,nasal swab,,GSE230494,https://www.ncbi.nlm.nih.gov/geo/query/acc.cgi?acc=GSE230494
GSE52005,HR:GSE52005,vaccine_or_other_nonchallenge_context,hr_studies,,microarray,,,V3 distributes harmonized matrices; follow the cited original source for raw file availability.,original_repository_route; legacy_raw_flag_not_verified,HR-VILAGE / original repository,,,HR-VILAGE studies,whole blood,,GSE52005,https://www.ncbi.nlm.nih.gov/geo/query/acc.cgi?acc=GSE52005
GSE107990,HR:GSE107990,vaccine_or_other_nonchallenge_context,hr_studies,,microarray,,,V3 distributes harmonized matrices; follow the cited original source for raw file availability.,original_repository_route; legacy_raw_flag_not_verified,HR-VILAGE / original repository,,,HR-VILAGE studies,PBMC,,GSE107990,https://www.ncbi.nlm.nih.gov/geo/query/acc.cgi?acc=GSE107990
GSE281864,HR:GSE281864,outside_influenza_challenge_scope,hr_studies,,RNA-seq,,,V3 distributes harmonized matrices; follow the cited original source for raw file availability.,original_repository_route; legacy_raw_flag_not_verified,HR-VILAGE / original repository,,,HR-VILAGE studies,whole blood,,GSE281864,https://www.ncbi.nlm.nih.gov/geo/query/acc.cgi?acc=GSE281864
EMTAB10026,HR:EMTAB10026,outside_influenza_challenge_scope,hr_studies,,scRNA-seq,,,V3 distributes harmonized matrices; follow the cited original source for raw file availability.,original_repository_route; legacy_raw_flag_not_verified,HR-VILAGE / original repository,,,HR-VILAGE studies,PBMC,,EMTAB10026,https://www.ebi.ac.uk/biostudies/arrayexpress/studies/E-MTAB-10026
eskd_covid19,HR:eskd_covid19,outside_influenza_challenge_scope,hr_studies,,scRNA-seq,,,V3 distributes harmonized matrices; follow the cited original source for raw file availability.,original_repository_route; legacy_raw_flag_not_verified,HR-VILAGE / original repository,,,HR-VILAGE studies,nasal swab/PBMC,,eskd_covid19,https://www.covid19cellatlas.org/index.patient.html
GSE201534,HR:GSE201534,outside_influenza_challenge_scope,hr_studies,,scRNA-seq,,,V3 distributes harmonized matrices; follow the cited original source for raw file availability.,original_repository_route; legacy_raw_flag_not_verified,HR-VILAGE / original repository,,,HR-VILAGE studies,PBMC,,GSE201534,https://www.ncbi.nlm.nih.gov/geo/query/acc.cgi?acc=GSE201534
GSE247917,HR:GSE247917,outside_influenza_challenge_scope,hr_studies,,scRNA-seq,,,V3 distributes harmonized matrices; follow the cited original source for raw file availability.,original_repository_route; legacy_raw_flag_not_verified,HR-VILAGE / original repository,,,HR-VILAGE studies,PBMC,,GSE247917,https://www.ncbi.nlm.nih.gov/geo/query/acc.cgi?acc=GSE247917
GSE195673,HR:GSE195673,outside_influenza_challenge_scope,hr_studies,,scRNA-seq,,,V3 distributes harmonized matrices; follow the cited original source for raw file availability.,original_repository_route; legacy_raw_flag_not_verified,HR-VILAGE / original repository,,,HR-VILAGE studies,PBMC/Lymph Node,,GSE195673,https://www.ncbi.nlm.nih.gov/geo/query/acc.cgi?acc=GSE195673
