bytes_listed,candidate_study_IDs,canonical_download_url,content_inspection,data_level,file_id,file_listing_verified,filename_study_label,git_oid,instrument_raw_claim,lfs_metadata,local_snapshot,local_snapshot_sha256,path_in_resource,resource_revision,study_ID,study_linkage_status
19885,[],https://huggingface.co/datasets/xuejun72/HR-VILAGE-3K3M/resolve/c68349578b97af04d1102eac5ad9f30f85362c53/.gitattributes,listing_and_author_documentation_only,resource_documentation_or_metadata,HF:.gitattributes,True,.gitattributes,5fb8556e82db5352a3ee02d7f7619e5b74e15af1,False,,,,.gitattributes,c68349578b97af04d1102eac5ad9f30f85362c53,,no_single_study_link_established
10411845,[],https://huggingface.co/datasets/xuejun72/HR-VILAGE-3K3M/resolve/c68349578b97af04d1102eac5ad9f30f85362c53/Flowchart.png,listing_and_author_documentation_only,resource_documentation_or_metadata,HF:Flowchart.png,True,Flowchart.png,0446a0061755ffa323c6eb7ba3b2d9337c59008a,False,"{""oid"":""e336ba9dbc94c48e55a03d60a2ceb6f62f6579c119485e799d93ee1480722782"",""pointerSize"":133,""size"":10411845}",,,Flowchart.png,c68349578b97af04d1102eac5ad9f30f85362c53,,no_single_study_link_established
3387,[],https://huggingface.co/datasets/xuejun72/HR-VILAGE-3K3M/resolve/c68349578b97af04d1102eac5ad9f30f85362c53/Meta_variable_description.csv,local_metadata_or_antibody_table,resource_documentation_or_metadata,HF:Meta_variable_description.csv,True,Meta_variable_description.csv,4dd6fd6eb07cdfffe853bcf87088f60459f7aa37,False,,data_dictionary/sources/hr_vilage/Meta_variable_description.csv,aa561def597fee0e3ec0c04cd7ab71f470ec83babfcadf145f0a63c3b0c98b17,Meta_variable_description.csv,c68349578b97af04d1102eac5ad9f30f85362c53,,no_single_study_link_established
14103,[],https://huggingface.co/datasets/xuejun72/HR-VILAGE-3K3M/resolve/c68349578b97af04d1102eac5ad9f30f85362c53/README.md,local_metadata_or_antibody_table,resource_documentation_or_metadata,HF:README.md,True,README.md,2e2682c70efbeee60709a682364a6b5dead1c788,False,,data_dictionary/sources/hr_vilage/README.md,ec16930681a332e7e0512042ff59ff15fe4a6b40b6cad92f6a613dbf2e99c827,README.md,c68349578b97af04d1102eac5ad9f30f85362c53,,no_single_study_link_established
2751,"[""GSE101709""]",https://huggingface.co/datasets/xuejun72/HR-VILAGE-3K3M/resolve/c68349578b97af04d1102eac5ad9f30f85362c53/antibody/GSE101709_antibody.csv,local_metadata_or_antibody_table,reported_antibody_measurements_with_derived_summary_columns,HF:antibody/GSE101709_antibody.csv,True,GSE101709,0aacbf73c70a09f80e3b97fde1b9fa5cb759f2f1,False,,data_dictionary/sources/hr_vilage/antibody/GSE101709_antibody.csv,2072e630a3711e9dc3d9e145b9a86b96500cf307b80e1eb8a4a2e45814318dc2,antibody/GSE101709_antibody.csv,c68349578b97af04d1102eac5ad9f30f85362c53,GSE101709,exact_study_label
2664,"[""GSE101710""]",https://huggingface.co/datasets/xuejun72/HR-VILAGE-3K3M/resolve/c68349578b97af04d1102eac5ad9f30f85362c53/antibody/GSE101710_antibody.csv,local_metadata_or_antibody_table,reported_antibody_measurements_with_derived_summary_columns,HF:antibody/GSE101710_antibody.csv,True,GSE101710,020fd4863d86757a0f0d214fe70c453edd734b02,False,,data_dictionary/sources/hr_vilage/antibody/GSE101710_antibody.csv,6a90dd31b8e3d56d4e80dc3f6d64d1280ee4bffcdd27315e1be489939dfd9033,antibody/GSE101710_antibody.csv,c68349578b97af04d1102eac5ad9f30f85362c53,GSE101710,exact_study_label
2082,"[""GSE169159""]",https://huggingface.co/datasets/xuejun72/HR-VILAGE-3K3M/resolve/c68349578b97af04d1102eac5ad9f30f85362c53/antibody/GSE169159_antibody.csv,local_metadata_or_antibody_table,reported_antibody_measurements_with_derived_summary_columns,HF:antibody/GSE169159_antibody.csv,True,GSE169159,814da3c4db95923195d6c7df98b9315b615ac121,False,,data_dictionary/sources/hr_vilage/antibody/GSE169159_antibody.csv,cdb0ddb3ae0786c989070990fc8762fbe0cfb69374fe87923fa87f68156b0cf6,antibody/GSE169159_antibody.csv,c68349578b97af04d1102eac5ad9f30f85362c53,GSE169159,exact_study_label
28251,"[""GSE190001_BOOST"",""GSE190001_PRIME""]",https://huggingface.co/datasets/xuejun72/HR-VILAGE-3K3M/resolve/c68349578b97af04d1102eac5ad9f30f85362c53/antibody/GSE190001_antibody.csv,local_metadata_or_antibody_table,reported_antibody_measurements_with_derived_summary_columns,HF:antibody/GSE190001_antibody.csv,True,GSE190001,e563a782dce5fb83f284b936fa7b20172c925c57,False,,data_dictionary/sources/hr_vilage/antibody/GSE190001_antibody.csv,31aec26fe17b2cb5944343658be1054181603bcf9033ceab790a11017878585c,antibody/GSE190001_antibody.csv,c68349578b97af04d1102eac5ad9f30f85362c53,,split_cohort_label_requires_mapping
2821,"[""GSE190747""]",https://huggingface.co/datasets/xuejun72/HR-VILAGE-3K3M/resolve/c68349578b97af04d1102eac5ad9f30f85362c53/antibody/GSE190747_antibody.csv,local_metadata_or_antibody_table,reported_antibody_measurements_with_derived_summary_columns,HF:antibody/GSE190747_antibody.csv,True,GSE190747,0ff090a4fd05a6217fa7635abda09aecab3603df,False,,data_dictionary/sources/hr_vilage/antibody/GSE190747_antibody.csv,9703bf76884ea08c6feef6daef0a28127ecd7925c5f661230e7d00165b3d06db,antibody/GSE190747_antibody.csv,c68349578b97af04d1102eac5ad9f30f85362c53,GSE190747,exact_study_label
7659,"[""GSE194378""]",https://huggingface.co/datasets/xuejun72/HR-VILAGE-3K3M/resolve/c68349578b97af04d1102eac5ad9f30f85362c53/antibody/GSE194378_antibody.csv,local_metadata_or_antibody_table,reported_antibody_measurements_with_derived_summary_columns,HF:antibody/GSE194378_antibody.csv,True,GSE194378,5e67d7d9d0af6d4200d327fc80a47c8d9a575b2c,False,,data_dictionary/sources/hr_vilage/antibody/GSE194378_antibody.csv,15d7d4d8b9a896298091dfd83e3dd6adac68eb91e7ddcec8fe2822ea3abe82c6,antibody/GSE194378_antibody.csv,c68349578b97af04d1102eac5ad9f30f85362c53,GSE194378,exact_study_label
9174,"[""GSE199750""]",https://huggingface.co/datasets/xuejun72/HR-VILAGE-3K3M/resolve/c68349578b97af04d1102eac5ad9f30f85362c53/antibody/GSE199750_antibody.csv,local_metadata_or_antibody_table,reported_antibody_measurements_with_derived_summary_columns,HF:antibody/GSE199750_antibody.csv,True,GSE199750,2e8de04778ffad5a4aad35b19c1bde64eeb0f371,False,,data_dictionary/sources/hr_vilage/antibody/GSE199750_antibody.csv,626bf39c3cf02456aebaf8b83cb3e1907686397d040b03be27b6e4dbd51170c6,antibody/GSE199750_antibody.csv,c68349578b97af04d1102eac5ad9f30f85362c53,GSE199750,exact_study_label
11184,"[""GSE201533""]",https://huggingface.co/datasets/xuejun72/HR-VILAGE-3K3M/resolve/c68349578b97af04d1102eac5ad9f30f85362c53/antibody/GSE201533_antibody.csv,local_metadata_or_antibody_table,reported_antibody_measurements_with_derived_summary_columns,HF:antibody/GSE201533_antibody.csv,True,GSE201533,feda2ee93eaf4679c96eb4667c37bedd9dedcecf,False,,data_dictionary/sources/hr_vilage/antibody/GSE201533_antibody.csv,03545e472e355e6042c5bf246a98070028c9e5b89b02d8a2a0a8b34503af9165,antibody/GSE201533_antibody.csv,c68349578b97af04d1102eac5ad9f30f85362c53,GSE201533,exact_study_label
1909,"[""GSE201642""]",https://huggingface.co/datasets/xuejun72/HR-VILAGE-3K3M/resolve/c68349578b97af04d1102eac5ad9f30f85362c53/antibody/GSE201642_antibody.csv,local_metadata_or_antibody_table,reported_antibody_measurements_with_derived_summary_columns,HF:antibody/GSE201642_antibody.csv,True,GSE201642,7b92b79e926cb3aeae15520021e9e0aff2a28417,False,,data_dictionary/sources/hr_vilage/antibody/GSE201642_antibody.csv,290f2ec6cd927a5fb7a14a5b8041215b30cc65eee66d6a38801f136c9719b521,antibody/GSE201642_antibody.csv,c68349578b97af04d1102eac5ad9f30f85362c53,GSE201642,exact_study_label
19892,"[""GSE207750""]",https://huggingface.co/datasets/xuejun72/HR-VILAGE-3K3M/resolve/c68349578b97af04d1102eac5ad9f30f85362c53/antibody/GSE207750_antibody.csv,local_metadata_or_antibody_table,reported_antibody_measurements_with_derived_summary_columns,HF:antibody/GSE207750_antibody.csv,True,GSE207750,8d406e92acaca781d392fd5eb297d1380b52adc9,False,,data_dictionary/sources/hr_vilage/antibody/GSE207750_antibody.csv,5af7f411356231de3c198099586c499ab0ee6a9f823d542bd38dfe59014206ab,antibody/GSE207750_antibody.csv,c68349578b97af04d1102eac5ad9f30f85362c53,GSE207750,exact_study_label
2351,"[""GSE230494""]",https://huggingface.co/datasets/xuejun72/HR-VILAGE-3K3M/resolve/c68349578b97af04d1102eac5ad9f30f85362c53/antibody/GSE230494_antibody.csv,local_metadata_or_antibody_table,reported_antibody_measurements_with_derived_summary_columns,HF:antibody/GSE230494_antibody.csv,True,GSE230494,650d407fa2673ae39060e84808d39aa854d3f8fc,False,,data_dictionary/sources/hr_vilage/antibody/GSE230494_antibody.csv,226f66371c507e7f42c060b14a6511b406c1575de1a44f488baaf1543b0d7ed2,antibody/GSE230494_antibody.csv,c68349578b97af04d1102eac5ad9f30f85362c53,GSE230494,exact_study_label
352,"[""GSE246525""]",https://huggingface.co/datasets/xuejun72/HR-VILAGE-3K3M/resolve/c68349578b97af04d1102eac5ad9f30f85362c53/antibody/GSE246525_antibody.csv,local_metadata_or_antibody_table,reported_antibody_measurements_with_derived_summary_columns,HF:antibody/GSE246525_antibody.csv,True,GSE246525,e7814cca2c0f71179a6e5c6ce58d49f307824003,False,,data_dictionary/sources/hr_vilage/antibody/GSE246525_antibody.csv,875a42ce9496e0e79eb6ff027179fb6bb4b0f96b6d6c0ffb860c9e885047e547,antibody/GSE246525_antibody.csv,c68349578b97af04d1102eac5ad9f30f85362c53,GSE246525,exact_study_label
645,"[""GSE246937""]",https://huggingface.co/datasets/xuejun72/HR-VILAGE-3K3M/resolve/c68349578b97af04d1102eac5ad9f30f85362c53/antibody/GSE246937_antibody.csv,local_metadata_or_antibody_table,reported_antibody_measurements_with_derived_summary_columns,HF:antibody/GSE246937_antibody.csv,True,GSE246937,36c5591c18ab4cfe62c77fe9b1fb0e997e7d964a,False,,data_dictionary/sources/hr_vilage/antibody/GSE246937_antibody.csv,e6e30b4949d8204553d57047e1aa3fd1dcc3c992b2c709ad04d3f5a253ac03d6,antibody/GSE246937_antibody.csv,c68349578b97af04d1102eac5ad9f30f85362c53,GSE246937,exact_study_label
1077,"[""GSE250023""]",https://huggingface.co/datasets/xuejun72/HR-VILAGE-3K3M/resolve/c68349578b97af04d1102eac5ad9f30f85362c53/antibody/GSE250023_antibody.csv,local_metadata_or_antibody_table,reported_antibody_measurements_with_derived_summary_columns,HF:antibody/GSE250023_antibody.csv,True,GSE250023,c4fbf9331381e3ffb90df7a527352fb7a9a3d20e,False,,data_dictionary/sources/hr_vilage/antibody/GSE250023_antibody.csv,1160279a0c3aa791d1711ca5710a86dd0f084d518e957c246ec3d8c314dce40c,antibody/GSE250023_antibody.csv,c68349578b97af04d1102eac5ad9f30f85362c53,GSE250023,exact_study_label
630,"[""GSE29614""]",https://huggingface.co/datasets/xuejun72/HR-VILAGE-3K3M/resolve/c68349578b97af04d1102eac5ad9f30f85362c53/antibody/GSE29614_antibody.csv,local_metadata_or_antibody_table,reported_antibody_measurements_with_derived_summary_columns,HF:antibody/GSE29614_antibody.csv,True,GSE29614,3ed814a016dae6c266ba6f66472ac30931cfeac7,False,,data_dictionary/sources/hr_vilage/antibody/GSE29614_antibody.csv,3421e129084ba528716cfd2493df47c0d78d6d90399ab9e3ec24c12c97109ed5,antibody/GSE29614_antibody.csv,c68349578b97af04d1102eac5ad9f30f85362c53,GSE29614,exact_study_label
1370,"[""GSE29615""]",https://huggingface.co/datasets/xuejun72/HR-VILAGE-3K3M/resolve/c68349578b97af04d1102eac5ad9f30f85362c53/antibody/GSE29615_antibody.csv,local_metadata_or_antibody_table,reported_antibody_measurements_with_derived_summary_columns,HF:antibody/GSE29615_antibody.csv,True,GSE29615,15153ac08bc3a9bb134da311b2634f0315f64b2c,False,,data_dictionary/sources/hr_vilage/antibody/GSE29615_antibody.csv,8de590fc6ac85090023ad3b62c0537be42b61de5e35a3e888cd5472a6ec3b786,antibody/GSE29615_antibody.csv,c68349578b97af04d1102eac5ad9f30f85362c53,GSE29615,exact_study_label
1461,"[""GSE29617""]",https://huggingface.co/datasets/xuejun72/HR-VILAGE-3K3M/resolve/c68349578b97af04d1102eac5ad9f30f85362c53/antibody/GSE29617_antibody.csv,local_metadata_or_antibody_table,reported_antibody_measurements_with_derived_summary_columns,HF:antibody/GSE29617_antibody.csv,True,GSE29617,77c64371a6dd5750e70a502500f6500cefcad2f3,False,,data_dictionary/sources/hr_vilage/antibody/GSE29617_antibody.csv,d169c37674786e19c0f35bd4f8460c76761f775f9bdee4523857c02933bd2c58,antibody/GSE29617_antibody.csv,c68349578b97af04d1102eac5ad9f30f85362c53,GSE29617,exact_study_label
4654,"[""GSE41080""]",https://huggingface.co/datasets/xuejun72/HR-VILAGE-3K3M/resolve/c68349578b97af04d1102eac5ad9f30f85362c53/antibody/GSE41080_antibody.csv,local_metadata_or_antibody_table,reported_antibody_measurements_with_derived_summary_columns,HF:antibody/GSE41080_antibody.csv,True,GSE41080,b3a617b6afc233d9421c715a91007c67b61b59d2,False,,data_dictionary/sources/hr_vilage/antibody/GSE41080_antibody.csv,8786f27d6d5be1fb773dface596a2a9907650d2bef540fe6f26aa14949c6efc4,antibody/GSE41080_antibody.csv,c68349578b97af04d1102eac5ad9f30f85362c53,GSE41080,exact_study_label
4472,"[""GSE45735""]",https://huggingface.co/datasets/xuejun72/HR-VILAGE-3K3M/resolve/c68349578b97af04d1102eac5ad9f30f85362c53/antibody/GSE45735_antibody.csv,local_metadata_or_antibody_table,reported_antibody_measurements_with_derived_summary_columns,HF:antibody/GSE45735_antibody.csv,True,GSE45735,a10d1c1da1da4374960c81940ca8c92ab6e6bf51,False,,data_dictionary/sources/hr_vilage/antibody/GSE45735_antibody.csv,6066e1ad3a5c9884b3d5579a10be2615a4c6f4d0bf5aae9755e368e20efa1edb,antibody/GSE45735_antibody.csv,c68349578b97af04d1102eac5ad9f30f85362c53,GSE45735,exact_study_label
8652,"[""GSE47353""]",https://huggingface.co/datasets/xuejun72/HR-VILAGE-3K3M/resolve/c68349578b97af04d1102eac5ad9f30f85362c53/antibody/GSE47353_antibody.csv,local_metadata_or_antibody_table,reported_antibody_measurements_with_derived_summary_columns,HF:antibody/GSE47353_antibody.csv,True,GSE47353,bab64dd262fa75376058d0bbe09ed73a23b75806,False,,data_dictionary/sources/hr_vilage/antibody/GSE47353_antibody.csv,042579326faffb5d01290d7ba0ce61ea18a0b9418657d0a50110736376f270dd,antibody/GSE47353_antibody.csv,c68349578b97af04d1102eac5ad9f30f85362c53,GSE47353,exact_study_label
29426,"[""GSE48018""]",https://huggingface.co/datasets/xuejun72/HR-VILAGE-3K3M/resolve/c68349578b97af04d1102eac5ad9f30f85362c53/antibody/GSE48018_antibody.csv,local_metadata_or_antibody_table,reported_antibody_measurements_with_derived_summary_columns,HF:antibody/GSE48018_antibody.csv,True,GSE48018,3fcc4a5dd1aff8ce95e5221b99e10872e4eb56e8,False,,data_dictionary/sources/hr_vilage/antibody/GSE48018_antibody.csv,639362dfa2ded928411d43ced7b584176d81535c8e2992b8ae7bccfab6003b10,antibody/GSE48018_antibody.csv,c68349578b97af04d1102eac5ad9f30f85362c53,GSE48018,exact_study_label
27326,"[""GSE48023""]",https://huggingface.co/datasets/xuejun72/HR-VILAGE-3K3M/resolve/c68349578b97af04d1102eac5ad9f30f85362c53/antibody/GSE48023_antibody.csv,local_metadata_or_antibody_table,reported_antibody_measurements_with_derived_summary_columns,HF:antibody/GSE48023_antibody.csv,True,GSE48023,765f535e8aa3ec74e33e576d0a75e759799e9af1,False,,data_dictionary/sources/hr_vilage/antibody/GSE48023_antibody.csv,e475edc8c53a6cec39328382dec9fa9ad09e238a18d90a55c17cfafb326d7c11,antibody/GSE48023_antibody.csv,c68349578b97af04d1102eac5ad9f30f85362c53,GSE48023,exact_study_label
1457,"[""GSE48762""]",https://huggingface.co/datasets/xuejun72/HR-VILAGE-3K3M/resolve/c68349578b97af04d1102eac5ad9f30f85362c53/antibody/GSE48762_antibody.csv,local_metadata_or_antibody_table,reported_antibody_measurements_with_derived_summary_columns,HF:antibody/GSE48762_antibody.csv,True,GSE48762,9ade1741258d81cdfe7f2e912bd98a272b1cad86,False,,data_dictionary/sources/hr_vilage/antibody/GSE48762_antibody.csv,120bffb4d342b1239767f2a2668480800a57c5dcf3eea3b348c429599854a3cc,antibody/GSE48762_antibody.csv,c68349578b97af04d1102eac5ad9f30f85362c53,GSE48762,exact_study_label
2138,"[""GSE59635""]",https://huggingface.co/datasets/xuejun72/HR-VILAGE-3K3M/resolve/c68349578b97af04d1102eac5ad9f30f85362c53/antibody/GSE59635_antibody.csv,local_metadata_or_antibody_table,reported_antibody_measurements_with_derived_summary_columns,HF:antibody/GSE59635_antibody.csv,True,GSE59635,3884441511c241059fbbc5f135e4eb22729ea15f,False,,data_dictionary/sources/hr_vilage/antibody/GSE59635_antibody.csv,62a5ca00967e79a786e6985f4b980b67f4a174fc35dd2c196d91a0c36bdc9415,antibody/GSE59635_antibody.csv,c68349578b97af04d1102eac5ad9f30f85362c53,GSE59635,exact_study_label
3521,"[""GSE59654""]",https://huggingface.co/datasets/xuejun72/HR-VILAGE-3K3M/resolve/c68349578b97af04d1102eac5ad9f30f85362c53/antibody/GSE59654_antibody.csv,local_metadata_or_antibody_table,reported_antibody_measurements_with_derived_summary_columns,HF:antibody/GSE59654_antibody.csv,True,GSE59654,39d5cae4c6b9acaf393f90a0e589ae060c66ffa3,False,,data_dictionary/sources/hr_vilage/antibody/GSE59654_antibody.csv,76b63892649911b466b1e5fae2d0e0a77038e1c115e71d76d405e3225fbd810b,antibody/GSE59654_antibody.csv,c68349578b97af04d1102eac5ad9f30f85362c53,GSE59654,exact_study_label
3725,"[""GSE59743""]",https://huggingface.co/datasets/xuejun72/HR-VILAGE-3K3M/resolve/c68349578b97af04d1102eac5ad9f30f85362c53/antibody/GSE59743_antibody.csv,local_metadata_or_antibody_table,reported_antibody_measurements_with_derived_summary_columns,HF:antibody/GSE59743_antibody.csv,True,GSE59743,167c64e7208a84b001eca52ab5a0c89aeb02d629,False,,data_dictionary/sources/hr_vilage/antibody/GSE59743_antibody.csv,15bebbf192279d7737032859582eeda360cc086a29cdc1aa9531e3964ad860cd,antibody/GSE59743_antibody.csv,c68349578b97af04d1102eac5ad9f30f85362c53,GSE59743,exact_study_label
12594,"[""GSE68310""]",https://huggingface.co/datasets/xuejun72/HR-VILAGE-3K3M/resolve/c68349578b97af04d1102eac5ad9f30f85362c53/antibody/GSE68310_antibody.csv,local_metadata_or_antibody_table,reported_antibody_measurements_with_derived_summary_columns,HF:antibody/GSE68310_antibody.csv,True,GSE68310,9f91c92597cc36df31a04e052fbca195f4b51f6f,False,,data_dictionary/sources/hr_vilage/antibody/GSE68310_antibody.csv,4c156bfad95a708bff9330fec5d2ef1747df76de09af1ebd660b46b4df810794,antibody/GSE68310_antibody.csv,c68349578b97af04d1102eac5ad9f30f85362c53,GSE68310,exact_study_label
1743,"[""GSE74811""]",https://huggingface.co/datasets/xuejun72/HR-VILAGE-3K3M/resolve/c68349578b97af04d1102eac5ad9f30f85362c53/antibody/GSE74811_antibody.csv,local_metadata_or_antibody_table,reported_antibody_measurements_with_derived_summary_columns,HF:antibody/GSE74811_antibody.csv,True,GSE74811,f1dbf27e470d759419c7108fbc04d977f4404b1d,False,,data_dictionary/sources/hr_vilage/antibody/GSE74811_antibody.csv,6bff02566307a7a6da42e1a44aae156f76521ab97ab85c221cc4fed3ed2a81c6,antibody/GSE74811_antibody.csv,c68349578b97af04d1102eac5ad9f30f85362c53,GSE74811,exact_study_label
4010,"[""GSE74813""]",https://huggingface.co/datasets/xuejun72/HR-VILAGE-3K3M/resolve/c68349578b97af04d1102eac5ad9f30f85362c53/antibody/GSE74813_antibody.csv,local_metadata_or_antibody_table,reported_antibody_measurements_with_derived_summary_columns,HF:antibody/GSE74813_antibody.csv,True,GSE74813,13ee5dfcfe4e11d8746e8ae158755beb4dac2df2,False,,data_dictionary/sources/hr_vilage/antibody/GSE74813_antibody.csv,8f2d9e8a16d60cb617c13875d7c47f5a1bae426cd0e963eed10f2b37b8e50271,antibody/GSE74813_antibody.csv,c68349578b97af04d1102eac5ad9f30f85362c53,GSE74813,exact_study_label
1637,"[""GSE74815""]",https://huggingface.co/datasets/xuejun72/HR-VILAGE-3K3M/resolve/c68349578b97af04d1102eac5ad9f30f85362c53/antibody/GSE74815_antibody.csv,local_metadata_or_antibody_table,reported_antibody_measurements_with_derived_summary_columns,HF:antibody/GSE74815_antibody.csv,True,GSE74815,6394c1e3ba9285eb2c3507e89d9565bb3eefc0e9,False,,data_dictionary/sources/hr_vilage/antibody/GSE74815_antibody.csv,5756751989fc078483c77056895a8ed88ae3fbd2ac07f03b232d9a4a00474cc7,antibody/GSE74815_antibody.csv,c68349578b97af04d1102eac5ad9f30f85362c53,GSE74815,exact_study_label
4341,"[""GSE74816""]",https://huggingface.co/datasets/xuejun72/HR-VILAGE-3K3M/resolve/c68349578b97af04d1102eac5ad9f30f85362c53/antibody/GSE74816_antibody.csv,local_metadata_or_antibody_table,reported_antibody_measurements_with_derived_summary_columns,HF:antibody/GSE74816_antibody.csv,True,GSE74816,4d7db06f0ff346532c79bc3bf962eee9224a9176,False,,data_dictionary/sources/hr_vilage/antibody/GSE74816_antibody.csv,a1cac08add870ee5adc0b822ca963e0c4b1a08f3b02b66b030680279f860f624,antibody/GSE74816_antibody.csv,c68349578b97af04d1102eac5ad9f30f85362c53,GSE74816,exact_study_label
4558,"[""SDY112""]",https://huggingface.co/datasets/xuejun72/HR-VILAGE-3K3M/resolve/c68349578b97af04d1102eac5ad9f30f85362c53/antibody/SDY112_antibody.csv,local_metadata_or_antibody_table,reported_antibody_measurements_with_derived_summary_columns,HF:antibody/SDY112_antibody.csv,True,SDY112,0636156c8e7fcc08765e970d1882f20c690288b2,False,,data_dictionary/sources/hr_vilage/antibody/SDY112_antibody.csv,27a2c56e9fad3426fd4022c5453c3d4706eb47f4bc58f5a38264d3eb3886c6e6,antibody/SDY112_antibody.csv,c68349578b97af04d1102eac5ad9f30f85362c53,SDY112,exact_study_label
3226,"[""SDY311""]",https://huggingface.co/datasets/xuejun72/HR-VILAGE-3K3M/resolve/c68349578b97af04d1102eac5ad9f30f85362c53/antibody/SDY311_antibody.csv,local_metadata_or_antibody_table,reported_antibody_measurements_with_derived_summary_columns,HF:antibody/SDY311_antibody.csv,True,SDY311,4a36d4ad4dea10ab39e15e368136bd137bfbd769,False,,data_dictionary/sources/hr_vilage/antibody/SDY311_antibody.csv,2c7690b20f78e00bb79abb477bec3016b74e815f6cb9b6f9c542697e732ed9d5,antibody/SDY311_antibody.csv,c68349578b97af04d1102eac5ad9f30f85362c53,SDY311,exact_study_label
5567,[],https://huggingface.co/datasets/xuejun72/HR-VILAGE-3K3M/resolve/c68349578b97af04d1102eac5ad9f30f85362c53/antibody/SDY312_antibody.csv,local_metadata_or_antibody_table,reported_antibody_measurements_with_derived_summary_columns,HF:antibody/SDY312_antibody.csv,True,SDY312,b63f1f29b5523714e7222b61f27b40f3ec820d8b,False,,data_dictionary/sources/hr_vilage/antibody/SDY312_antibody.csv,45081e97178f567fafecc56dc20a400b7f949eeff2828af7efe051002118a1d6,antibody/SDY312_antibody.csv,c68349578b97af04d1102eac5ad9f30f85362c53,,no_single_study_link_established
6372,[],https://huggingface.co/datasets/xuejun72/HR-VILAGE-3K3M/resolve/c68349578b97af04d1102eac5ad9f30f85362c53/antibody/SDY314_antibody.csv,local_metadata_or_antibody_table,reported_antibody_measurements_with_derived_summary_columns,HF:antibody/SDY314_antibody.csv,True,SDY314,cb4dd90f5fc46883ec7272c1787c7420b8543e70,False,,data_dictionary/sources/hr_vilage/antibody/SDY314_antibody.csv,0e368cab6d9dc1c4f1e9d0fd6ce270809bee6f948ba56208523ff0929b04cc1e,antibody/SDY314_antibody.csv,c68349578b97af04d1102eac5ad9f30f85362c53,,no_single_study_link_established
3627,"[""SDY315""]",https://huggingface.co/datasets/xuejun72/HR-VILAGE-3K3M/resolve/c68349578b97af04d1102eac5ad9f30f85362c53/antibody/SDY315_antibody.csv,local_metadata_or_antibody_table,reported_antibody_measurements_with_derived_summary_columns,HF:antibody/SDY315_antibody.csv,True,SDY315,12d4a7fb586e226720941c8ae0e5c7012cd79de7,False,,data_dictionary/sources/hr_vilage/antibody/SDY315_antibody.csv,90a9bc1370478fa74ef5945e39b7806c636192ee2bd02eaf7a23317d5668c635,antibody/SDY315_antibody.csv,c68349578b97af04d1102eac5ad9f30f85362c53,SDY315,exact_study_label
1579,"[""challenge_covid19""]",https://huggingface.co/datasets/xuejun72/HR-VILAGE-3K3M/resolve/c68349578b97af04d1102eac5ad9f30f85362c53/antibody/challenge_covid19_antibody.csv,local_metadata_or_antibody_table,reported_antibody_measurements_with_derived_summary_columns,HF:antibody/challenge_covid19_antibody.csv,True,challenge_covid19,a76cce85467f26e8237ef420b985d81361179be7,False,,data_dictionary/sources/hr_vilage/antibody/challenge_covid19_antibody.csv,22ad28cf4f49ae4690a8d78ebb68366659789b79f8ecf2c6bc2e1556b3197615,antibody/challenge_covid19_antibody.csv,c68349578b97af04d1102eac5ad9f30f85362c53,challenge_covid19,exact_study_label
210421121,"[""E_MTAB_12993_blood""]",https://huggingface.co/datasets/xuejun72/HR-VILAGE-3K3M/resolve/c68349578b97af04d1102eac5ad9f30f85362c53/bulk_gene_expr/E_MTAB_12993_blood_gene_expr.csv,listing_and_author_documentation_only,harmonized_expression_matrix,HF:bulk_gene_expr/E_MTAB_12993_blood_gene_expr.csv,True,E_MTAB_12993_blood,d1a0e0a1a1129d42c0c0856bfd35be81650f2044,False,"{""oid"":""3d97d41fb033a523be76ab5404963e8299ba4e46f3a7387850ed405f39e9d3a8"",""pointerSize"":134,""size"":210421121}",,,bulk_gene_expr/E_MTAB_12993_blood_gene_expr.csv,c68349578b97af04d1102eac5ad9f30f85362c53,E_MTAB_12993_blood,exact_study_label
55300487,"[""E_MTAB_12993_nose""]",https://huggingface.co/datasets/xuejun72/HR-VILAGE-3K3M/resolve/c68349578b97af04d1102eac5ad9f30f85362c53/bulk_gene_expr/E_MTAB_12993_nose_gene_expr.csv,listing_and_author_documentation_only,harmonized_expression_matrix,HF:bulk_gene_expr/E_MTAB_12993_nose_gene_expr.csv,True,E_MTAB_12993_nose,dda45aaf64b33f9e8e1f982c2c62f8e4c81c79f5,False,"{""oid"":""9b297dd86f74fb4eba98d1e8414bdb4a12a1e25560e76843e1bf41f60c4f3271"",""pointerSize"":133,""size"":55300487}",,,bulk_gene_expr/E_MTAB_12993_nose_gene_expr.csv,c68349578b97af04d1102eac5ad9f30f85362c53,E_MTAB_12993_nose,exact_study_label
40431433,"[""GSE101709""]",https://huggingface.co/datasets/xuejun72/HR-VILAGE-3K3M/resolve/c68349578b97af04d1102eac5ad9f30f85362c53/bulk_gene_expr/GSE101709_gene_expr.csv,listing_and_author_documentation_only,harmonized_expression_matrix,HF:bulk_gene_expr/GSE101709_gene_expr.csv,True,GSE101709,4549d5298c0508e5c847efafc8d46dd8f970bd6d,False,"{""oid"":""019f85ad6934149ed3f871ed7e59d5b44c24a4a941dc210a31c2d4a796231a7e"",""pointerSize"":133,""size"":40431433}",,,bulk_gene_expr/GSE101709_gene_expr.csv,c68349578b97af04d1102eac5ad9f30f85362c53,GSE101709,exact_study_label
32664338,"[""GSE101710""]",https://huggingface.co/datasets/xuejun72/HR-VILAGE-3K3M/resolve/c68349578b97af04d1102eac5ad9f30f85362c53/bulk_gene_expr/GSE101710_gene_expr.csv,listing_and_author_documentation_only,harmonized_expression_matrix,HF:bulk_gene_expr/GSE101710_gene_expr.csv,True,GSE101710,7457616c06a41aff8818b00a9760c6e7b3e96dbb,False,"{""oid"":""b524122ea8b5e3ef93bf2ebe027b9c889f179d159e9fe51847aa7458c1cd6c07"",""pointerSize"":133,""size"":32664338}",,,bulk_gene_expr/GSE101710_gene_expr.csv,c68349578b97af04d1102eac5ad9f30f85362c53,GSE101710,exact_study_label
146072232,"[""GSE102012""]",https://huggingface.co/datasets/xuejun72/HR-VILAGE-3K3M/resolve/c68349578b97af04d1102eac5ad9f30f85362c53/bulk_gene_expr/GSE102012_gene_expr.csv,listing_and_author_documentation_only,harmonized_expression_matrix,HF:bulk_gene_expr/GSE102012_gene_expr.csv,True,GSE102012,28d23e84df8d7247472860b1d5e109e0b632cabb,False,"{""oid"":""997a5ecbfb3bc77da8b6762c24259d4b73930809c4f9a6ff0278b2ad1dec66c2"",""pointerSize"":134,""size"":146072232}",,,bulk_gene_expr/GSE102012_gene_expr.csv,c68349578b97af04d1102eac5ad9f30f85362c53,GSE102012,exact_study_label
275296633,"[""GSE107990""]",https://huggingface.co/datasets/xuejun72/HR-VILAGE-3K3M/resolve/c68349578b97af04d1102eac5ad9f30f85362c53/bulk_gene_expr/GSE107990_gene_expr.csv,listing_and_author_documentation_only,harmonized_expression_matrix,HF:bulk_gene_expr/GSE107990_gene_expr.csv,True,GSE107990,bb238b265be7ae60b8bc4586202e011f36c3b2bc,False,"{""oid"":""7e28972197cbdeeec5fdb1bcfafc62d45eda81e01ab6dabf7a77e0942c66fd82"",""pointerSize"":134,""size"":275296633}",,,bulk_gene_expr/GSE107990_gene_expr.csv,c68349578b97af04d1102eac5ad9f30f85362c53,GSE107990,exact_study_label
36236149,"[""GSE11348""]",https://huggingface.co/datasets/xuejun72/HR-VILAGE-3K3M/resolve/c68349578b97af04d1102eac5ad9f30f85362c53/bulk_gene_expr/GSE11348_gene_expr.csv,listing_and_author_documentation_only,harmonized_expression_matrix,HF:bulk_gene_expr/GSE11348_gene_expr.csv,True,GSE11348,9143d7fad79818ca20bed168c1a91cf43f87a437,False,"{""oid"":""461add9b5271233f5c051cdeadcc638fbe811e1554fdc9120b89d8976b5e1d10"",""pointerSize"":133,""size"":36236149}",,,bulk_gene_expr/GSE11348_gene_expr.csv,c68349578b97af04d1102eac5ad9f30f85362c53,GSE11348,exact_study_label
13343014,"[""GSE117580""]",https://huggingface.co/datasets/xuejun72/HR-VILAGE-3K3M/resolve/c68349578b97af04d1102eac5ad9f30f85362c53/bulk_gene_expr/GSE117580_gene_expr.csv,listing_and_author_documentation_only,harmonized_expression_matrix,HF:bulk_gene_expr/GSE117580_gene_expr.csv,True,GSE117580,24b093f0052cee4f03aff293f7755b2eb84b0dbb,False,"{""oid"":""51d2158efb353753d51d736db1f42f55d89fca10b4b8452b7642967358bd9fb6"",""pointerSize"":133,""size"":13343014}",,,bulk_gene_expr/GSE117580_gene_expr.csv,c68349578b97af04d1102eac5ad9f30f85362c53,GSE117580,exact_study_label
9588797,"[""GSE155237""]",https://huggingface.co/datasets/xuejun72/HR-VILAGE-3K3M/resolve/c68349578b97af04d1102eac5ad9f30f85362c53/bulk_gene_expr/GSE155237_gene_expr.csv,listing_and_author_documentation_only,harmonized_expression_matrix,HF:bulk_gene_expr/GSE155237_gene_expr.csv,True,GSE155237,9f197003cd191d1f19d7b63304874bad2511cc5a,False,,,,bulk_gene_expr/GSE155237_gene_expr.csv,c68349578b97af04d1102eac5ad9f30f85362c53,GSE155237,exact_study_label
23921925,"[""GSE169159""]",https://huggingface.co/datasets/xuejun72/HR-VILAGE-3K3M/resolve/c68349578b97af04d1102eac5ad9f30f85362c53/bulk_gene_expr/GSE169159_gene_expr.csv,listing_and_author_documentation_only,harmonized_expression_matrix,HF:bulk_gene_expr/GSE169159_gene_expr.csv,True,GSE169159,0dc003c7d1dddaf83ac08945bbcd071eb53023f9,False,"{""oid"":""3ad6039a24627c9097921021291d8b351595e554bda0f8c6ac945f1a626a88cc"",""pointerSize"":133,""size"":23921925}",,,bulk_gene_expr/GSE169159_gene_expr.csv,c68349578b97af04d1102eac5ad9f30f85362c53,GSE169159,exact_study_label
21713566,"[""GSE190001_BOOST""]",https://huggingface.co/datasets/xuejun72/HR-VILAGE-3K3M/resolve/c68349578b97af04d1102eac5ad9f30f85362c53/bulk_gene_expr/GSE190001_BOOST_gene_expr.csv,listing_and_author_documentation_only,harmonized_expression_matrix,HF:bulk_gene_expr/GSE190001_BOOST_gene_expr.csv,True,GSE190001_BOOST,c5e57d73b57bb101563b2049b5db2b13a65d600f,False,"{""oid"":""997c9d27e73c14cd43cefe60663c873ec885f7686670a0d84be27b6b7f19f719"",""pointerSize"":133,""size"":21713566}",,,bulk_gene_expr/GSE190001_BOOST_gene_expr.csv,c68349578b97af04d1102eac5ad9f30f85362c53,GSE190001_BOOST,exact_study_label
19498836,"[""GSE190001_PRIME""]",https://huggingface.co/datasets/xuejun72/HR-VILAGE-3K3M/resolve/c68349578b97af04d1102eac5ad9f30f85362c53/bulk_gene_expr/GSE190001_PRIME_gene_expr.csv,listing_and_author_documentation_only,harmonized_expression_matrix,HF:bulk_gene_expr/GSE190001_PRIME_gene_expr.csv,True,GSE190001_PRIME,efe78a3c433560b8a8ceba420452cbe4a86e8ca6,False,"{""oid"":""6633f27b18c02dd5c564c70708bde699f9246feb0e4a0b8031dbfe252028e6e2"",""pointerSize"":133,""size"":19498836}",,,bulk_gene_expr/GSE190001_PRIME_gene_expr.csv,c68349578b97af04d1102eac5ad9f30f85362c53,GSE190001_PRIME,exact_study_label
16019515,"[""GSE190747""]",https://huggingface.co/datasets/xuejun72/HR-VILAGE-3K3M/resolve/c68349578b97af04d1102eac5ad9f30f85362c53/bulk_gene_expr/GSE190747_gene_expr.csv,listing_and_author_documentation_only,harmonized_expression_matrix,HF:bulk_gene_expr/GSE190747_gene_expr.csv,True,GSE190747,23f0bee82781e9c1e220546d9c2e72d797828740,False,"{""oid"":""3fc83589b0a642d05103ff7346c22e8b80cc36fc1578572617b44f2ab6dafcbf"",""pointerSize"":133,""size"":16019515}",,,bulk_gene_expr/GSE190747_gene_expr.csv,c68349578b97af04d1102eac5ad9f30f85362c53,GSE190747,exact_study_label
53098526,"[""GSE194378""]",https://huggingface.co/datasets/xuejun72/HR-VILAGE-3K3M/resolve/c68349578b97af04d1102eac5ad9f30f85362c53/bulk_gene_expr/GSE194378_gene_expr.csv,listing_and_author_documentation_only,harmonized_expression_matrix,HF:bulk_gene_expr/GSE194378_gene_expr.csv,True,GSE194378,be7db6359ccd6f65269bc351d2e5864a8f7adadd,False,"{""oid"":""549374db587fdd069987e99e7c6fc93cb95b31e71fb84ba23af72263093aa364"",""pointerSize"":133,""size"":53098526}",,,bulk_gene_expr/GSE194378_gene_expr.csv,c68349578b97af04d1102eac5ad9f30f85362c53,GSE194378,exact_study_label
29499908,"[""GSE199750""]",https://huggingface.co/datasets/xuejun72/HR-VILAGE-3K3M/resolve/c68349578b97af04d1102eac5ad9f30f85362c53/bulk_gene_expr/GSE199750_gene_expr.csv,listing_and_author_documentation_only,harmonized_expression_matrix,HF:bulk_gene_expr/GSE199750_gene_expr.csv,True,GSE199750,74b7ebb2bab40864f2a0bc988d18f9baa7e45518,False,"{""oid"":""5ad61900021a7f6c8ba3251424739eaa483ce12af48ffb235e2a6102a5321742"",""pointerSize"":133,""size"":29499908}",,,bulk_gene_expr/GSE199750_gene_expr.csv,c68349578b97af04d1102eac5ad9f30f85362c53,GSE199750,exact_study_label
22241786,"[""GSE201533""]",https://huggingface.co/datasets/xuejun72/HR-VILAGE-3K3M/resolve/c68349578b97af04d1102eac5ad9f30f85362c53/bulk_gene_expr/GSE201533_gene_expr.csv,listing_and_author_documentation_only,harmonized_expression_matrix,HF:bulk_gene_expr/GSE201533_gene_expr.csv,True,GSE201533,a84e3f8f3d8e007952dd50113a366027d549ccd1,False,"{""oid"":""91bbc3b91c1d09123a2ddb00a08f15d8ffa41a6ba8e13b20f60f592ee0f40a7d"",""pointerSize"":133,""size"":22241786}",,,bulk_gene_expr/GSE201533_gene_expr.csv,c68349578b97af04d1102eac5ad9f30f85362c53,GSE201533,exact_study_label
6912852,"[""GSE201642""]",https://huggingface.co/datasets/xuejun72/HR-VILAGE-3K3M/resolve/c68349578b97af04d1102eac5ad9f30f85362c53/bulk_gene_expr/GSE201642_gene_expr.csv,listing_and_author_documentation_only,harmonized_expression_matrix,HF:bulk_gene_expr/GSE201642_gene_expr.csv,True,GSE201642,aed1ca85225c38b053a5ab4f246ea2a538fcbcda,False,,,,bulk_gene_expr/GSE201642_gene_expr.csv,c68349578b97af04d1102eac5ad9f30f85362c53,GSE201642,exact_study_label
33443091,"[""GSE207750""]",https://huggingface.co/datasets/xuejun72/HR-VILAGE-3K3M/resolve/c68349578b97af04d1102eac5ad9f30f85362c53/bulk_gene_expr/GSE207750_gene_expr.csv,listing_and_author_documentation_only,harmonized_expression_matrix,HF:bulk_gene_expr/GSE207750_gene_expr.csv,True,GSE207750,087392dfc57412d904f33f19bf7c489f5b227a10,False,"{""oid"":""55717e8d31c44fa73e392b2de83bc30c19a1371294946356daa88794a882e951"",""pointerSize"":133,""size"":33443091}",,,bulk_gene_expr/GSE207750_gene_expr.csv,c68349578b97af04d1102eac5ad9f30f85362c53,GSE207750,exact_study_label
25337744,"[""GSE209985""]",https://huggingface.co/datasets/xuejun72/HR-VILAGE-3K3M/resolve/c68349578b97af04d1102eac5ad9f30f85362c53/bulk_gene_expr/GSE209985_gene_expr.csv,listing_and_author_documentation_only,harmonized_expression_matrix,HF:bulk_gene_expr/GSE209985_gene_expr.csv,True,GSE209985,abd1db0ca3c5bab3ba252411e728a04c37e53516,False,"{""oid"":""3efe3bacf9740c08897220502487519753a3515a7334804294f786a158f72ea1"",""pointerSize"":133,""size"":25337744}",,,bulk_gene_expr/GSE209985_gene_expr.csv,c68349578b97af04d1102eac5ad9f30f85362c53,GSE209985,exact_study_label
43122919,"[""GSE217770""]",https://huggingface.co/datasets/xuejun72/HR-VILAGE-3K3M/resolve/c68349578b97af04d1102eac5ad9f30f85362c53/bulk_gene_expr/GSE217770_gene_expr.csv,listing_and_author_documentation_only,harmonized_expression_matrix,HF:bulk_gene_expr/GSE217770_gene_expr.csv,True,GSE217770,0d196e038f7f5dfc3adb2762cafed54a1989446a,False,"{""oid"":""b05203ae28c8ceed3ea5e69b2a345106da01248b82adfc3a226fd6376cda7502"",""pointerSize"":133,""size"":43122919}",,,bulk_gene_expr/GSE217770_gene_expr.csv,c68349578b97af04d1102eac5ad9f30f85362c53,GSE217770,exact_study_label
72982889,"[""GSE220682""]",https://huggingface.co/datasets/xuejun72/HR-VILAGE-3K3M/resolve/c68349578b97af04d1102eac5ad9f30f85362c53/bulk_gene_expr/GSE220682_gene_expr.csv,listing_and_author_documentation_only,harmonized_expression_matrix,HF:bulk_gene_expr/GSE220682_gene_expr.csv,True,GSE220682,33ddf4778824d2ab31bb01ccea0223fde1cd96ca,False,"{""oid"":""4ea816bfd7b54d6e6aed16545e219b4c7cfac6c0a73a0a91aff62911f6dc32ea"",""pointerSize"":133,""size"":72982889}",,,bulk_gene_expr/GSE220682_gene_expr.csv,c68349578b97af04d1102eac5ad9f30f85362c53,GSE220682,exact_study_label
22811523,"[""GSE228839""]",https://huggingface.co/datasets/xuejun72/HR-VILAGE-3K3M/resolve/c68349578b97af04d1102eac5ad9f30f85362c53/bulk_gene_expr/GSE228839_gene_expr.csv,listing_and_author_documentation_only,harmonized_expression_matrix,HF:bulk_gene_expr/GSE228839_gene_expr.csv,True,GSE228839,28b8b5bd27e52c733f8e6eee971c7f0431ca828f,False,"{""oid"":""77670b6bb294f0fb7e0d2a4982b55ee3790d80266b39bce650332a0273cb30c8"",""pointerSize"":133,""size"":22811523}",,,bulk_gene_expr/GSE228839_gene_expr.csv,c68349578b97af04d1102eac5ad9f30f85362c53,GSE228839,exact_study_label
6959578,"[""GSE230494""]",https://huggingface.co/datasets/xuejun72/HR-VILAGE-3K3M/resolve/c68349578b97af04d1102eac5ad9f30f85362c53/bulk_gene_expr/GSE230494_gene_expr.csv,listing_and_author_documentation_only,harmonized_expression_matrix,HF:bulk_gene_expr/GSE230494_gene_expr.csv,True,GSE230494,9b934ed499a15cd06ff47709ad703cada109988a,False,,,,bulk_gene_expr/GSE230494_gene_expr.csv,c68349578b97af04d1102eac5ad9f30f85362c53,GSE230494,exact_study_label
5235047,"[""GSE246525""]",https://huggingface.co/datasets/xuejun72/HR-VILAGE-3K3M/resolve/c68349578b97af04d1102eac5ad9f30f85362c53/bulk_gene_expr/GSE246525_gene_expr.csv,listing_and_author_documentation_only,harmonized_expression_matrix,HF:bulk_gene_expr/GSE246525_gene_expr.csv,True,GSE246525,7250a4480906225e49aca94ac1da4479d501875e,False,,,,bulk_gene_expr/GSE246525_gene_expr.csv,c68349578b97af04d1102eac5ad9f30f85362c53,GSE246525,exact_study_label
19166220,"[""GSE247401""]",https://huggingface.co/datasets/xuejun72/HR-VILAGE-3K3M/resolve/c68349578b97af04d1102eac5ad9f30f85362c53/bulk_gene_expr/GSE247401_gene_expr.csv,listing_and_author_documentation_only,harmonized_expression_matrix,HF:bulk_gene_expr/GSE247401_gene_expr.csv,True,GSE247401,324f1e4da9743184d0f6654f2047422cb63024dc,False,"{""oid"":""8d1c8c8d254121c641d5f0fb559d0d2165669515704673e9af2fa65fbc222db3"",""pointerSize"":133,""size"":19166220}",,,bulk_gene_expr/GSE247401_gene_expr.csv,c68349578b97af04d1102eac5ad9f30f85362c53,GSE247401,exact_study_label
9194004,"[""GSE250023""]",https://huggingface.co/datasets/xuejun72/HR-VILAGE-3K3M/resolve/c68349578b97af04d1102eac5ad9f30f85362c53/bulk_gene_expr/GSE250023_gene_expr.csv,listing_and_author_documentation_only,harmonized_expression_matrix,HF:bulk_gene_expr/GSE250023_gene_expr.csv,True,GSE250023,9c634dc7aa51f15545d0898a7f6999081256f23b,False,,,,bulk_gene_expr/GSE250023_gene_expr.csv,c68349578b97af04d1102eac5ad9f30f85362c53,GSE250023,exact_study_label
11783751,"[""GSE265975""]",https://huggingface.co/datasets/xuejun72/HR-VILAGE-3K3M/resolve/c68349578b97af04d1102eac5ad9f30f85362c53/bulk_gene_expr/GSE265975_gene_expr.csv,listing_and_author_documentation_only,harmonized_expression_matrix,HF:bulk_gene_expr/GSE265975_gene_expr.csv,True,GSE265975,85a15c20dc164b0cad06aeb017bcc623b4f47acb,False,"{""oid"":""83ba1e859c55648f6ded08d4a1b0e41378ffb788b3f0ca2822a5478aa86db824"",""pointerSize"":133,""size"":11783751}",,,bulk_gene_expr/GSE265975_gene_expr.csv,c68349578b97af04d1102eac5ad9f30f85362c53,GSE265975,exact_study_label
37807830,"[""GSE276544""]",https://huggingface.co/datasets/xuejun72/HR-VILAGE-3K3M/resolve/c68349578b97af04d1102eac5ad9f30f85362c53/bulk_gene_expr/GSE276544_gene_expr.csv,listing_and_author_documentation_only,harmonized_expression_matrix,HF:bulk_gene_expr/GSE276544_gene_expr.csv,True,GSE276544,cc1a8314deaa470b602c7e80b005d8dc6ad5d2b3,False,"{""oid"":""e15cd82996c55a5a0bc659ae6cc13eb72f23c0214be712681e56af74049bc4ca"",""pointerSize"":133,""size"":37807830}",,,bulk_gene_expr/GSE276544_gene_expr.csv,c68349578b97af04d1102eac5ad9f30f85362c53,GSE276544,exact_study_label
20115784,"[""GSE281864""]",https://huggingface.co/datasets/xuejun72/HR-VILAGE-3K3M/resolve/c68349578b97af04d1102eac5ad9f30f85362c53/bulk_gene_expr/GSE281864_gene_expr.csv,listing_and_author_documentation_only,harmonized_expression_matrix,HF:bulk_gene_expr/GSE281864_gene_expr.csv,True,GSE281864,5ce5322ae6f518c75379d9ebcb185386215ee033,False,"{""oid"":""a48b2f8dd666b79b61c432f471621f4f9f13ff3562559fecf0cf52619e355d61"",""pointerSize"":133,""size"":20115784}",,,bulk_gene_expr/GSE281864_gene_expr.csv,c68349578b97af04d1102eac5ad9f30f85362c53,GSE281864,exact_study_label
11095119,"[""GSE29614""]",https://huggingface.co/datasets/xuejun72/HR-VILAGE-3K3M/resolve/c68349578b97af04d1102eac5ad9f30f85362c53/bulk_gene_expr/GSE29614_gene_expr.csv,listing_and_author_documentation_only,harmonized_expression_matrix,HF:bulk_gene_expr/GSE29614_gene_expr.csv,True,GSE29614,0072df7936225ce7d3391ccdf19528ef3ccaa899,False,"{""oid"":""86da028ef8ca53eedc4d91426c384521d80307f3191ce5861990c816c48c6bcb"",""pointerSize"":133,""size"":11095119}",,,bulk_gene_expr/GSE29614_gene_expr.csv,c68349578b97af04d1102eac5ad9f30f85362c53,GSE29614,exact_study_label
31901610,"[""GSE29615""]",https://huggingface.co/datasets/xuejun72/HR-VILAGE-3K3M/resolve/c68349578b97af04d1102eac5ad9f30f85362c53/bulk_gene_expr/GSE29615_gene_expr.csv,listing_and_author_documentation_only,harmonized_expression_matrix,HF:bulk_gene_expr/GSE29615_gene_expr.csv,True,GSE29615,3e54341a29017019400b080ce19ec0b78851afe9,False,"{""oid"":""e78393ebecd4900f2c0381aa2075b5715a76d31b2e005dee1853f7b2b7784c85"",""pointerSize"":133,""size"":31901610}",,,bulk_gene_expr/GSE29615_gene_expr.csv,c68349578b97af04d1102eac5ad9f30f85362c53,GSE29615,exact_study_label
30762918,"[""GSE29617""]",https://huggingface.co/datasets/xuejun72/HR-VILAGE-3K3M/resolve/c68349578b97af04d1102eac5ad9f30f85362c53/bulk_gene_expr/GSE29617_gene_expr.csv,listing_and_author_documentation_only,harmonized_expression_matrix,HF:bulk_gene_expr/GSE29617_gene_expr.csv,True,GSE29617,6e7ed0642c3933d00c4af99d997c25d991462d70,False,"{""oid"":""1d8785b7605737f06bd0129cccfe9ab803bd612f1dbbf2c66582c4a10ce39f54"",""pointerSize"":133,""size"":30762918}",,,bulk_gene_expr/GSE29617_gene_expr.csv,c68349578b97af04d1102eac5ad9f30f85362c53,GSE29617,exact_study_label
35477116,"[""GSE41080""]",https://huggingface.co/datasets/xuejun72/HR-VILAGE-3K3M/resolve/c68349578b97af04d1102eac5ad9f30f85362c53/bulk_gene_expr/GSE41080_gene_expr.csv,listing_and_author_documentation_only,harmonized_expression_matrix,HF:bulk_gene_expr/GSE41080_gene_expr.csv,True,GSE41080,45009610c086b6bd2f76ac0d9347a02c0dd066b3,False,"{""oid"":""996dbfd14132c346622d3633e6aa9748f4c9bc6f7e5164d3660f27e965cc3d5d"",""pointerSize"":133,""size"":35477116}",,,bulk_gene_expr/GSE41080_gene_expr.csv,c68349578b97af04d1102eac5ad9f30f85362c53,GSE41080,exact_study_label
7208196,"[""GSE45735""]",https://huggingface.co/datasets/xuejun72/HR-VILAGE-3K3M/resolve/c68349578b97af04d1102eac5ad9f30f85362c53/bulk_gene_expr/GSE45735_gene_expr.csv,listing_and_author_documentation_only,harmonized_expression_matrix,HF:bulk_gene_expr/GSE45735_gene_expr.csv,True,GSE45735,fac18e1bb6f010c31857b4467ac0f7db2a0044eb,False,,,,bulk_gene_expr/GSE45735_gene_expr.csv,c68349578b97af04d1102eac5ad9f30f85362c53,GSE45735,exact_study_label
128916832,"[""GSE47353""]",https://huggingface.co/datasets/xuejun72/HR-VILAGE-3K3M/resolve/c68349578b97af04d1102eac5ad9f30f85362c53/bulk_gene_expr/GSE47353_gene_expr.csv,listing_and_author_documentation_only,harmonized_expression_matrix,HF:bulk_gene_expr/GSE47353_gene_expr.csv,True,GSE47353,f06e5ae176dd7862adfc41cc9048b1b125fe3119,False,"{""oid"":""e3fad83c0fd0127a29475d58a55804b083d1d9905c859aeb184cb02c4df6fd20"",""pointerSize"":134,""size"":128916832}",,,bulk_gene_expr/GSE47353_gene_expr.csv,c68349578b97af04d1102eac5ad9f30f85362c53,GSE47353,exact_study_label
166360595,"[""GSE48018""]",https://huggingface.co/datasets/xuejun72/HR-VILAGE-3K3M/resolve/c68349578b97af04d1102eac5ad9f30f85362c53/bulk_gene_expr/GSE48018_gene_expr.csv,listing_and_author_documentation_only,harmonized_expression_matrix,HF:bulk_gene_expr/GSE48018_gene_expr.csv,True,GSE48018,08739c2ddba670b0cfca37fde0b5f25295b39a97,False,"{""oid"":""16edfdec42d961994172d702abff2784a14e7ca330787789ad96e5e075ed1277"",""pointerSize"":134,""size"":166360595}",,,bulk_gene_expr/GSE48018_gene_expr.csv,c68349578b97af04d1102eac5ad9f30f85362c53,GSE48018,exact_study_label
171231303,"[""GSE48023""]",https://huggingface.co/datasets/xuejun72/HR-VILAGE-3K3M/resolve/c68349578b97af04d1102eac5ad9f30f85362c53/bulk_gene_expr/GSE48023_gene_expr.csv,listing_and_author_documentation_only,harmonized_expression_matrix,HF:bulk_gene_expr/GSE48023_gene_expr.csv,True,GSE48023,c89915528c49aeac0eac61c3da46ed9fb14087e7,False,"{""oid"":""c1a508c4dfe3f02f37d6b5c82cf914d562b65a36d2fd6ff2b611b120df226ac0"",""pointerSize"":134,""size"":171231303}",,,bulk_gene_expr/GSE48023_gene_expr.csv,c68349578b97af04d1102eac5ad9f30f85362c53,GSE48023,exact_study_label
182071131,"[""GSE48762""]",https://huggingface.co/datasets/xuejun72/HR-VILAGE-3K3M/resolve/c68349578b97af04d1102eac5ad9f30f85362c53/bulk_gene_expr/GSE48762_gene_expr.csv,listing_and_author_documentation_only,harmonized_expression_matrix,HF:bulk_gene_expr/GSE48762_gene_expr.csv,True,GSE48762,427076850a8bcf90b15256d212a61e5968e2dada,False,"{""oid"":""198ee61e63d40787b559b83b8db338fe61dec8e86f73d4fdd3bc0c3630492c71"",""pointerSize"":134,""size"":182071131}",,,bulk_gene_expr/GSE48762_gene_expr.csv,c68349578b97af04d1102eac5ad9f30f85362c53,GSE48762,exact_study_label
57816621,"[""GSE52005""]",https://huggingface.co/datasets/xuejun72/HR-VILAGE-3K3M/resolve/c68349578b97af04d1102eac5ad9f30f85362c53/bulk_gene_expr/GSE52005_gene_expr.csv,listing_and_author_documentation_only,harmonized_expression_matrix,HF:bulk_gene_expr/GSE52005_gene_expr.csv,True,GSE52005,8e10b18b73d3e838f3042290b9ed1b68cc3c0ef2,False,"{""oid"":""36d01296976023824849c97bfb11573a20576eb2e630dd9667aa89b1ade59177"",""pointerSize"":133,""size"":57816621}",,,bulk_gene_expr/GSE52005_gene_expr.csv,c68349578b97af04d1102eac5ad9f30f85362c53,GSE52005,exact_study_label
29627642,"[""GSE59635""]",https://huggingface.co/datasets/xuejun72/HR-VILAGE-3K3M/resolve/c68349578b97af04d1102eac5ad9f30f85362c53/bulk_gene_expr/GSE59635_gene_expr.csv,listing_and_author_documentation_only,harmonized_expression_matrix,HF:bulk_gene_expr/GSE59635_gene_expr.csv,True,GSE59635,0b075534482e7d227e7eec94213447d88bce3361,False,"{""oid"":""20cfd2e7c41045ee8e5e7417c8f66c6fd0f72382e61332df40f4ccc58c35133d"",""pointerSize"":133,""size"":29627642}",,,bulk_gene_expr/GSE59635_gene_expr.csv,c68349578b97af04d1102eac5ad9f30f85362c53,GSE59635,exact_study_label
61167337,"[""GSE59654""]",https://huggingface.co/datasets/xuejun72/HR-VILAGE-3K3M/resolve/c68349578b97af04d1102eac5ad9f30f85362c53/bulk_gene_expr/GSE59654_gene_expr.csv,listing_and_author_documentation_only,harmonized_expression_matrix,HF:bulk_gene_expr/GSE59654_gene_expr.csv,True,GSE59654,b44fd3387a9cc0358e3209d5fb60efe65980fab7,False,"{""oid"":""2c529275f20a350e505c11ebb68edc67c93dc63945761064f681c3a7be92a8d0"",""pointerSize"":133,""size"":61167337}",,,bulk_gene_expr/GSE59654_gene_expr.csv,c68349578b97af04d1102eac5ad9f30f85362c53,GSE59654,exact_study_label
49382562,"[""GSE59743""]",https://huggingface.co/datasets/xuejun72/HR-VILAGE-3K3M/resolve/c68349578b97af04d1102eac5ad9f30f85362c53/bulk_gene_expr/GSE59743_gene_expr.csv,listing_and_author_documentation_only,harmonized_expression_matrix,HF:bulk_gene_expr/GSE59743_gene_expr.csv,True,GSE59743,382c55e4d051edb307bdf560892f878439def629,False,"{""oid"":""a76b6128ef81d804f478be5427c658c352a446044cd97461867c16a72b9c8f3e"",""pointerSize"":133,""size"":49382562}",,,bulk_gene_expr/GSE59743_gene_expr.csv,c68349578b97af04d1102eac5ad9f30f85362c53,GSE59743,exact_study_label
35959502,"[""GSE61754""]",https://huggingface.co/datasets/xuejun72/HR-VILAGE-3K3M/resolve/c68349578b97af04d1102eac5ad9f30f85362c53/bulk_gene_expr/GSE61754_gene_expr.csv,listing_and_author_documentation_only,harmonized_expression_matrix,HF:bulk_gene_expr/GSE61754_gene_expr.csv,True,GSE61754,32194a5a81e9c3a80ea63bc93070952b20a53d71,False,"{""oid"":""5b8714e13e9922992209bd144280875af96c621966d7f9509c94390459a757c2"",""pointerSize"":133,""size"":35959502}",,,bulk_gene_expr/GSE61754_gene_expr.csv,c68349578b97af04d1102eac5ad9f30f85362c53,GSE61754,exact_study_label
339433237,"[""GSE68310""]",https://huggingface.co/datasets/xuejun72/HR-VILAGE-3K3M/resolve/c68349578b97af04d1102eac5ad9f30f85362c53/bulk_gene_expr/GSE68310_gene_expr.csv,listing_and_author_documentation_only,harmonized_expression_matrix,HF:bulk_gene_expr/GSE68310_gene_expr.csv,True,GSE68310,2cb45c6fc275e0ae6e40e9037a57b9d1ed58e7f5,False,"{""oid"":""1e0de55e149eb9b19d1cbbb9263c225c18dc2977dfe3f3f521b8638784ea97db"",""pointerSize"":134,""size"":339433237}",,,bulk_gene_expr/GSE68310_gene_expr.csv,c68349578b97af04d1102eac5ad9f30f85362c53,GSE68310,exact_study_label
141539330,"[""GSE73072_H1N1_DEE3""]",https://huggingface.co/datasets/xuejun72/HR-VILAGE-3K3M/resolve/c68349578b97af04d1102eac5ad9f30f85362c53/bulk_gene_expr/GSE73072_H1N1_DEE3_gene_expr.csv,listing_and_author_documentation_only,harmonized_expression_matrix,HF:bulk_gene_expr/GSE73072_H1N1_DEE3_gene_expr.csv,True,GSE73072_H1N1_DEE3,7223f0ec8d114bb0d12b428b8a2eae3f9729ad1d,False,"{""oid"":""8e57c498e311cb8a2dca7b69c0637349aebf88cb0e5c6e907aa2877bafda034e"",""pointerSize"":134,""size"":141539330}",,,bulk_gene_expr/GSE73072_H1N1_DEE3_gene_expr.csv,c68349578b97af04d1102eac5ad9f30f85362c53,GSE73072_H1N1_DEE3,exact_study_label
114604158,"[""GSE73072_H1N1_DEE4""]",https://huggingface.co/datasets/xuejun72/HR-VILAGE-3K3M/resolve/c68349578b97af04d1102eac5ad9f30f85362c53/bulk_gene_expr/GSE73072_H1N1_DEE4_gene_expr.csv,listing_and_author_documentation_only,harmonized_expression_matrix,HF:bulk_gene_expr/GSE73072_H1N1_DEE4_gene_expr.csv,True,GSE73072_H1N1_DEE4,8f446e811e2737d522feedb174608c7a2db40544,False,"{""oid"":""a4e2ebca156d18b89223e7e0f075187ab3d6c8ef8dd0061c1acb507286a11263"",""pointerSize"":134,""size"":114604158}",,,bulk_gene_expr/GSE73072_H1N1_DEE4_gene_expr.csv,c68349578b97af04d1102eac5ad9f30f85362c53,GSE73072_H1N1_DEE4,exact_study_label
105462109,"[""GSE73072_H3N2_DEE2""]",https://huggingface.co/datasets/xuejun72/HR-VILAGE-3K3M/resolve/c68349578b97af04d1102eac5ad9f30f85362c53/bulk_gene_expr/GSE73072_H3N2_DEE2_gene_expr.csv,listing_and_author_documentation_only,harmonized_expression_matrix,HF:bulk_gene_expr/GSE73072_H3N2_DEE2_gene_expr.csv,True,GSE73072_H3N2_DEE2,ef8d4ce0a58373d61f24bd5cb0ce1a7917b919bc,False,"{""oid"":""18ef92c703ae1e29b7b9a20fbc87d46b7fcd4cf77a184926ec3b283f58a6264f"",""pointerSize"":134,""size"":105462109}",,,bulk_gene_expr/GSE73072_H3N2_DEE2_gene_expr.csv,c68349578b97af04d1102eac5ad9f30f85362c53,GSE73072_H3N2_DEE2,exact_study_label
143046795,"[""GSE73072_H3N2_DEE5""]",https://huggingface.co/datasets/xuejun72/HR-VILAGE-3K3M/resolve/c68349578b97af04d1102eac5ad9f30f85362c53/bulk_gene_expr/GSE73072_H3N2_DEE5_gene_expr.csv,listing_and_author_documentation_only,harmonized_expression_matrix,HF:bulk_gene_expr/GSE73072_H3N2_DEE5_gene_expr.csv,True,GSE73072_H3N2_DEE5,163c6e95f9ab7522da65214547060a5cff78f474,False,"{""oid"":""ce56e2a02dc216f14f9e78c3393492993e0090327b810990c96bdbc9a7ab04c3"",""pointerSize"":134,""size"":143046795}",,,bulk_gene_expr/GSE73072_H3N2_DEE5_gene_expr.csv,c68349578b97af04d1102eac5ad9f30f85362c53,GSE73072_H3N2_DEE5,exact_study_label
139749963,"[""GSE73072_HRV_DUKE""]",https://huggingface.co/datasets/xuejun72/HR-VILAGE-3K3M/resolve/c68349578b97af04d1102eac5ad9f30f85362c53/bulk_gene_expr/GSE73072_HRV_DUKE_gene_expr.csv,listing_and_author_documentation_only,harmonized_expression_matrix,HF:bulk_gene_expr/GSE73072_HRV_DUKE_gene_expr.csv,True,GSE73072_HRV_DUKE,e0403241d3d2d64d0788c52a3ca3513d85505a0c,False,"{""oid"":""15fc5e47fb5d0ca11d5f60d8d8503b892b596b62da206b2da2f559903763a225"",""pointerSize"":134,""size"":139749963}",,,bulk_gene_expr/GSE73072_HRV_DUKE_gene_expr.csv,c68349578b97af04d1102eac5ad9f30f85362c53,GSE73072_HRV_DUKE,exact_study_label
87696414,"[""GSE73072_HRV_UVA""]",https://huggingface.co/datasets/xuejun72/HR-VILAGE-3K3M/resolve/c68349578b97af04d1102eac5ad9f30f85362c53/bulk_gene_expr/GSE73072_HRV_UVA_gene_expr.csv,listing_and_author_documentation_only,harmonized_expression_matrix,HF:bulk_gene_expr/GSE73072_HRV_UVA_gene_expr.csv,True,GSE73072_HRV_UVA,acd60646f9ce7cc083e2a52003a1bb6e07c99033,False,"{""oid"":""c0945060dc488f03cb05ffb34f70caa5186d7f9d8a773691e82a209fef828e81"",""pointerSize"":133,""size"":87696414}",,,bulk_gene_expr/GSE73072_HRV_UVA_gene_expr.csv,c68349578b97af04d1102eac5ad9f30f85362c53,GSE73072_HRV_UVA,exact_study_label
124695621,"[""GSE73072_RSV_DEE1""]",https://huggingface.co/datasets/xuejun72/HR-VILAGE-3K3M/resolve/c68349578b97af04d1102eac5ad9f30f85362c53/bulk_gene_expr/GSE73072_RSV_DEE1_gene_expr.csv,listing_and_author_documentation_only,harmonized_expression_matrix,HF:bulk_gene_expr/GSE73072_RSV_DEE1_gene_expr.csv,True,GSE73072_RSV_DEE1,16b2c3c84616e13c67129efe0bf7927e8af3082c,False,"{""oid"":""9bb9f5f4b1f15acaa19267636a69e17b91c82aaf0911b18e63e603b6e689fdf7"",""pointerSize"":134,""size"":124695621}",,,bulk_gene_expr/GSE73072_RSV_DEE1_gene_expr.csv,c68349578b97af04d1102eac5ad9f30f85362c53,GSE73072_RSV_DEE1,exact_study_label
31887824,"[""GSE74811""]",https://huggingface.co/datasets/xuejun72/HR-VILAGE-3K3M/resolve/c68349578b97af04d1102eac5ad9f30f85362c53/bulk_gene_expr/GSE74811_gene_expr.csv,listing_and_author_documentation_only,harmonized_expression_matrix,HF:bulk_gene_expr/GSE74811_gene_expr.csv,True,GSE74811,5d3e6afd1995178e46e465a92601fad9b5db56b1,False,"{""oid"":""ee2cbd7df6bf415746986606249b0776f13ce23f66c3be87d0cd8f5be9c77068"",""pointerSize"":133,""size"":31887824}",,,bulk_gene_expr/GSE74811_gene_expr.csv,c68349578b97af04d1102eac5ad9f30f85362c53,GSE74811,exact_study_label
108880279,"[""GSE74813""]",https://huggingface.co/datasets/xuejun72/HR-VILAGE-3K3M/resolve/c68349578b97af04d1102eac5ad9f30f85362c53/bulk_gene_expr/GSE74813_gene_expr.csv,listing_and_author_documentation_only,harmonized_expression_matrix,HF:bulk_gene_expr/GSE74813_gene_expr.csv,True,GSE74813,92c89810c1cdf69ad66420fb4551f6cfabe98c27,False,"{""oid"":""6524bc3f9e40f244a8401e3a2df37366a157dcfa92692b465edf7ca5232bf2b9"",""pointerSize"":134,""size"":108880279}",,,bulk_gene_expr/GSE74813_gene_expr.csv,c68349578b97af04d1102eac5ad9f30f85362c53,GSE74813,exact_study_label
28853476,"[""GSE74815""]",https://huggingface.co/datasets/xuejun72/HR-VILAGE-3K3M/resolve/c68349578b97af04d1102eac5ad9f30f85362c53/bulk_gene_expr/GSE74815_gene_expr.csv,listing_and_author_documentation_only,harmonized_expression_matrix,HF:bulk_gene_expr/GSE74815_gene_expr.csv,True,GSE74815,f304e20a08edf0081ae93b6df0a1477e12a38f8e,False,"{""oid"":""bf7f979fb441564f141a94068287062d23a05177548e0a63134e99672f8110ad"",""pointerSize"":133,""size"":28853476}",,,bulk_gene_expr/GSE74815_gene_expr.csv,c68349578b97af04d1102eac5ad9f30f85362c53,GSE74815,exact_study_label
67539029,"[""GSE74816""]",https://huggingface.co/datasets/xuejun72/HR-VILAGE-3K3M/resolve/c68349578b97af04d1102eac5ad9f30f85362c53/bulk_gene_expr/GSE74816_gene_expr.csv,listing_and_author_documentation_only,harmonized_expression_matrix,HF:bulk_gene_expr/GSE74816_gene_expr.csv,True,GSE74816,e7aad4e8ebbc9b0c205d7c13d9ec74f61f1639d1,False,"{""oid"":""c3929b6e4325f74a78b7f345d582dfed4513ddbb0897ef9f9d22a8a5da853849"",""pointerSize"":133,""size"":67539029}",,,bulk_gene_expr/GSE74816_gene_expr.csv,c68349578b97af04d1102eac5ad9f30f85362c53,GSE74816,exact_study_label
44663849,"[""GSE90732""]",https://huggingface.co/datasets/xuejun72/HR-VILAGE-3K3M/resolve/c68349578b97af04d1102eac5ad9f30f85362c53/bulk_gene_expr/GSE90732_gene_expr.csv,listing_and_author_documentation_only,harmonized_expression_matrix,HF:bulk_gene_expr/GSE90732_gene_expr.csv,True,GSE90732,7989298bbd8f0133c7a8ef4387d5cb3c3a6ec13a,False,"{""oid"":""25810c25e52df3aa2e56d9e71cfcb5de7599868595d60cb18918d9c0bc3663b1"",""pointerSize"":133,""size"":44663849}",,,bulk_gene_expr/GSE90732_gene_expr.csv,c68349578b97af04d1102eac5ad9f30f85362c53,GSE90732,exact_study_label
34452453,"[""SDY112""]",https://huggingface.co/datasets/xuejun72/HR-VILAGE-3K3M/resolve/c68349578b97af04d1102eac5ad9f30f85362c53/bulk_gene_expr/SDY112_gene_expr.csv,listing_and_author_documentation_only,harmonized_expression_matrix,HF:bulk_gene_expr/SDY112_gene_expr.csv,True,SDY112,7437754a0684c66b28631918ff99d19ade2eeb14,False,"{""oid"":""f4b10766b363bc07cfce30953cb5e2c5b27aa4817c57015e6cc9991aba4ec99c"",""pointerSize"":133,""size"":34452453}",,,bulk_gene_expr/SDY112_gene_expr.csv,c68349578b97af04d1102eac5ad9f30f85362c53,SDY112,exact_study_label
30340761,"[""SDY311""]",https://huggingface.co/datasets/xuejun72/HR-VILAGE-3K3M/resolve/c68349578b97af04d1102eac5ad9f30f85362c53/bulk_gene_expr/SDY311_gene_expr.csv,listing_and_author_documentation_only,harmonized_expression_matrix,HF:bulk_gene_expr/SDY311_gene_expr.csv,True,SDY311,ec0a3ffd0812fb0f34f249efc43d764d9249417f,False,"{""oid"":""72c804125a13a971f2735a78d6a4a975ce09cc9b33892517fe47873eecf2fa00"",""pointerSize"":133,""size"":30340761}",,,bulk_gene_expr/SDY311_gene_expr.csv,c68349578b97af04d1102eac5ad9f30f85362c53,SDY311,exact_study_label
27561870,"[""SDY315""]",https://huggingface.co/datasets/xuejun72/HR-VILAGE-3K3M/resolve/c68349578b97af04d1102eac5ad9f30f85362c53/bulk_gene_expr/SDY315_gene_expr.csv,listing_and_author_documentation_only,harmonized_expression_matrix,HF:bulk_gene_expr/SDY315_gene_expr.csv,True,SDY315,89192da579c0b89275c47530b1afa9e521c9816d,False,"{""oid"":""a598cfbaf745530e26ea075340630327b283fa25931c6246958c65b8c32257b4"",""pointerSize"":133,""size"":27561870}",,,bulk_gene_expr/SDY315_gene_expr.csv,c68349578b97af04d1102eac5ad9f30f85362c53,SDY315,exact_study_label
46761,[],https://huggingface.co/datasets/xuejun72/HR-VILAGE-3K3M/resolve/c68349578b97af04d1102eac5ad9f30f85362c53/croissant.json,local_metadata_or_antibody_table,resource_documentation_or_metadata,HF:croissant.json,True,croissant.json,bc9cbcdad95b3cc1171bc8862c7b281aa6bea522,False,,data_dictionary/sources/hr_vilage/croissant.json,2e5428c43a1b2904e24bf7a21d096c10d6342d2d0a90567d4069be57927bf308,croissant.json,c68349578b97af04d1102eac5ad9f30f85362c53,,no_single_study_link_established
7659,[],https://huggingface.co/datasets/xuejun72/HR-VILAGE-3K3M/resolve/c68349578b97af04d1102eac5ad9f30f85362c53/example_dataset/GSE194378_antibody_sample.csv,listing_and_author_documentation_only,example_derived_data,HF:example_dataset/GSE194378_antibody_sample.csv,True,GSE194378_antibody_sample.csv,5e67d7d9d0af6d4200d327fc80a47c8d9a575b2c,False,,,,example_dataset/GSE194378_antibody_sample.csv,c68349578b97af04d1102eac5ad9f30f85362c53,,no_single_study_link_established
31770,[],https://huggingface.co/datasets/xuejun72/HR-VILAGE-3K3M/resolve/c68349578b97af04d1102eac5ad9f30f85362c53/example_dataset/GSE194378_gene_expr_sample.csv,listing_and_author_documentation_only,example_derived_data,HF:example_dataset/GSE194378_gene_expr_sample.csv,True,GSE194378_gene_expr_sample.csv,cf8ba1bbcd731821e069ecee9af6a5b750788fec,False,,,,example_dataset/GSE194378_gene_expr_sample.csv,c68349578b97af04d1102eac5ad9f30f85362c53,,no_single_study_link_established
103073,[],https://huggingface.co/datasets/xuejun72/HR-VILAGE-3K3M/resolve/c68349578b97af04d1102eac5ad9f30f85362c53/example_dataset/GSE194378_meta_sample.csv,listing_and_author_documentation_only,example_derived_data,HF:example_dataset/GSE194378_meta_sample.csv,True,GSE194378_meta_sample.csv,7c9793273a8d85dd5fc3ba6793e3e0df9b7652e9,False,,,,example_dataset/GSE194378_meta_sample.csv,c68349578b97af04d1102eac5ad9f30f85362c53,,no_single_study_link_established
324703,[],https://huggingface.co/datasets/xuejun72/HR-VILAGE-3K3M/resolve/c68349578b97af04d1102eac5ad9f30f85362c53/gene_expr_colnames.txt,local_metadata_or_antibody_table,resource_documentation_or_metadata,HF:gene_expr_colnames.txt,True,gene_expr_colnames.txt,dd74a6cfb983f8dc39a4f125b6cfcba23ce305ae,False,,data_dictionary/sources/hr_vilage/gene_expr_colnames.txt,3a3d9000bf17604635aad9c3151fa3e3532f84ee4c19eddfd84bbb4c931759c2,gene_expr_colnames.txt,c68349578b97af04d1102eac5ad9f30f85362c53,,no_single_study_link_established
134426,"[""E_MTAB_12993_blood""]",https://huggingface.co/datasets/xuejun72/HR-VILAGE-3K3M/resolve/c68349578b97af04d1102eac5ad9f30f85362c53/meta/E_MTAB_12993_blood_meta.csv,local_metadata_or_antibody_table,harmonized_sample_metadata,HF:meta/E_MTAB_12993_blood_meta.csv,True,E_MTAB_12993_blood,bf788821386f8be224cd6efec0844586983b9fd2,False,,data_dictionary/sources/hr_vilage/meta/E_MTAB_12993_blood_meta.csv,430f9f873e32949e38e7dd4b1ca5bc8e8f00bc725973e0f710312eaa310ce062,meta/E_MTAB_12993_blood_meta.csv,c68349578b97af04d1102eac5ad9f30f85362c53,E_MTAB_12993_blood,exact_study_label
34639,"[""E_MTAB_12993_nose""]",https://huggingface.co/datasets/xuejun72/HR-VILAGE-3K3M/resolve/c68349578b97af04d1102eac5ad9f30f85362c53/meta/E_MTAB_12993_nose_meta.csv,local_metadata_or_antibody_table,harmonized_sample_metadata,HF:meta/E_MTAB_12993_nose_meta.csv,True,E_MTAB_12993_nose,77b9fdbf5b04d067607cd0c9e5ddcb25baa0f3a1,False,,data_dictionary/sources/hr_vilage/meta/E_MTAB_12993_nose_meta.csv,a93eef1c0ba1802b86e90a8ef3ffab4c7cee99d43bcdd12c2d033a7a65bea0eb,meta/E_MTAB_12993_nose_meta.csv,c68349578b97af04d1102eac5ad9f30f85362c53,E_MTAB_12993_nose,exact_study_label
27970,"[""GSE101709""]",https://huggingface.co/datasets/xuejun72/HR-VILAGE-3K3M/resolve/c68349578b97af04d1102eac5ad9f30f85362c53/meta/GSE101709_meta.csv,local_metadata_or_antibody_table,harmonized_sample_metadata,HF:meta/GSE101709_meta.csv,True,GSE101709,64a1eb47438b98f85b8f4dd3b3c09193780d5831,False,,data_dictionary/sources/hr_vilage/meta/GSE101709_meta.csv,ec4b9971de6b83849a4c1d4560bdb5e76d282fedb7d85e1f5c7339e9c50c7493,meta/GSE101709_meta.csv,c68349578b97af04d1102eac5ad9f30f85362c53,GSE101709,exact_study_label
22648,"[""GSE101710""]",https://huggingface.co/datasets/xuejun72/HR-VILAGE-3K3M/resolve/c68349578b97af04d1102eac5ad9f30f85362c53/meta/GSE101710_meta.csv,local_metadata_or_antibody_table,harmonized_sample_metadata,HF:meta/GSE101710_meta.csv,True,GSE101710,82b00997d383f20939ecad8ec33484024fa127fe,False,,data_dictionary/sources/hr_vilage/meta/GSE101710_meta.csv,f273f282b7f0dfb316514b11b82f5daa13c9c14546d8c75f4462809dfb8bb05e,meta/GSE101710_meta.csv,c68349578b97af04d1102eac5ad9f30f85362c53,GSE101710,exact_study_label
98059,"[""GSE102012""]",https://huggingface.co/datasets/xuejun72/HR-VILAGE-3K3M/resolve/c68349578b97af04d1102eac5ad9f30f85362c53/meta/GSE102012_meta.csv,local_metadata_or_antibody_table,harmonized_sample_metadata,HF:meta/GSE102012_meta.csv,True,GSE102012,3b3eb199ef2b26d218030e8043a5cb76297c2327,False,,data_dictionary/sources/hr_vilage/meta/GSE102012_meta.csv,a5f250fea3ff918b452625d38851c8b5a17e106889c33e5e9eaff4fb6f52668e,meta/GSE102012_meta.csv,c68349578b97af04d1102eac5ad9f30f85362c53,GSE102012,exact_study_label
174441,"[""GSE107990""]",https://huggingface.co/datasets/xuejun72/HR-VILAGE-3K3M/resolve/c68349578b97af04d1102eac5ad9f30f85362c53/meta/GSE107990_meta.csv,local_metadata_or_antibody_table,harmonized_sample_metadata,HF:meta/GSE107990_meta.csv,True,GSE107990,f39bdadbd3a6a6b46acd5449e58d3e7d44c7ea19,False,,data_dictionary/sources/hr_vilage/meta/GSE107990_meta.csv,79245359ec97525c19cd30714a7f2e4cff73fa5bfae8682a542da9c95a5def0d,meta/GSE107990_meta.csv,c68349578b97af04d1102eac5ad9f30f85362c53,GSE107990,exact_study_label
26509,"[""GSE11348""]",https://huggingface.co/datasets/xuejun72/HR-VILAGE-3K3M/resolve/c68349578b97af04d1102eac5ad9f30f85362c53/meta/GSE11348_meta.csv,local_metadata_or_antibody_table,harmonized_sample_metadata,HF:meta/GSE11348_meta.csv,True,GSE11348,28b22be598596b5a0c57e965c5f09c3b6d9aa852,False,,data_dictionary/sources/hr_vilage/meta/GSE11348_meta.csv,ffc86c098c93efa015b213846aefd883ec5c4720bbe64d89e2a913469b2f434b,meta/GSE11348_meta.csv,c68349578b97af04d1102eac5ad9f30f85362c53,GSE11348,exact_study_label
27211,"[""GSE117580""]",https://huggingface.co/datasets/xuejun72/HR-VILAGE-3K3M/resolve/c68349578b97af04d1102eac5ad9f30f85362c53/meta/GSE117580_meta.csv,local_metadata_or_antibody_table,harmonized_sample_metadata,HF:meta/GSE117580_meta.csv,True,GSE117580,f56572ebd63d58519996160b28a0df1e6ea3704b,False,,data_dictionary/sources/hr_vilage/meta/GSE117580_meta.csv,3472f92333c4c32828d9f40e6150f5994dc4493a786477d3cedf45655da2350e,meta/GSE117580_meta.csv,c68349578b97af04d1102eac5ad9f30f85362c53,GSE117580,exact_study_label
20558,"[""GSE155237""]",https://huggingface.co/datasets/xuejun72/HR-VILAGE-3K3M/resolve/c68349578b97af04d1102eac5ad9f30f85362c53/meta/GSE155237_meta.csv,local_metadata_or_antibody_table,harmonized_sample_metadata,HF:meta/GSE155237_meta.csv,True,GSE155237,89b695046832711671852fbdc251b67edd42d9c8,False,,data_dictionary/sources/hr_vilage/meta/GSE155237_meta.csv,536bc7894ed63be8cc3997b902cfcc64380c3b95da6c9198a5d4bc9dcf3a2bf2,meta/GSE155237_meta.csv,c68349578b97af04d1102eac5ad9f30f85362c53,GSE155237,exact_study_label
50180,"[""GSE169159""]",https://huggingface.co/datasets/xuejun72/HR-VILAGE-3K3M/resolve/c68349578b97af04d1102eac5ad9f30f85362c53/meta/GSE169159_meta.csv,local_metadata_or_antibody_table,harmonized_sample_metadata,HF:meta/GSE169159_meta.csv,True,GSE169159,3fd99e95129fc429201f10e4a610385e07e9d9e2,False,,data_dictionary/sources/hr_vilage/meta/GSE169159_meta.csv,34a95dd819e24b138ff8bb422c574f9257b3c48166d05e1f8508ba995b902519,meta/GSE169159_meta.csv,c68349578b97af04d1102eac5ad9f30f85362c53,GSE169159,exact_study_label
79006,"[""GSE190001_BOOST""]",https://huggingface.co/datasets/xuejun72/HR-VILAGE-3K3M/resolve/c68349578b97af04d1102eac5ad9f30f85362c53/meta/GSE190001_BOOST_meta.csv,local_metadata_or_antibody_table,harmonized_sample_metadata,HF:meta/GSE190001_BOOST_meta.csv,True,GSE190001_BOOST,5c1d83a500be072d4bc7db2469d49450df50416f,False,,data_dictionary/sources/hr_vilage/meta/GSE190001_BOOST_meta.csv,04fb7428b41eee2a928b0b5617b8b393e4178c999c4f8cf71f4602ded57e361b,meta/GSE190001_BOOST_meta.csv,c68349578b97af04d1102eac5ad9f30f85362c53,GSE190001_BOOST,exact_study_label
74654,"[""GSE190001_PRIME""]",https://huggingface.co/datasets/xuejun72/HR-VILAGE-3K3M/resolve/c68349578b97af04d1102eac5ad9f30f85362c53/meta/GSE190001_PRIME_meta.csv,local_metadata_or_antibody_table,harmonized_sample_metadata,HF:meta/GSE190001_PRIME_meta.csv,True,GSE190001_PRIME,41b0dac4139a8779684168766cc8aa3adb79e6c9,False,,data_dictionary/sources/hr_vilage/meta/GSE190001_PRIME_meta.csv,1abb26b844d6e849f8bc7e049dadfc69fb3662bbb79387441b5c7c95540313be,meta/GSE190001_PRIME_meta.csv,c68349578b97af04d1102eac5ad9f30f85362c53,GSE190001_PRIME,exact_study_label
34250,"[""GSE190747""]",https://huggingface.co/datasets/xuejun72/HR-VILAGE-3K3M/resolve/c68349578b97af04d1102eac5ad9f30f85362c53/meta/GSE190747_meta.csv,local_metadata_or_antibody_table,harmonized_sample_metadata,HF:meta/GSE190747_meta.csv,True,GSE190747,8fdf345b92360aa3e6975456e96f4d95c4ef8e48,False,,data_dictionary/sources/hr_vilage/meta/GSE190747_meta.csv,e8660d9cf2ef9db5e1c25ff9e0237f1a019f985368f932cbbc02dfa7af09341d,meta/GSE190747_meta.csv,c68349578b97af04d1102eac5ad9f30f85362c53,GSE190747,exact_study_label
127436,"[""GSE194378""]",https://huggingface.co/datasets/xuejun72/HR-VILAGE-3K3M/resolve/c68349578b97af04d1102eac5ad9f30f85362c53/meta/GSE194378_meta.csv,local_metadata_or_antibody_table,harmonized_sample_metadata,HF:meta/GSE194378_meta.csv,True,GSE194378,69c04a45f179dedf854ea8c2158a2b33a1c64333,False,,data_dictionary/sources/hr_vilage/meta/GSE194378_meta.csv,c74cb30d0b0affc1939ebc9cf32bdf8c6d2250677f8af206150c8f1354b96562,meta/GSE194378_meta.csv,c68349578b97af04d1102eac5ad9f30f85362c53,GSE194378,exact_study_label
74139,"[""GSE199750""]",https://huggingface.co/datasets/xuejun72/HR-VILAGE-3K3M/resolve/c68349578b97af04d1102eac5ad9f30f85362c53/meta/GSE199750_meta.csv,local_metadata_or_antibody_table,harmonized_sample_metadata,HF:meta/GSE199750_meta.csv,True,GSE199750,83728b692adf266ee242138e0c6e90b6edb46ec8,False,,data_dictionary/sources/hr_vilage/meta/GSE199750_meta.csv,e22d6cf0b21ca5bc20f570d6b2b996bf8b3dd204967fbee6b8582238ec7cc960,meta/GSE199750_meta.csv,c68349578b97af04d1102eac5ad9f30f85362c53,GSE199750,exact_study_label
40307,"[""GSE201533""]",https://huggingface.co/datasets/xuejun72/HR-VILAGE-3K3M/resolve/c68349578b97af04d1102eac5ad9f30f85362c53/meta/GSE201533_meta.csv,local_metadata_or_antibody_table,harmonized_sample_metadata,HF:meta/GSE201533_meta.csv,True,GSE201533,13875458cde146b38a7370f53c9eeeb0d7c58e83,False,,data_dictionary/sources/hr_vilage/meta/GSE201533_meta.csv,9e0477f016f460dec56ac4379b064a678795e0ba345663c797c7149d7ae60467,meta/GSE201533_meta.csv,c68349578b97af04d1102eac5ad9f30f85362c53,GSE201533,exact_study_label
13411,"[""GSE201642""]",https://huggingface.co/datasets/xuejun72/HR-VILAGE-3K3M/resolve/c68349578b97af04d1102eac5ad9f30f85362c53/meta/GSE201642_meta.csv,local_metadata_or_antibody_table,harmonized_sample_metadata,HF:meta/GSE201642_meta.csv,True,GSE201642,02379f47c35e5b3c7be420013eaa814536f359f9,False,,data_dictionary/sources/hr_vilage/meta/GSE201642_meta.csv,d25dc631cfc13f375c1882deb867ed4dbfc5b65aa9a649df01caeb94ddbb5751,meta/GSE201642_meta.csv,c68349578b97af04d1102eac5ad9f30f85362c53,GSE201642,exact_study_label
84725,"[""GSE207750""]",https://huggingface.co/datasets/xuejun72/HR-VILAGE-3K3M/resolve/c68349578b97af04d1102eac5ad9f30f85362c53/meta/GSE207750_meta.csv,local_metadata_or_antibody_table,harmonized_sample_metadata,HF:meta/GSE207750_meta.csv,True,GSE207750,edf6dcb00cd15a5e506a3183edfbbc9326305023,False,,data_dictionary/sources/hr_vilage/meta/GSE207750_meta.csv,d33202bdf493de7650294c63eb15e5aa4097943b17e12f8c5b04508cfb32db5c,meta/GSE207750_meta.csv,c68349578b97af04d1102eac5ad9f30f85362c53,GSE207750,exact_study_label
49648,"[""GSE209985""]",https://huggingface.co/datasets/xuejun72/HR-VILAGE-3K3M/resolve/c68349578b97af04d1102eac5ad9f30f85362c53/meta/GSE209985_meta.csv,local_metadata_or_antibody_table,harmonized_sample_metadata,HF:meta/GSE209985_meta.csv,True,GSE209985,dd0e336dbe182398fc64ed8ccd07a21079e09c46,False,,data_dictionary/sources/hr_vilage/meta/GSE209985_meta.csv,52a2620f2694f8e3f9bc352465dac7a4b7db60cfc342ff76cc7290f8f51094c1,meta/GSE209985_meta.csv,c68349578b97af04d1102eac5ad9f30f85362c53,GSE209985,exact_study_label
103394,"[""GSE217770""]",https://huggingface.co/datasets/xuejun72/HR-VILAGE-3K3M/resolve/c68349578b97af04d1102eac5ad9f30f85362c53/meta/GSE217770_meta.csv,local_metadata_or_antibody_table,harmonized_sample_metadata,HF:meta/GSE217770_meta.csv,True,GSE217770,ca7a869e6f38f14f507ddc3fd876341d43c92686,False,,data_dictionary/sources/hr_vilage/meta/GSE217770_meta.csv,bfcd9848d74ec45a1a03de84db619b845eb119ed0d15636e664eb50a7fc65074,meta/GSE217770_meta.csv,c68349578b97af04d1102eac5ad9f30f85362c53,GSE217770,exact_study_label
159568,"[""GSE220682""]",https://huggingface.co/datasets/xuejun72/HR-VILAGE-3K3M/resolve/c68349578b97af04d1102eac5ad9f30f85362c53/meta/GSE220682_meta.csv,local_metadata_or_antibody_table,harmonized_sample_metadata,HF:meta/GSE220682_meta.csv,True,GSE220682,78f2472be1ae69ad07073e5f0c3fcac26c7573e4,False,,data_dictionary/sources/hr_vilage/meta/GSE220682_meta.csv,80892c7b3d00b7f56f3c8fa8a99b12a3292115b39113d65f47d52abfc4dba989,meta/GSE220682_meta.csv,c68349578b97af04d1102eac5ad9f30f85362c53,GSE220682,exact_study_label
48030,"[""GSE228839""]",https://huggingface.co/datasets/xuejun72/HR-VILAGE-3K3M/resolve/c68349578b97af04d1102eac5ad9f30f85362c53/meta/GSE228839_meta.csv,local_metadata_or_antibody_table,harmonized_sample_metadata,HF:meta/GSE228839_meta.csv,True,GSE228839,cd49561ecac47719236a5cf2bdda87436e819862,False,,data_dictionary/sources/hr_vilage/meta/GSE228839_meta.csv,4f5082f911ff542c06ea21df78b704122265bd1e51f7398c9896575085e595f8,meta/GSE228839_meta.csv,c68349578b97af04d1102eac5ad9f30f85362c53,GSE228839,exact_study_label
15052,"[""GSE230494""]",https://huggingface.co/datasets/xuejun72/HR-VILAGE-3K3M/resolve/c68349578b97af04d1102eac5ad9f30f85362c53/meta/GSE230494_meta.csv,local_metadata_or_antibody_table,harmonized_sample_metadata,HF:meta/GSE230494_meta.csv,True,GSE230494,359fa3496d7ae570f0867e10b77afa880d824459,False,,data_dictionary/sources/hr_vilage/meta/GSE230494_meta.csv,3192d91b440aff85d7fa3c8c8ae95902619203b031bc7c903b7a20b5dc7f1cc7,meta/GSE230494_meta.csv,c68349578b97af04d1102eac5ad9f30f85362c53,GSE230494,exact_study_label
10782,"[""GSE246525""]",https://huggingface.co/datasets/xuejun72/HR-VILAGE-3K3M/resolve/c68349578b97af04d1102eac5ad9f30f85362c53/meta/GSE246525_meta.csv,local_metadata_or_antibody_table,harmonized_sample_metadata,HF:meta/GSE246525_meta.csv,True,GSE246525,78e3df883d246e0044af2f93767334c32b5a924d,False,,data_dictionary/sources/hr_vilage/meta/GSE246525_meta.csv,fbfda2b11749729a509b142174501eea19b8343744e991a071ce114ac6083486,meta/GSE246525_meta.csv,c68349578b97af04d1102eac5ad9f30f85362c53,GSE246525,exact_study_label
15270,"[""GSE247401""]",https://huggingface.co/datasets/xuejun72/HR-VILAGE-3K3M/resolve/c68349578b97af04d1102eac5ad9f30f85362c53/meta/GSE247401_meta.csv,local_metadata_or_antibody_table,harmonized_sample_metadata,HF:meta/GSE247401_meta.csv,True,GSE247401,089babbadd291480fb3802a5f2af9cbd6cb7fb5e,False,,data_dictionary/sources/hr_vilage/meta/GSE247401_meta.csv,c4c215b3581fa957347b0880e419b5daa95915989322508ecc7a92aecfc1671c,meta/GSE247401_meta.csv,c68349578b97af04d1102eac5ad9f30f85362c53,GSE247401,exact_study_label
18699,"[""GSE250023""]",https://huggingface.co/datasets/xuejun72/HR-VILAGE-3K3M/resolve/c68349578b97af04d1102eac5ad9f30f85362c53/meta/GSE250023_meta.csv,local_metadata_or_antibody_table,harmonized_sample_metadata,HF:meta/GSE250023_meta.csv,True,GSE250023,5fffc3f40674849f895e67ad1c0f659e9e7cc8e8,False,,data_dictionary/sources/hr_vilage/meta/GSE250023_meta.csv,f7b9e7d18d13e6212f56dc8ee73cc812287284fe099e96bd15fcfe31cfcb08c2,meta/GSE250023_meta.csv,c68349578b97af04d1102eac5ad9f30f85362c53,GSE250023,exact_study_label
26404,"[""GSE265975""]",https://huggingface.co/datasets/xuejun72/HR-VILAGE-3K3M/resolve/c68349578b97af04d1102eac5ad9f30f85362c53/meta/GSE265975_meta.csv,local_metadata_or_antibody_table,harmonized_sample_metadata,HF:meta/GSE265975_meta.csv,True,GSE265975,56c209b733677c10007831817215571d21efcd5f,False,,data_dictionary/sources/hr_vilage/meta/GSE265975_meta.csv,26ba6842f7b2078b11181cb88e8f9f3e9386a3272a2dd2ba4a56d9a3c5722d1f,meta/GSE265975_meta.csv,c68349578b97af04d1102eac5ad9f30f85362c53,GSE265975,exact_study_label
90533,"[""GSE276544""]",https://huggingface.co/datasets/xuejun72/HR-VILAGE-3K3M/resolve/c68349578b97af04d1102eac5ad9f30f85362c53/meta/GSE276544_meta.csv,local_metadata_or_antibody_table,harmonized_sample_metadata,HF:meta/GSE276544_meta.csv,True,GSE276544,dd4b7634065beb6630c86b6d8c291452071448c3,False,,data_dictionary/sources/hr_vilage/meta/GSE276544_meta.csv,2e5cf8c9d880750380097ddb4da68103fd60ebaf89ede8e05e20b9da4340fdf0,meta/GSE276544_meta.csv,c68349578b97af04d1102eac5ad9f30f85362c53,GSE276544,exact_study_label
46352,"[""GSE281864""]",https://huggingface.co/datasets/xuejun72/HR-VILAGE-3K3M/resolve/c68349578b97af04d1102eac5ad9f30f85362c53/meta/GSE281864_meta.csv,local_metadata_or_antibody_table,harmonized_sample_metadata,HF:meta/GSE281864_meta.csv,True,GSE281864,6f2f94c87e0ee5354e64edb7b65a83709a11514f,False,,data_dictionary/sources/hr_vilage/meta/GSE281864_meta.csv,3900da6b99605da119d31da40ef011c849c68db11a8c3f8a3afd4762c8555f7f,meta/GSE281864_meta.csv,c68349578b97af04d1102eac5ad9f30f85362c53,GSE281864,exact_study_label
8342,"[""GSE29614""]",https://huggingface.co/datasets/xuejun72/HR-VILAGE-3K3M/resolve/c68349578b97af04d1102eac5ad9f30f85362c53/meta/GSE29614_meta.csv,local_metadata_or_antibody_table,harmonized_sample_metadata,HF:meta/GSE29614_meta.csv,True,GSE29614,47d977dfba2b01491645e08ce70e852743e7672b,False,,data_dictionary/sources/hr_vilage/meta/GSE29614_meta.csv,7240d8471bd7992273acf21b5a5cfdbc03f817c0be92e4653550af495f381f89,meta/GSE29614_meta.csv,c68349578b97af04d1102eac5ad9f30f85362c53,GSE29614,exact_study_label
24119,"[""GSE29615""]",https://huggingface.co/datasets/xuejun72/HR-VILAGE-3K3M/resolve/c68349578b97af04d1102eac5ad9f30f85362c53/meta/GSE29615_meta.csv,local_metadata_or_antibody_table,harmonized_sample_metadata,HF:meta/GSE29615_meta.csv,True,GSE29615,796f11ab51c3559524232e7afa5b74a694311b1f,False,,data_dictionary/sources/hr_vilage/meta/GSE29615_meta.csv,b061ec8f3f7c4aa692583a413534582422da98be310f238f38ffff8eabff4c83,meta/GSE29615_meta.csv,c68349578b97af04d1102eac5ad9f30f85362c53,GSE29615,exact_study_label
23132,"[""GSE29617""]",https://huggingface.co/datasets/xuejun72/HR-VILAGE-3K3M/resolve/c68349578b97af04d1102eac5ad9f30f85362c53/meta/GSE29617_meta.csv,local_metadata_or_antibody_table,harmonized_sample_metadata,HF:meta/GSE29617_meta.csv,True,GSE29617,5e256fc368fb3172442e5c216854965999d1aacc,False,,data_dictionary/sources/hr_vilage/meta/GSE29617_meta.csv,2be094f496d64111a3b332dbe04f79b55cd403cc816cb5112fab945b967071a0,meta/GSE29617_meta.csv,c68349578b97af04d1102eac5ad9f30f85362c53,GSE29617,exact_study_label
25924,"[""GSE41080""]",https://huggingface.co/datasets/xuejun72/HR-VILAGE-3K3M/resolve/c68349578b97af04d1102eac5ad9f30f85362c53/meta/GSE41080_meta.csv,local_metadata_or_antibody_table,harmonized_sample_metadata,HF:meta/GSE41080_meta.csv,True,GSE41080,ca4469f3fdb00c9d195d0ef0a385040abcf1883c,False,,data_dictionary/sources/hr_vilage/meta/GSE41080_meta.csv,892ac08ca8a2eb7dde3bb4413f82b4bd01b451d9de88d073a5e3efe3a0c3d8e9,meta/GSE41080_meta.csv,c68349578b97af04d1102eac5ad9f30f85362c53,GSE41080,exact_study_label
16596,"[""GSE45735""]",https://huggingface.co/datasets/xuejun72/HR-VILAGE-3K3M/resolve/c68349578b97af04d1102eac5ad9f30f85362c53/meta/GSE45735_meta.csv,local_metadata_or_antibody_table,harmonized_sample_metadata,HF:meta/GSE45735_meta.csv,True,GSE45735,890b8c794481c5f4e8f1eb1284c08944f2510ced,False,,data_dictionary/sources/hr_vilage/meta/GSE45735_meta.csv,fe3574a3de8a74adb131d996adc41c9b811abecd4f99c66b9f53cf070ab742ca,meta/GSE45735_meta.csv,c68349578b97af04d1102eac5ad9f30f85362c53,GSE45735,exact_study_label
77368,"[""GSE47353""]",https://huggingface.co/datasets/xuejun72/HR-VILAGE-3K3M/resolve/c68349578b97af04d1102eac5ad9f30f85362c53/meta/GSE47353_meta.csv,local_metadata_or_antibody_table,harmonized_sample_metadata,HF:meta/GSE47353_meta.csv,True,GSE47353,c163abec666a7356210b0b50754747775b7b8b2d,False,,data_dictionary/sources/hr_vilage/meta/GSE47353_meta.csv,8adbee886bc7cf9fabb284eaf97f750004bac6dbb87c624b5a22312e489954bd,meta/GSE47353_meta.csv,c68349578b97af04d1102eac5ad9f30f85362c53,GSE47353,exact_study_label
120295,"[""GSE48018""]",https://huggingface.co/datasets/xuejun72/HR-VILAGE-3K3M/resolve/c68349578b97af04d1102eac5ad9f30f85362c53/meta/GSE48018_meta.csv,local_metadata_or_antibody_table,harmonized_sample_metadata,HF:meta/GSE48018_meta.csv,True,GSE48018,55068c6bcf7c5d95269924e8ef83e52a897b0159,False,,data_dictionary/sources/hr_vilage/meta/GSE48018_meta.csv,a6ec46654fd132bba76f250b05fab3970800fb002d8482ccd7b7caed1782c8d1,meta/GSE48018_meta.csv,c68349578b97af04d1102eac5ad9f30f85362c53,GSE48018,exact_study_label
121506,"[""GSE48023""]",https://huggingface.co/datasets/xuejun72/HR-VILAGE-3K3M/resolve/c68349578b97af04d1102eac5ad9f30f85362c53/meta/GSE48023_meta.csv,local_metadata_or_antibody_table,harmonized_sample_metadata,HF:meta/GSE48023_meta.csv,True,GSE48023,325264a92ea31e69a9d38d1572978bdbaca079a3,False,,data_dictionary/sources/hr_vilage/meta/GSE48023_meta.csv,3d57061fad0596378712d63fe03a8ad707ceb85d85474c2abbf928e232db1cab,meta/GSE48023_meta.csv,c68349578b97af04d1102eac5ad9f30f85362c53,GSE48023,exact_study_label
209267,"[""GSE48762""]",https://huggingface.co/datasets/xuejun72/HR-VILAGE-3K3M/resolve/c68349578b97af04d1102eac5ad9f30f85362c53/meta/GSE48762_meta.csv,local_metadata_or_antibody_table,harmonized_sample_metadata,HF:meta/GSE48762_meta.csv,True,GSE48762,39518f65805ea01ffaea87c3ac7fad1aeac22a4f,False,,data_dictionary/sources/hr_vilage/meta/GSE48762_meta.csv,5b32336659eb680bcdce6bff835f3955081477c1990c9face8172fc4eb5d0f4e,meta/GSE48762_meta.csv,c68349578b97af04d1102eac5ad9f30f85362c53,GSE48762,exact_study_label
38165,"[""GSE52005""]",https://huggingface.co/datasets/xuejun72/HR-VILAGE-3K3M/resolve/c68349578b97af04d1102eac5ad9f30f85362c53/meta/GSE52005_meta.csv,local_metadata_or_antibody_table,harmonized_sample_metadata,HF:meta/GSE52005_meta.csv,True,GSE52005,aa01e7d682c2e7604d81854f22d8eb895a185a62,False,,data_dictionary/sources/hr_vilage/meta/GSE52005_meta.csv,36cb32593c4cf865245d439fc123be21ccf9cb4e609e7251888416af8d6e2947,meta/GSE52005_meta.csv,c68349578b97af04d1102eac5ad9f30f85362c53,GSE52005,exact_study_label
20677,"[""GSE59635""]",https://huggingface.co/datasets/xuejun72/HR-VILAGE-3K3M/resolve/c68349578b97af04d1102eac5ad9f30f85362c53/meta/GSE59635_meta.csv,local_metadata_or_antibody_table,harmonized_sample_metadata,HF:meta/GSE59635_meta.csv,True,GSE59635,d3e3507367530374910f4ae0ec8d2551e81bdfd2,False,,data_dictionary/sources/hr_vilage/meta/GSE59635_meta.csv,fcf6b617995a703f7a07929821a0d364514d63dbb5b387046cada533eca7d71f,meta/GSE59635_meta.csv,c68349578b97af04d1102eac5ad9f30f85362c53,GSE59635,exact_study_label
43934,"[""GSE59654""]",https://huggingface.co/datasets/xuejun72/HR-VILAGE-3K3M/resolve/c68349578b97af04d1102eac5ad9f30f85362c53/meta/GSE59654_meta.csv,local_metadata_or_antibody_table,harmonized_sample_metadata,HF:meta/GSE59654_meta.csv,True,GSE59654,60d7ea6ebb7c5addd355ae401b3dffb3b75a81db,False,,data_dictionary/sources/hr_vilage/meta/GSE59654_meta.csv,fbd5ab4e62b252d4e76670f77da9ddc2fb33a9051e91be6c033a00e0761e28b4,meta/GSE59654_meta.csv,c68349578b97af04d1102eac5ad9f30f85362c53,GSE59654,exact_study_label
33848,"[""GSE59743""]",https://huggingface.co/datasets/xuejun72/HR-VILAGE-3K3M/resolve/c68349578b97af04d1102eac5ad9f30f85362c53/meta/GSE59743_meta.csv,local_metadata_or_antibody_table,harmonized_sample_metadata,HF:meta/GSE59743_meta.csv,True,GSE59743,ce2d50dc5dad949fdc6e000875b2ca9a7c749704,False,,data_dictionary/sources/hr_vilage/meta/GSE59743_meta.csv,f427937f080f98795fdd04d877c379d4624073755f4c3362f360790df124f4f6,meta/GSE59743_meta.csv,c68349578b97af04d1102eac5ad9f30f85362c53,GSE59743,exact_study_label
26682,"[""GSE61754""]",https://huggingface.co/datasets/xuejun72/HR-VILAGE-3K3M/resolve/c68349578b97af04d1102eac5ad9f30f85362c53/meta/GSE61754_meta.csv,local_metadata_or_antibody_table,harmonized_sample_metadata,HF:meta/GSE61754_meta.csv,True,GSE61754,d281cead2c9614859fbc15d94f46ba1368f85f4b,False,,data_dictionary/sources/hr_vilage/meta/GSE61754_meta.csv,18e7185866d904220d963f7e569a660ed9074493ef3beac6947ff2d2e8779991,meta/GSE61754_meta.csv,c68349578b97af04d1102eac5ad9f30f85362c53,GSE61754,exact_study_label
256987,"[""GSE68310""]",https://huggingface.co/datasets/xuejun72/HR-VILAGE-3K3M/resolve/c68349578b97af04d1102eac5ad9f30f85362c53/meta/GSE68310_meta.csv,local_metadata_or_antibody_table,harmonized_sample_metadata,HF:meta/GSE68310_meta.csv,True,GSE68310,575b213b75ede23b05465a0bf1c31fdbd868c71c,False,,data_dictionary/sources/hr_vilage/meta/GSE68310_meta.csv,30e834f64e01e08a898a03f1b345f856941b36e15463aa7de535d789e21c26f4,meta/GSE68310_meta.csv,c68349578b97af04d1102eac5ad9f30f85362c53,GSE68310,exact_study_label
130897,"[""GSE73072_H1N1_DEE3""]",https://huggingface.co/datasets/xuejun72/HR-VILAGE-3K3M/resolve/c68349578b97af04d1102eac5ad9f30f85362c53/meta/GSE73072_H1N1_DEE3_meta.csv,local_metadata_or_antibody_table,harmonized_sample_metadata,HF:meta/GSE73072_H1N1_DEE3_meta.csv,True,GSE73072_H1N1_DEE3,c97c6a2d83420494cc1c3148ce25fc8c36763d17,False,,data_dictionary/sources/hr_vilage/meta/GSE73072_H1N1_DEE3_meta.csv,db47529e3ff2f895964322bebf6f8d14cfb009032102399ab54de5f6ac3ec4ea,meta/GSE73072_H1N1_DEE3_meta.csv,c68349578b97af04d1102eac5ad9f30f85362c53,GSE73072_H1N1_DEE3,exact_study_label
106749,"[""GSE73072_H1N1_DEE4""]",https://huggingface.co/datasets/xuejun72/HR-VILAGE-3K3M/resolve/c68349578b97af04d1102eac5ad9f30f85362c53/meta/GSE73072_H1N1_DEE4_meta.csv,local_metadata_or_antibody_table,harmonized_sample_metadata,HF:meta/GSE73072_H1N1_DEE4_meta.csv,True,GSE73072_H1N1_DEE4,0d9785012a7f678d2246cb6e0e3a75e6f1e778d5,False,,data_dictionary/sources/hr_vilage/meta/GSE73072_H1N1_DEE4_meta.csv,56e4dea1a5fa22734e6dce58d2f3ef10b7a61bcc3e951ba29bdeb094f2f94b44,meta/GSE73072_H1N1_DEE4_meta.csv,c68349578b97af04d1102eac5ad9f30f85362c53,GSE73072_H1N1_DEE4,exact_study_label
98246,"[""GSE73072_H3N2_DEE2""]",https://huggingface.co/datasets/xuejun72/HR-VILAGE-3K3M/resolve/c68349578b97af04d1102eac5ad9f30f85362c53/meta/GSE73072_H3N2_DEE2_meta.csv,local_metadata_or_antibody_table,harmonized_sample_metadata,HF:meta/GSE73072_H3N2_DEE2_meta.csv,True,GSE73072_H3N2_DEE2,4c75095244d976ecd8cd4adf4a23b3f67e04423f,False,,data_dictionary/sources/hr_vilage/meta/GSE73072_H3N2_DEE2_meta.csv,2c9150bb9d7c05851b8990ed8883605e3d7b7099e4953f8380c493888675ef9a,meta/GSE73072_H3N2_DEE2_meta.csv,c68349578b97af04d1102eac5ad9f30f85362c53,GSE73072_H3N2_DEE2,exact_study_label
133623,"[""GSE73072_H3N2_DEE5""]",https://huggingface.co/datasets/xuejun72/HR-VILAGE-3K3M/resolve/c68349578b97af04d1102eac5ad9f30f85362c53/meta/GSE73072_H3N2_DEE5_meta.csv,local_metadata_or_antibody_table,harmonized_sample_metadata,HF:meta/GSE73072_H3N2_DEE5_meta.csv,True,GSE73072_H3N2_DEE5,e83d92de5e02bc7e3c4390c0714ceffb255a739b,False,,data_dictionary/sources/hr_vilage/meta/GSE73072_H3N2_DEE5_meta.csv,479253263706aac45790e8214b8a6cf2a8f8bff58dcdfa7b2dfd7713459d7ff4,meta/GSE73072_H3N2_DEE5_meta.csv,c68349578b97af04d1102eac5ad9f30f85362c53,GSE73072_H3N2_DEE5,exact_study_label
126961,"[""GSE73072_HRV_DUKE""]",https://huggingface.co/datasets/xuejun72/HR-VILAGE-3K3M/resolve/c68349578b97af04d1102eac5ad9f30f85362c53/meta/GSE73072_HRV_DUKE_meta.csv,local_metadata_or_antibody_table,harmonized_sample_metadata,HF:meta/GSE73072_HRV_DUKE_meta.csv,True,GSE73072_HRV_DUKE,0a79ee1e2565c2805e06e67cdc373f7b1faf4bb6,False,,data_dictionary/sources/hr_vilage/meta/GSE73072_HRV_DUKE_meta.csv,6dfa873c8b0375604faf9c2ec6c84e9c3047718bd41fce4816769343f317366d,meta/GSE73072_HRV_DUKE_meta.csv,c68349578b97af04d1102eac5ad9f30f85362c53,GSE73072_HRV_DUKE,exact_study_label
79476,"[""GSE73072_HRV_UVA""]",https://huggingface.co/datasets/xuejun72/HR-VILAGE-3K3M/resolve/c68349578b97af04d1102eac5ad9f30f85362c53/meta/GSE73072_HRV_UVA_meta.csv,local_metadata_or_antibody_table,harmonized_sample_metadata,HF:meta/GSE73072_HRV_UVA_meta.csv,True,GSE73072_HRV_UVA,05001b528575222dec3a2808a7126bcf16f28627,False,,data_dictionary/sources/hr_vilage/meta/GSE73072_HRV_UVA_meta.csv,22de955990148bed48874c3255d9f632ea034148ded51edca5676990892c0f34,meta/GSE73072_HRV_UVA_meta.csv,c68349578b97af04d1102eac5ad9f30f85362c53,GSE73072_HRV_UVA,exact_study_label
115031,"[""GSE73072_RSV_DEE1""]",https://huggingface.co/datasets/xuejun72/HR-VILAGE-3K3M/resolve/c68349578b97af04d1102eac5ad9f30f85362c53/meta/GSE73072_RSV_DEE1_meta.csv,local_metadata_or_antibody_table,harmonized_sample_metadata,HF:meta/GSE73072_RSV_DEE1_meta.csv,True,GSE73072_RSV_DEE1,c2415a588a49ce8dd7095282510c6b973e299989,False,,data_dictionary/sources/hr_vilage/meta/GSE73072_RSV_DEE1_meta.csv,41eb2dc4228d066dbbf651a4642bb01fc7332bdb0827d30009a49a825a81bc4e,meta/GSE73072_RSV_DEE1_meta.csv,c68349578b97af04d1102eac5ad9f30f85362c53,GSE73072_RSV_DEE1,exact_study_label
25904,"[""GSE74811""]",https://huggingface.co/datasets/xuejun72/HR-VILAGE-3K3M/resolve/c68349578b97af04d1102eac5ad9f30f85362c53/meta/GSE74811_meta.csv,local_metadata_or_antibody_table,harmonized_sample_metadata,HF:meta/GSE74811_meta.csv,True,GSE74811,a04ba4dbb01f91b46e8cad14febb3607110c4ffb,False,,data_dictionary/sources/hr_vilage/meta/GSE74811_meta.csv,1ef82657bc3b89ed80ea82077f5462797ec70a19272df6cd3fc65007a0aac5f0,meta/GSE74811_meta.csv,c68349578b97af04d1102eac5ad9f30f85362c53,GSE74811,exact_study_label
92009,"[""GSE74813""]",https://huggingface.co/datasets/xuejun72/HR-VILAGE-3K3M/resolve/c68349578b97af04d1102eac5ad9f30f85362c53/meta/GSE74813_meta.csv,local_metadata_or_antibody_table,harmonized_sample_metadata,HF:meta/GSE74813_meta.csv,True,GSE74813,56b7b2f31d82476bbd82dd14487687ebaf16eee5,False,,data_dictionary/sources/hr_vilage/meta/GSE74813_meta.csv,195e3830cd6cb88c8b89b066e7b4ab227f5cefa4b5992db30abd6f96a896d30d,meta/GSE74813_meta.csv,c68349578b97af04d1102eac5ad9f30f85362c53,GSE74813,exact_study_label
24636,"[""GSE74815""]",https://huggingface.co/datasets/xuejun72/HR-VILAGE-3K3M/resolve/c68349578b97af04d1102eac5ad9f30f85362c53/meta/GSE74815_meta.csv,local_metadata_or_antibody_table,harmonized_sample_metadata,HF:meta/GSE74815_meta.csv,True,GSE74815,055d19d6917791567e778e38cb5487a3def1661a,False,,data_dictionary/sources/hr_vilage/meta/GSE74815_meta.csv,e6d18b941fe773ecc2ca8f3cd24e0c87058b8b70332ef73737a524a37bca468a,meta/GSE74815_meta.csv,c68349578b97af04d1102eac5ad9f30f85362c53,GSE74815,exact_study_label
56914,"[""GSE74816""]",https://huggingface.co/datasets/xuejun72/HR-VILAGE-3K3M/resolve/c68349578b97af04d1102eac5ad9f30f85362c53/meta/GSE74816_meta.csv,local_metadata_or_antibody_table,harmonized_sample_metadata,HF:meta/GSE74816_meta.csv,True,GSE74816,698d60e94c3d9a8a745f05017661bf725078b4fb,False,,data_dictionary/sources/hr_vilage/meta/GSE74816_meta.csv,d2c5af6b7382847a04db113394c2f626be0a75a85e9851cdca8e3dad631a4d68,meta/GSE74816_meta.csv,c68349578b97af04d1102eac5ad9f30f85362c53,GSE74816,exact_study_label
29172,"[""GSE90732""]",https://huggingface.co/datasets/xuejun72/HR-VILAGE-3K3M/resolve/c68349578b97af04d1102eac5ad9f30f85362c53/meta/GSE90732_meta.csv,local_metadata_or_antibody_table,harmonized_sample_metadata,HF:meta/GSE90732_meta.csv,True,GSE90732,d1ddc529647c47bd240f8d7e832344875d78ad35,False,,data_dictionary/sources/hr_vilage/meta/GSE90732_meta.csv,932abc70fd238655a926ee1b1041d9e6cfcb47129b5922f4bace4612f3e5f5f1,meta/GSE90732_meta.csv,c68349578b97af04d1102eac5ad9f30f85362c53,GSE90732,exact_study_label
26787,"[""SDY112""]",https://huggingface.co/datasets/xuejun72/HR-VILAGE-3K3M/resolve/c68349578b97af04d1102eac5ad9f30f85362c53/meta/SDY112_meta.csv,local_metadata_or_antibody_table,harmonized_sample_metadata,HF:meta/SDY112_meta.csv,True,SDY112,cb518cadbfbbf4adff49efd44a2c399d5a7ee935,False,,data_dictionary/sources/hr_vilage/meta/SDY112_meta.csv,c6c7ad6fd50d8cc87a26e30e81484be71f6fbcf4563b220b3257a1dbf90a33f2,meta/SDY112_meta.csv,c68349578b97af04d1102eac5ad9f30f85362c53,SDY112,exact_study_label
22593,"[""SDY311""]",https://huggingface.co/datasets/xuejun72/HR-VILAGE-3K3M/resolve/c68349578b97af04d1102eac5ad9f30f85362c53/meta/SDY311_meta.csv,local_metadata_or_antibody_table,harmonized_sample_metadata,HF:meta/SDY311_meta.csv,True,SDY311,b14822a52370bf7f04baffc356d108ad41808d1f,False,,data_dictionary/sources/hr_vilage/meta/SDY311_meta.csv,698e27df15143eeb45186f9b26ac9b8d373fb90b3451c779cbdfd6ec52c3bfc6,meta/SDY311_meta.csv,c68349578b97af04d1102eac5ad9f30f85362c53,SDY311,exact_study_label
21441,"[""SDY315""]",https://huggingface.co/datasets/xuejun72/HR-VILAGE-3K3M/resolve/c68349578b97af04d1102eac5ad9f30f85362c53/meta/SDY315_meta.csv,local_metadata_or_antibody_table,harmonized_sample_metadata,HF:meta/SDY315_meta.csv,True,SDY315,875772fcb21e97f7b0a767a811d00b9373e50626,False,,data_dictionary/sources/hr_vilage/meta/SDY315_meta.csv,ced6b18e96d892b82a4752946b2732a9b2703faa98412f41a484fbf4373af73f,meta/SDY315_meta.csv,c68349578b97af04d1102eac5ad9f30f85362c53,SDY315,exact_study_label
438728,[],https://huggingface.co/datasets/xuejun72/HR-VILAGE-3K3M/resolve/c68349578b97af04d1102eac5ad9f30f85362c53/relation.png,listing_and_author_documentation_only,resource_documentation_or_metadata,HF:relation.png,True,relation.png,c1fbf444d054319a455f72efe19fdbe05a7cfd84,False,"{""oid"":""ff96fa86a009654f7fd39903350be01d94e353cd23145f955a2f778354d60e61"",""pointerSize"":131,""size"":438728}",,,relation.png,c68349578b97af04d1102eac5ad9f30f85362c53,,no_single_study_link_established
20158063316,"[""EMTAB10026""]",https://huggingface.co/datasets/xuejun72/HR-VILAGE-3K3M/resolve/c68349578b97af04d1102eac5ad9f30f85362c53/single_cell_gene_expr/EMTAB10026_processed.h5ad,listing_and_author_documentation_only,integrated_single_cell_object; layer_rawness_unverified,HF:single_cell_gene_expr/EMTAB10026_processed.h5ad,True,EMTAB10026,1390469faba1078558851dcf54500c5ce4f6c045,False,"{""oid"":""eada3407f3bae8e7430a2f88f7f6c445b05877cc9172e5c37ed09b9eb8973596"",""pointerSize"":136,""size"":20158063316}",,,single_cell_gene_expr/EMTAB10026_processed.h5ad,c68349578b97af04d1102eac5ad9f30f85362c53,EMTAB10026,exact_study_label
38770448690,"[""GSE195673""]",https://huggingface.co/datasets/xuejun72/HR-VILAGE-3K3M/resolve/c68349578b97af04d1102eac5ad9f30f85362c53/single_cell_gene_expr/GSE195673_processed.h5ad,listing_and_author_documentation_only,integrated_single_cell_object; layer_rawness_unverified,HF:single_cell_gene_expr/GSE195673_processed.h5ad,True,GSE195673,e9c9670ccde6d0d93fe1d96eb64ccab5960c106c,False,"{""oid"":""f82a44cebe94805dc5531c1a0a3b42b79a5ac39d423dd0bca50849cafaa7d2e1"",""pointerSize"":136,""size"":38770448690}",,,single_cell_gene_expr/GSE195673_processed.h5ad,c68349578b97af04d1102eac5ad9f30f85362c53,GSE195673,exact_study_label
484187768,"[""GSE201534""]",https://huggingface.co/datasets/xuejun72/HR-VILAGE-3K3M/resolve/c68349578b97af04d1102eac5ad9f30f85362c53/single_cell_gene_expr/GSE201534_processed.h5ad,listing_and_author_documentation_only,integrated_single_cell_object; layer_rawness_unverified,HF:single_cell_gene_expr/GSE201534_processed.h5ad,True,GSE201534,bf526482cf3c0cd050d0186b3db793bc6623088c,False,"{""oid"":""919b39c4709a01daef31a5af1bcffebb84a677fde56caa0cc8ebdd5c6a7f79a2"",""pointerSize"":134,""size"":484187768}",,,single_cell_gene_expr/GSE201534_processed.h5ad,c68349578b97af04d1102eac5ad9f30f85362c53,GSE201534,exact_study_label
647779127,"[""GSE246937""]",https://huggingface.co/datasets/xuejun72/HR-VILAGE-3K3M/resolve/c68349578b97af04d1102eac5ad9f30f85362c53/single_cell_gene_expr/GSE246937_processed.h5ad,listing_and_author_documentation_only,integrated_single_cell_object; layer_rawness_unverified,HF:single_cell_gene_expr/GSE246937_processed.h5ad,True,GSE246937,ef60a6caafa4dea1725061113f1524353a8ff524,False,"{""oid"":""98df6769624981f665d7ab9d9fe96a57ebbd06436c7235f78fa656175f20c60f"",""pointerSize"":134,""size"":647779127}",,,single_cell_gene_expr/GSE246937_processed.h5ad,c68349578b97af04d1102eac5ad9f30f85362c53,GSE246937,exact_study_label
5135236957,"[""GSE247917""]",https://huggingface.co/datasets/xuejun72/HR-VILAGE-3K3M/resolve/c68349578b97af04d1102eac5ad9f30f85362c53/single_cell_gene_expr/GSE247917_processed.h5ad,listing_and_author_documentation_only,integrated_single_cell_object; layer_rawness_unverified,HF:single_cell_gene_expr/GSE247917_processed.h5ad,True,GSE247917,eefd36112df970d79a0bc9c5f0fbc3c9e6e6ef1e,False,"{""oid"":""df8f3fd4e2396f01257d4edd66e6b4271f591fabb76cd645f46a87d759dc1752"",""pointerSize"":135,""size"":5135236957}",,,single_cell_gene_expr/GSE247917_processed.h5ad,c68349578b97af04d1102eac5ad9f30f85362c53,GSE247917,exact_study_label
8155833298,"[""challenge_covid19""]",https://huggingface.co/datasets/xuejun72/HR-VILAGE-3K3M/resolve/c68349578b97af04d1102eac5ad9f30f85362c53/single_cell_gene_expr/challenge_covid19_processed.h5ad,listing_and_author_documentation_only,integrated_single_cell_object; layer_rawness_unverified,HF:single_cell_gene_expr/challenge_covid19_processed.h5ad,True,challenge_covid19,50521797e34b87d0b54960d1c5cfece5f5b87a6a,False,"{""oid"":""ca2581dc55c84dfbb9b16b3bcc7e33de23f3c43efc296f85d4f69b072b8b0dc6"",""pointerSize"":135,""size"":8155833298}",,,single_cell_gene_expr/challenge_covid19_processed.h5ad,c68349578b97af04d1102eac5ad9f30f85362c53,challenge_covid19,exact_study_label
18556163949,[],https://huggingface.co/datasets/xuejun72/HR-VILAGE-3K3M/resolve/c68349578b97af04d1102eac5ad9f30f85362c53/single_cell_gene_expr/combined.h5ad.gz,listing_and_author_documentation_only,integrated_single_cell_object; layer_rawness_unverified,HF:single_cell_gene_expr/combined.h5ad.gz,True,combined,2819b249f023cecbd01933b14ed27bbd9c3203b2,False,"{""oid"":""312ed2dc0bd22313e18b92b7cc5ba84329dc146b69b7f2b9d44657fb1ffc25c9"",""pointerSize"":136,""size"":18556163949}",,,single_cell_gene_expr/combined.h5ad.gz,c68349578b97af04d1102eac5ad9f30f85362c53,,no_single_study_link_established
15935835988,"[""eskd_covid19""]",https://huggingface.co/datasets/xuejun72/HR-VILAGE-3K3M/resolve/c68349578b97af04d1102eac5ad9f30f85362c53/single_cell_gene_expr/eskd_covid19_processed.h5ad,listing_and_author_documentation_only,integrated_single_cell_object; layer_rawness_unverified,HF:single_cell_gene_expr/eskd_covid19_processed.h5ad,True,eskd_covid19,50ab7ffbae9b9a3b857ac70d09a4929bfc89db3b,False,"{""oid"":""9e9f962b25419c60a3e744d6b90b89e0f46978e3a68e538d326b34ae698be2f9"",""pointerSize"":136,""size"":15935835988}",,,single_cell_gene_expr/eskd_covid19_processed.h5ad,c68349578b97af04d1102eac5ad9f30f85362c53,eskd_covid19,exact_study_label
37419,[],https://huggingface.co/datasets/xuejun72/HR-VILAGE-3K3M/resolve/c68349578b97af04d1102eac5ad9f30f85362c53/study_citations.csv,local_metadata_or_antibody_table,resource_documentation_or_metadata,HF:study_citations.csv,True,study_citations.csv,8393de1a72d1d651d0fc63997045dda6b0058eed,False,,data_dictionary/sources/hr_vilage/study_citations.csv,778a24884e106d3b3b52256a0360ef469d5df63cb3d65d1fbbb8ce711471c51f,study_citations.csv,c68349578b97af04d1102eac5ad9f30f85362c53,,no_single_study_link_established
20190,[],https://huggingface.co/datasets/xuejun72/HR-VILAGE-3K3M/resolve/c68349578b97af04d1102eac5ad9f30f85362c53/study_meta.csv,local_metadata_or_antibody_table,resource_documentation_or_metadata,HF:study_meta.csv,True,study,832317021646dfa4baff2068904aae8c4c7fc628,False,,data_dictionary/sources/hr_vilage/study_meta.csv,48977830c893ed1babf334c16a24b52e9f701cc239b1b3b3be747fdf1371e1f1,study_meta.csv,c68349578b97af04d1102eac5ad9f30f85362c53,,no_single_study_link_established
