antibody,antibody_link,canonical_source_accessions,data_citation,dataset_id,eligibility_reason,influenza_challenge_eligibility,meta_variable_list,metadata_link,num_cells,num_observations,num_observed_genes,num_subjects,"number_of_timepoints median(min, max)",observed_timepoints,participant_count_interpretation,pathogen,platform,platform_detail,raw_data,raw_data_flag_interpretation,resource_revision,source_paper_citation,source_snapshot,source_snapshot_sha256,study_ID,study_type,tissue,transcriptomic_data_link,vaccine
yes,https://www.ncbi.nlm.nih.gov/geo/query/acc.cgi?acc=GSE68310,"[""GSE68310""]","Zhai, Y., Franco, L.M., Belmont, J.W., et al. GEO. https://identifiers.org/geo/GSE68310 (2015)",HR:GSE68310,Prospective natural acute respiratory illness surveillance; baseline before illness does not mean challenge.,adjacent_excluded,geo_accession;ID;study_ID;platform;pathogen;title;timepoint;MFC;responder;Enrollment_year;sex;age;Medications;Duration_of_symptoms,https://www.ncbi.nlm.nih.gov/geo/query/acc.cgi?acc=GSE68310,NA,880,18755,133,"7 (4, 7)","Baseline, 0.0, 2.0, 4.0, 6.0, 21.0",Within-study author count; not independent subjects across studies.,influenza_A_virus; influenza_B_virus; enterovirus; human_coronavirus; human_rhinovirus; respiratory_syncytial_virus,microarray,GPL10558; llumina HumanHT-12 V4.0 expression beadchip,yes,Legacy author flag; not proof of current file-level raw availability.,c68349578b97af04d1102eac5ad9f30f85362c53,"Zhai Y, Franco LM, Atmar RL, Quarles JM, et al. Host Transcriptional Response to Influenza and Other Acute Respiratory Viral Infections--A Prospective Cohort Study. PLoS Pathog. 2015 Jun;11(6):e1004869. PMID: 26070066.",data_dictionary/sources/hr_vilage/study_meta.csv,48977830c893ed1babf334c16a24b52e9f701cc239b1b3b3be747fdf1371e1f1,GSE68310,mixed exposure,whole blood,https://www.ncbi.nlm.nih.gov/geo/query/acc.cgi?acc=GSE68310,
yes,https://pmc.ncbi.nlm.nih.gov/articles/PMC10481789/ (Supplementary Table 8),"[""GSE194378""]","Sparks, R., Lau, W.W., Liu, C., et al. GEO. https://identifiers.org/geo/GSE194378 (2022)",HR:GSE194378,"Influenza vaccination following prior COVID-19, not influenza inoculation.",adjacent_excluded,geo_accession;ID;study_ID;tissue;platform;title;timepoint;MFC;responder;study_group;vaccine;sex;age;ethnicity;race;symptom_group_previous_covid;side_effect;Duration_of_symptoms;days.since.covid.19.diagnosis;influenza.vaccination.count..previous.10.years.,https://www.ncbi.nlm.nih.gov/geo/query/acc.cgi?acc=GSE194378,NA,412,21690,75,"5 (0, 9)"," -7.0, 0.0, 1.0, 7.0, 28.0",Within-study author count; not independent subjects across studies.,influenza,RNA-seq,GPL24676; Illumina NovaSeq 6000 (Homo sapiens),yes,Legacy author flag; not proof of current file-level raw availability.,c68349578b97af04d1102eac5ad9f30f85362c53,"Sparks R, Lau WW, Liu C, Han KL, et al. Influenza vaccination reveals sex dimorphic imprints of prior mild COVID-19. Nature. 2023 Feb;614(7949):752-761. PMID: 36599369.",data_dictionary/sources/hr_vilage/study_meta.csv,48977830c893ed1babf334c16a24b52e9f701cc239b1b3b3be747fdf1371e1f1,GSE194378,mixed exposure,whole blood,https://www.ncbi.nlm.nih.gov/geo/query/acc.cgi?acc=GSE194378,Influenza QIV
yes,https://doi.org/10.21430/M3H9N1SFLO,"[""GSE74811""]","Nakaya, H.I., Pulendran, B. GEO. https://identifiers.org/geo/GSE74811 (2015)",HR:GSE74811,Vaccination does not by itself establish an influenza challenge design.,vaccine_or_other_nonchallenge_context,geo_accession;ID;study_ID;tissue;platform;pathogen;title;timepoint;MFC;responder;Enrollment_year;vaccine,https://doi.org/10.21430/M3H9N1SFLO,NA,83,18319,28,"3 (2, 3)","0.0, 3.0, 7.0",Within-study author count; not independent subjects across studies.,influenza,microarray,GPL13158; [HT_HG-U133_Plus_PM] Affymetrix HT HG-U133+ PM Array Plate,yes,Legacy author flag; not proof of current file-level raw availability.,c68349578b97af04d1102eac5ad9f30f85362c53,"Nakaya HI, Hagan T, Duraisingham SS, Lee EK, et al. Systems Analysis of Immunity to Influenza Vaccination across Multiple Years and in Diverse Populations Reveals Shared Molecular Signatures. Immunity. 2015 Dec 15;43(6):1186-98. PMID: 26682988.",data_dictionary/sources/hr_vilage/study_meta.csv,48977830c893ed1babf334c16a24b52e9f701cc239b1b3b3be747fdf1371e1f1,GSE74811,vaccine,whole blood,https://www.ncbi.nlm.nih.gov/geo/query/acc.cgi?acc=GSE74811,Influenza TIV
yes,https://doi.org/10.21430/M3X9SKF8RQ,"[""GSE74813""]","Nakaya, H.I., Pulendran, B. GEO. https://identifiers.org/geo/GSE74813 (2015)",HR:GSE74813,Vaccination does not by itself establish an influenza challenge design.,vaccine_or_other_nonchallenge_context,geo_accession;ID;study_ID;tissue;platform;pathogen;title;timepoint;MFC;responder;Enrollment_year;vaccine;sex;age;race,https://doi.org/10.21430/M3X9SKF8RQ,NA,286,18319,63,"5 (1, 5)","0.0, 1.0, 3.0, 7.0, 14.0",Within-study author count; not independent subjects across studies.,influenza,microarray,GPL13158; [HT_HG-U133_Plus_PM] Affymetrix HT HG-U133+ PM Array Plate,yes,Legacy author flag; not proof of current file-level raw availability.,c68349578b97af04d1102eac5ad9f30f85362c53,"Nakaya HI, Hagan T, Duraisingham SS, Lee EK, et al. Systems Analysis of Immunity to Influenza Vaccination across Multiple Years and in Diverse Populations Reveals Shared Molecular Signatures. Immunity. 2015 Dec 15;43(6):1186-98. PMID: 26682988.",data_dictionary/sources/hr_vilage/study_meta.csv,48977830c893ed1babf334c16a24b52e9f701cc239b1b3b3be747fdf1371e1f1,GSE74813,vaccine,whole blood,https://www.ncbi.nlm.nih.gov/geo/query/acc.cgi?acc=GSE74813,Influenza TIV
yes,https://doi.org/10.21430/M3X9SKF8RQ,"[""GSE74815""]","Nakaya, H.I., Pulendran, B. GEO. https://identifiers.org/geo/GSE74815 (2015)",HR:GSE74815,Vaccination does not by itself establish an influenza challenge design.,vaccine_or_other_nonchallenge_context,geo_accession;ID;study_ID;tissue;platform;pathogen;title;timepoint;MFC;responder;Enrollment_year;vaccine,https://doi.org/10.21430/M3X9SKF8RQ,NA,75,18319,26,"3 (2, 3)","0.0, 3.0, 7.0",Within-study author count; not independent subjects across studies.,influenza,microarray,GPL13158; [HT_HG-U133_Plus_PM] Affymetrix HT HG-U133+ PM Array Plate,yes,Legacy author flag; not proof of current file-level raw availability.,c68349578b97af04d1102eac5ad9f30f85362c53,"Nakaya HI, Hagan T, Duraisingham SS, Lee EK, et al. Systems Analysis of Immunity to Influenza Vaccination across Multiple Years and in Diverse Populations Reveals Shared Molecular Signatures. Immunity. 2015 Dec 15;43(6):1186-98. PMID: 26682988.",data_dictionary/sources/hr_vilage/study_meta.csv,48977830c893ed1babf334c16a24b52e9f701cc239b1b3b3be747fdf1371e1f1,GSE74815,vaccine,whole blood,https://www.ncbi.nlm.nih.gov/geo/query/acc.cgi?acc=GSE74815,Influenza TIV
yes,https://doi.org/10.21430/M3ZU72TO6V,"[""GSE74816""]","Nakaya, H.I., Pulendran, B. GEO. https://identifiers.org/geo/GSE74816 (2016)",HR:GSE74816,Vaccination does not by itself establish an influenza challenge design.,vaccine_or_other_nonchallenge_context,geo_accession;ID;tissue;pathogen;title;timepoint;MFC;responder;study_group;Enrollment_year;sex;age,https://doi.org/10.21430/M3ZU72TO6V,NA,177,18319,72,"2 (2, 3)","0.0, 3.0, 7.0",Within-study author count; not independent subjects across studies.,influenza,microarray,GPL13158; [HT_HG-U133_Plus_PM] Affymetrix HT HG-U133+ PM Array Plate,yes,Legacy author flag; not proof of current file-level raw availability.,c68349578b97af04d1102eac5ad9f30f85362c53,"Nakaya HI, Hagan T, Duraisingham SS, Lee EK, et al. Systems Analysis of Immunity to Influenza Vaccination across Multiple Years and in Diverse Populations Reveals Shared Molecular Signatures. Immunity. 2015 Dec 15;43(6):1186-98. PMID: 26682988.",data_dictionary/sources/hr_vilage/study_meta.csv,48977830c893ed1babf334c16a24b52e9f701cc239b1b3b3be747fdf1371e1f1,GSE74816,vaccine,whole blood,https://www.ncbi.nlm.nih.gov/geo/query/acc.cgi?acc=GSE74816,Influenza TIV
yes,https://www.ncbi.nlm.nih.gov/geo/query/acc.cgi?acc=GSE48023,"[""GSE48023""]","Franco, L.M., Shaw, C.A., Belmont, J.W., et al. GEO. https://identifiers.org/geo/GSE48023 (2013)",HR:GSE48023,Vaccination does not by itself establish an influenza challenge design.,vaccine_or_other_nonchallenge_context,geo_accession;ID;study_ID;tissue;platform;pathogen;title;timepoint;MFC;responder;vaccine;sex;age,https://www.ncbi.nlm.nih.gov/geo/query/acc.cgi?acc=GSE48023,NA,417,20514,110,"4 (3, 4)","0.0, 1.0, 3.0, 14.0",Within-study author count; not independent subjects across studies.,influenza,microarray,GPL10558; Illumina HumanHT-12 V4.0 expression beadchip,yes,Legacy author flag; not proof of current file-level raw availability.,c68349578b97af04d1102eac5ad9f30f85362c53,"Franco LM, Bucasas KL, Wells JM, Nino D, et al. Integrative genomic analysis of the human immune response to influenza vaccination. Elife. 2013 Jul 16;2:e00299. PMID: 23878721; Bucasas KL, Franco LM, Shaw CA, Bray MS, et al. Early patterns of gene expression correlate with the humoral immune response to influenza vaccination in humans. J Infect Dis. 2011 Apr 1;203(7):921-9. PMID: 21357945.",data_dictionary/sources/hr_vilage/study_meta.csv,48977830c893ed1babf334c16a24b52e9f701cc239b1b3b3be747fdf1371e1f1,GSE48023,vaccine,whole blood,https://www.ncbi.nlm.nih.gov/geo/query/acc.cgi?acc=GSE48023,Influenza TIV
yes,https://www.ncbi.nlm.nih.gov/geo/query/acc.cgi?acc=GSE48018,"[""GSE48018""]","Franco, L.M., Shaw, C.A., Belmont, J.W., et al. GEO. https://identifiers.org/geo/GSE48018 (2013)",HR:GSE48018,Vaccination does not by itself establish an influenza challenge design.,vaccine_or_other_nonchallenge_context,geo_accession;ID;study_ID;tissue;platform;pathogen;title;timepoint;MFC;responder;vaccine;sex;age,https://www.ncbi.nlm.nih.gov/geo/query/acc.cgi?acc=GSE48018,NA,431,18736,116,"4 (1, 4)","0.0, 1.0, 3.0, 14.0",Within-study author count; not independent subjects across studies.,influenza,microarray,GPL6947; Illumina HumanHT-12 V3.0 expression beadchip,yes,Legacy author flag; not proof of current file-level raw availability.,c68349578b97af04d1102eac5ad9f30f85362c53,"Franco LM, Bucasas KL, Wells JM, Nino D, et al. Integrative genomic analysis of the human immune response to influenza vaccination. Elife. 2013 Jul 16;2:e00299. PMID: 23878721; Bucasas KL, Franco LM, Shaw CA, Bray MS, et al. Early patterns of gene expression correlate with the humoral immune response to influenza vaccination in humans. J Infect Dis. 2011 Apr 1;203(7):921-9. PMID: 21357945.",data_dictionary/sources/hr_vilage/study_meta.csv,48977830c893ed1babf334c16a24b52e9f701cc239b1b3b3be747fdf1371e1f1,GSE48018,vaccine,whole blood,https://www.ncbi.nlm.nih.gov/geo/query/acc.cgi?acc=GSE48018,Influenza TIV
yes,https://pmc.ncbi.nlm.nih.gov/articles/PMC3658270/ (Supplementary data),"[""GSE41080""]","Furman, D. GEO. https://identifiers.org/geo/GSE41080 (2013)",HR:GSE41080,Vaccination does not by itself establish an influenza challenge design.,vaccine_or_other_nonchallenge_context,geo_accession;ID;study_ID;tissue;platform;pathogen;title;timepoint;MFC;responder;vaccine;sex;age;BMI,https://pmc.ncbi.nlm.nih.gov/articles/PMC3658270/ (Supplementary data),NA,91,18761,91,"1 (1, 1)",0,Within-study author count; not independent subjects across studies.,influenza,microarray,GPL6947; Illumina HumanHT-12 V3.0 expression beadchip,yes,Legacy author flag; not proof of current file-level raw availability.,c68349578b97af04d1102eac5ad9f30f85362c53,"Furman D, Jojic V, Kidd B, Shen-Orr S, et al. Apoptosis and other immune biomarkers predict influenza vaccine responsiveness. Mol Syst Biol. 2013 Apr 16;9:659. PMID: 23591775; Furman D, Hejblum BP, Simon N, Jojic V, et al. Systems analysis of sex differences reveals an immunosuppressive role for testosterone in the response to influenza vaccination. Proc Natl Acad Sci U S A. 2014 Jan 14;111(2):869-74. PMID: 24367114; Furman D, Jojic V, Sharma S, Shen-Orr SS, et al. Cytomegalovirus infection enhances the immune response to influenza. Sci Transl Med. 2015 Apr 1;7(281):281ra43. PMID: 25834109.",data_dictionary/sources/hr_vilage/study_meta.csv,48977830c893ed1babf334c16a24b52e9f701cc239b1b3b3be747fdf1371e1f1,GSE41080,vaccine,whole blood,https://www.ncbi.nlm.nih.gov/geo/query/acc.cgi?acc=GSE41080,Influenza TIV
yes,https://doi.org/10.21430/M3U7GDOFIT,"[""GSE59743""]","Shaw, A.C., Mohanty, S., Joshi, S.R., et al. GEO. https://identifiers.org/geo/GSE59743 (2017)",HR:GSE59743,Vaccination does not by itself establish an influenza challenge design.,vaccine_or_other_nonchallenge_context,geo_accession;ID;study_ID;tissue;platform;pathogen;title;timepoint;MFC;responder;responder_original;vaccine;age_group;immport_expsamp_acc,https://doi.org/10.21430/M3U7GDOFIT,NA,120,20402,30,"4 (4, 4)","0.0, 2.0, 3.0, 4.0, 7.0, 8.0, 9.0, 28.0, 36.0",Within-study author count; not independent subjects across studies.,influenza,microarray,GPL10558; llumina HumanHT-12 V4.0 expression beadchip,yes,Legacy author flag; not proof of current file-level raw availability.,c68349578b97af04d1102eac5ad9f30f85362c53,"Avey S, Mohanty S, Chawla DG, Meng H, et al. Seasonal Variability and Shared Molecular Signatures of Inactivated Influenza Vaccination in Young and Older Adults. J Immunol. 2020 Mar 15;204(6):1661-1673. PMID: 32060136; Avey S, Mohanty S, Wilson J, Zapata H, Joshi SR, Siconolfi B, Tsang S, Shaw AC, Kleinstein SH. Multiple network-constrained regressions expand insights into influenza vaccination responses. Bioinformatics. 2017 Jul 15;33(14):i208-i216. doi: 10.1093/bioinformatics/btx260. PMID: 28881994; PMCID: PMC5870750.",data_dictionary/sources/hr_vilage/study_meta.csv,48977830c893ed1babf334c16a24b52e9f701cc239b1b3b3be747fdf1371e1f1,GSE59743,vaccine,PBMC,https://www.ncbi.nlm.nih.gov/geo/query/acc.cgi?acc=GSE59743,Influenza TIV
yes,https://doi.org/10.21430/M3GWQRC8DT,"[""GSE59654""]","Shaw, A.C., Mohanty, S., Joshi, S.R., et al. GEO. https://identifiers.org/geo/GSE59654 (2015)",HR:GSE59654,Vaccination does not by itself establish an influenza challenge design.,vaccine_or_other_nonchallenge_context,geo_accession;ID;study_ID;tissue;platform;pathogen;title;timepoint;MFC;responder;responder_original;vaccine;age_group;immport_expsamp_acc,https://doi.org/10.21430/M3GWQRC8DT,NA,156,19056,39,"4 (4, 4)","0.0, 2.0, 4.0, 7.0, 24.0, 28.0, 32.0",Within-study author count; not independent subjects across studies.,influenza,microarray,GPL10558; llumina HumanHT-12 V4.0 expression beadchip,yes,Legacy author flag; not proof of current file-level raw availability.,c68349578b97af04d1102eac5ad9f30f85362c53,"Thakar J, Mohanty S, West AP, Joshi SR, et al. Aging-dependent alterations in gene expression and a mitochondrial signature of responsiveness to human influenza vaccination. Aging (Albany NY). 2015 Jan;7(1):38-52. PMID: 25596819.",data_dictionary/sources/hr_vilage/study_meta.csv,48977830c893ed1babf334c16a24b52e9f701cc239b1b3b3be747fdf1371e1f1,GSE59654,vaccine,PBMC,https://www.ncbi.nlm.nih.gov/geo/query/acc.cgi?acc=GSE59654,Influenza TIV
yes,https://doi.org/10.21430/M3KVVHM735,"[""GSE101709""]","Shaw, A.C., Mohanty, S., Meng, H., et al. GEO. https://identifiers.org/geo/GSE101709 (2020)",HR:GSE101709,Vaccination does not by itself establish an influenza challenge design.,vaccine_or_other_nonchallenge_context,geo_accession;ID;study_ID;tissue;platform;pathogen;title;timepoint;MFC;responder;vaccine;age_group;immport_expsamp_acc,https://doi.org/10.21430/M3KVVHM735,NA,98,20420,26,"4 (1, 4)","0.0, 2.0, 7.0, 28.0, 43.0",Within-study author count; not independent subjects across studies.,influenza,microarray,GPL10558; llumina HumanHT-12 V4.0 expression beadchip,yes,Legacy author flag; not proof of current file-level raw availability.,c68349578b97af04d1102eac5ad9f30f85362c53,"Avey S, Mohanty S, Chawla DG, Meng H, et al. Seasonal Variability and Shared Molecular Signatures of Inactivated Influenza Vaccination in Young and Older Adults. J Immunol. 2020 Mar 15;204(6):1661-1673. PMID: 32060136.",data_dictionary/sources/hr_vilage/study_meta.csv,48977830c893ed1babf334c16a24b52e9f701cc239b1b3b3be747fdf1371e1f1,GSE101709,vaccine,PBMC,https://www.ncbi.nlm.nih.gov/geo/query/acc.cgi?acc=GSE101709,Influenza TIV
yes,https://doi.org/10.21430/M38WXGBDTS,"[""GSE59635""]","Shaw, A.C., Mohanty, S., Joshi, S.R., et al. GEO. https://identifiers.org/geo/GSE59635 (2015)",HR:GSE59635,Vaccination does not by itself establish an influenza challenge design.,vaccine_or_other_nonchallenge_context,geo_accession;ID;study_ID;tissue;platform;pathogen;title;timepoint;MFC;responder;responder_original;vaccine;age_group;immport_expsamp_acc,https://doi.org/10.21430/M38WXGBDTS,NA,72,20525,19,"4 (3, 4)","0.0, 4.0, 7.0, 28.0",Within-study author count; not independent subjects across studies.,influenza,microarray,GPL10558; llumina HumanHT-12 V4.0 expression beadchip,yes,Legacy author flag; not proof of current file-level raw availability.,c68349578b97af04d1102eac5ad9f30f85362c53,"Thakar J, Mohanty S, West AP, Joshi SR, et al. Aging-dependent alterations in gene expression and a mitochondrial signature of responsiveness to human influenza vaccination. Aging (Albany NY). 2015 Jan;7(1):38-52. PMID: 25596819.",data_dictionary/sources/hr_vilage/study_meta.csv,48977830c893ed1babf334c16a24b52e9f701cc239b1b3b3be747fdf1371e1f1,GSE59635,vaccine,PBMC,https://www.ncbi.nlm.nih.gov/geo/query/acc.cgi?acc=GSE59635,Influenza TIV
yes,https://doi.org/10.21430/M3A6GYD5L0,"[""GSE101710""]","Shaw, A.C., Mohanty, S., Meng, H., et al. GEO. https://identifiers.org/geo/GSE101710 (2019)",HR:GSE101710,Vaccination does not by itself establish an influenza challenge design.,vaccine_or_other_nonchallenge_context,geo_accession;ID;study_ID;tissue;platform;pathogen;title;timepoint;MFC;responder;vaccine;age_group;immport_expsamp_acc,https://doi.org/10.21430/M3A6GYD5L0,NA,79,20420,20,"4 (3, 4)","0.0, 2.0, 7.0, 25.0, 28.0, 37.0, 41.0",Within-study author count; not independent subjects across studies.,influenza,microarray,GPL10558; llumina HumanHT-12 V4.0 expression beadchip,yes,Legacy author flag; not proof of current file-level raw availability.,c68349578b97af04d1102eac5ad9f30f85362c53,"Zapata HJ, Van Ness PH, Avey S, Siconolfi B, et al. Impact of Aging and HIV Infection on the Function of the C-Type Lectin Receptor MINCLE in Monocytes. J Gerontol A Biol Sci Med Sci. 2019 May 16;74(6):794-801. PMID: 30239628; Avey S, Mohanty S, Chawla DG, Meng H, et al. Seasonal Variability and Shared Molecular Signatures of Inactivated Influenza Vaccination in Young and Older Adults. J Immunol. 2020 Mar 15;204(6):1661-1673. PMID: 32060136.",data_dictionary/sources/hr_vilage/study_meta.csv,48977830c893ed1babf334c16a24b52e9f701cc239b1b3b3be747fdf1371e1f1,GSE101710,vaccine,PBMC,https://www.ncbi.nlm.nih.gov/geo/query/acc.cgi?acc=GSE101710,Influenza TIV
yes,https://www.ncbi.nlm.nih.gov/geo/query/acc.cgi?acc=GSE47353,"[""GSE47353""]","Tsang, J.S., Schwartzberg, P.L., Kotliarov, Y., et al. GEO. https://identifiers.org/geo/GSE47353 (2014)",HR:GSE47353,Vaccination does not by itself establish an influenza challenge design.,vaccine_or_other_nonchallenge_context,geo_accession;ID;study_ID;tissue;platform;pathogen;title;timepoint;MFC;responder;vaccine;sex;age;ethnicity,https://www.ncbi.nlm.nih.gov/geo/query/acc.cgi?acc=GSE47353,NA,292,22698,63,"5 (1, 5)","-7.0, 0.0, 1.0, 7.0, 70.0",Within-study author count; not independent subjects across studies.,influenza,microarray,GPL6244; [HuGene-1_0-st] Affymetrix Human Gene 1.0 ST Array [transcript (gene) version],yes,Legacy author flag; not proof of current file-level raw availability.,c68349578b97af04d1102eac5ad9f30f85362c53,"Tsang JS, Schwartzberg PL, Kotliarov Y, Biancotto A, et al. Global analyses of human immune variation reveal baseline predictors of postvaccination responses. Cell. 2014 Apr 10;157(2):499-513. PMID: 24725414.",data_dictionary/sources/hr_vilage/study_meta.csv,48977830c893ed1babf334c16a24b52e9f701cc239b1b3b3be747fdf1371e1f1,GSE47353,vaccine,PBMC,https://www.ncbi.nlm.nih.gov/geo/query/acc.cgi?acc=GSE47353,Influenza TIV
yes,https://pmc.ncbi.nlm.nih.gov/articles/PMC9651857/ (Supplementary S1),"[""GSE190001""]","Rinchai, D., Deola, S., Gentilcore, G., et al. GEO. https://identifiers.org/geo/GSE190001 (2022)",HR:GSE190001_PRIME,Pathogen is not influenza in HR metadata.,outside_influenza_challenge_scope,geo_accession;ID;study_ID;tissue;platform;pathogen;title;timepoint;vaccine;vaccine_dose;sex;age;ethnicity;PreviousCOVID19;UnderlyingDisease;turbo_reatment;Medications;side_effect,https://pmc.ncbi.nlm.nih.gov/articles/PMC9651857/ (Supplementary S1),NA,213,40867,23,"10 (2, 11)","1.0, 2.0, 3.0, 4.0, 5.0, 6.0, 7.0, 8.0, 9.0, 10.0, 14.0",Within-study author count; not independent subjects across studies.,SARS-CoV-2,RNA-seq,GPL30296; Illumina Hiseq 4000 (Homo sapiens),yes,Legacy author flag; not proof of current file-level raw availability.,c68349578b97af04d1102eac5ad9f30f85362c53,"Rinchai D, Deola S, Zoppoli G, Kabeer BSA, et al. High-temporal resolution profiling reveals distinct immune trajectories following the first and second doses of COVID-19 mRNA vaccines. Sci Adv. 2022 Nov 11;8(45):eabp9961. PMID: 36367935.",data_dictionary/sources/hr_vilage/study_meta.csv,48977830c893ed1babf334c16a24b52e9f701cc239b1b3b3be747fdf1371e1f1,GSE190001_PRIME,vaccine,whole blood,https://www.ncbi.nlm.nih.gov/geo/query/acc.cgi?acc=GSE190001,Pfizer BioNTech/ Moderna
yes,https://pmc.ncbi.nlm.nih.gov/articles/PMC9651857/ (Supplementary S1),"[""GSE190001""]","Rinchai, D., Deola, S., Gentilcore, G., et al. GEO. https://identifiers.org/geo/GSE190001 (2022)",HR:GSE190001_BOOST,Pathogen is not influenza in HR metadata.,outside_influenza_challenge_scope,geo_accession;ID;study_ID;tissue;platform;pathogen;title;timepoint;vaccine;vaccine_dose;sex;age;ethnicity;PreviousCOVID19;UnderlyingDisease;turbo_reatment;Medications;side_effect,https://pmc.ncbi.nlm.nih.gov/articles/PMC9651857/ (Supplementary S1),NA,226,40867,23,"10 (7, 11)","1.0, 2.0, 3.0, 4.0, 5.0, 6.0, 7.0, 8.0, 9.0, 10.0, 14.0",Within-study author count; not independent subjects across studies.,SARS-CoV-2,RNA-seq,GPL30296; Illumina Hiseq 4000 (Homo sapiens),yes,Legacy author flag; not proof of current file-level raw availability.,c68349578b97af04d1102eac5ad9f30f85362c53,"Rinchai D, Deola S, Zoppoli G, Kabeer BSA, et al. High-temporal resolution profiling reveals distinct immune trajectories following the first and second doses of COVID-19 mRNA vaccines. Sci Adv. 2022 Nov 11;8(45):eabp9961. PMID: 36367935.",data_dictionary/sources/hr_vilage/study_meta.csv,48977830c893ed1babf334c16a24b52e9f701cc239b1b3b3be747fdf1371e1f1,GSE190001_BOOST,vaccine,whole blood,https://www.ncbi.nlm.nih.gov/geo/query/acc.cgi?acc=GSE190001,Pfizer BioNTech/ Moderna
yes,https://doi.org/10.21430/M33MSDRJ55,"[""SDY311""]",ImmPort. https://doi.org/10.21430/M33MSDRJ55 (2017),HR:SDY311,Vaccination does not by itself establish an influenza challenge design.,vaccine_or_other_nonchallenge_context,geo_accession;ID;study_ID;tissue;platform;pathogen;title;timepoint;MFC;responder;vaccine;sex;age;Expsample.Accession;ethnicity;race,https://doi.org/10.21430/M33MSDRJ55,NA,73,20538,63,"1 (1, 2)","0.0, 28.0",Within-study author count; not independent subjects across studies.,influenza,microarray,GPL6947; Illumina HumanHT-12 V3.0 expression beadchip,yes,Legacy author flag; not proof of current file-level raw availability.,c68349578b97af04d1102eac5ad9f30f85362c53,"Furman D, Chang J, Lartigue L, Bolen CR, et al. Expression of specific inflammasome gene modules stratifies older individuals into two extreme clinical and immunological states. Nat Med. 2017 Feb;23(2):174-184. PMID: 28092664; Blazkova J, Gupta S, Liu Y, Gaudilliere B, et al. Multicenter Systems Analysis of Human Blood Reveals Immature Neutrophils in Males and During Pregnancy. J Immunol. 2017 Mar 15;198(6):2479-2488. PMID: 28179497; Alpert A, Pickman Y, Leipold M, Rosenberg-Hasson Y, et al. A clinically meaningful metric of immune age derived from high-dimensional longitudinal monitoring. Nat Med. 2019 Mar;25(3):487-495. PMID: 30842675; Tomic A, Tomic I, Dekker CL, Maecker HT, Davis MM. The FluPRINT dataset, a multidimensional analysis of the influenza vaccine imprint on the immune system. Sci Data. 2019 Oct 21;6(1):214. PMID: 31636302.",data_dictionary/sources/hr_vilage/study_meta.csv,48977830c893ed1babf334c16a24b52e9f701cc239b1b3b3be747fdf1371e1f1,SDY311,vaccine,whole blood,https://www.immport.org/shared/study/SDY311,Influenza TIV
yes,https://doi.org/10.21430/M320H8XYFG,"[""SDY112""]",ImmPort. https://doi.org/10.21430/M320H8XYFG (2017),HR:SDY112,Vaccination does not by itself establish an influenza challenge design.,vaccine_or_other_nonchallenge_context,geo_accession;ID;study_ID;tissue;platform;pathogen;title;timepoint;MFC;responder;vaccine;sex;age;ethnicity;race,https://doi.org/10.21430/M320H8XYFG,NA,89,18549,89,"1 (1, 1)",0,Within-study author count; not independent subjects across studies.,influenza,microarray,GPL6947; Illumina HumanHT-12 V3.0 expression beadchip,yes,Legacy author flag; not proof of current file-level raw availability.,c68349578b97af04d1102eac5ad9f30f85362c53,"Furman D, Chang J, Lartigue L, Bolen CR, et al. Expression of specific inflammasome gene modules stratifies older individuals into two extreme clinical and immunological states. Nat Med. 2017 Feb;23(2):174-184. PMID: 28092664; Blazkova J, Gupta S, Liu Y, Gaudilliere B, et al. Multicenter Systems Analysis of Human Blood Reveals Immature Neutrophils in Males and During Pregnancy. J Immunol. 2017 Mar 15;198(6):2479-2488. PMID: 28179497; Alpert A, Pickman Y, Leipold M, Rosenberg-Hasson Y, et al. A clinically meaningful metric of immune age derived from high-dimensional longitudinal monitoring. Nat Med. 2019 Mar;25(3):487-495. PMID: 30842675; Tomic A, Tomic I, Dekker CL, Maecker HT, Davis MM. The FluPRINT dataset, a multidimensional analysis of the influenza vaccine imprint on the immune system. Sci Data. 2019 Oct 21;6(1):214. PMID: 31636302.",data_dictionary/sources/hr_vilage/study_meta.csv,48977830c893ed1babf334c16a24b52e9f701cc239b1b3b3be747fdf1371e1f1,SDY112,vaccine,whole blood,https://www.immport.org/shared/study/SDY112,Influenza TIV
yes,https://doi.org/10.21430/M3CJT3NCT2,"[""SDY315""]",ImmPort. https://doi.org/10.21430/M3CJT3NCT2 (2017),HR:SDY315,Vaccination does not by itself establish an influenza challenge design.,vaccine_or_other_nonchallenge_context,geo_accession;ID;study_ID;tissue;platform;pathogen;title;timepoint;MFC;responder;vaccine;sex;age;ethnicity;race,https://doi.org/10.21430/M3CJT3NCT2,NA,71,18549,71,"1 (1, 1)",0,Within-study author count; not independent subjects across studies.,influenza,microarray,GPL6947; Illumina HumanHT-12 V3.0 expression beadchip,yes,Legacy author flag; not proof of current file-level raw availability.,c68349578b97af04d1102eac5ad9f30f85362c53,"Furman D, Chang J, Lartigue L, Bolen CR, et al. Expression of specific inflammasome gene modules stratifies older individuals into two extreme clinical and immunological states. Nat Med. 2017 Feb;23(2):174-184. PMID: 28092664; Blazkova J, Gupta S, Liu Y, Gaudilliere B, et al. Multicenter Systems Analysis of Human Blood Reveals Immature Neutrophils in Males and During Pregnancy. J Immunol. 2017 Mar 15;198(6):2479-2488. PMID: 28179497; Alpert A, Pickman Y, Leipold M, Rosenberg-Hasson Y, et al. A clinically meaningful metric of immune age derived from high-dimensional longitudinal monitoring. Nat Med. 2019 Mar;25(3):487-495. PMID: 30842675; Tomic A, Tomic I, Dekker CL, Maecker HT, Davis MM. The FluPRINT dataset, a multidimensional analysis of the influenza vaccine imprint on the immune system. Sci Data. 2019 Oct 21;6(1):214. PMID: 31636302.",data_dictionary/sources/hr_vilage/study_meta.csv,48977830c893ed1babf334c16a24b52e9f701cc239b1b3b3be747fdf1371e1f1,SDY315,vaccine,whole blood,https://www.immport.org/shared/study/SDY315,Influenza TIV
yes,https://pmc.ncbi.nlm.nih.gov/articles/PMC9697051/ (Table S1),"[""GSE207750""]","Gresham, D., Forst, C., Hockman, M., et al. GEO. https://identifiers.org/geo/GSE207750 (2022)",HR:GSE207750,Vaccination does not by itself establish an influenza challenge design.,vaccine_or_other_nonchallenge_context,geo_accession;ID;study_ID;tissue;platform;pathogen;title;MFC;responder;study_group;vaccine;sex;age;race_ethnicity;BMI;Vaccinated.in.prior.3.seasons;Height_cm;Weight_kg;Current.smoker;Prior.smoker;Sleep.apnea,https://pmc.ncbi.nlm.nih.gov/articles/PMC9697051/ (Table S1),NA,271,24655,271,"1 (1, 1)",0,Within-study author count; not independent subjects across studies.,influenza,RNA-seq,GPL24676; llumina NovaSeq 6000 (Homo sapiens),no,Legacy author flag; not proof of current file-level raw availability.,c68349578b97af04d1102eac5ad9f30f85362c53,"Forst CV, Chung M, Hockman M, Lashua L, et al. Vaccination History, Body Mass Index, Age, and Baseline Gene Expression Predict Influenza Vaccination Outcomes. Viruses. 2022 Nov 4;14(11):2446. PMID: 36366544; Hockman M, Matthews J, Carlock MA, Ross TM, et al. Obese individuals exhibit distinct temporal gene expression dynamics in response to influenza vaccination. Microbiol Spectr. 2025 Aug 5;13(8):e0335424. PMID: 40548708.",data_dictionary/sources/hr_vilage/study_meta.csv,48977830c893ed1babf334c16a24b52e9f701cc239b1b3b3be747fdf1371e1f1,GSE207750,vaccine,whole blood,https://www.ncbi.nlm.nih.gov/geo/query/acc.cgi?acc=GSE207750,Influenza TIV
yes,https://pmc.ncbi.nlm.nih.gov/articles/PMC10792461/ (Table S3),"[""GSE246525""]","Odak, I., Riemann, L., Sandrock, I., et al. GEO. https://identifiers.org/geo/GSE246525 (2024)",HR:GSE246525,Pathogen is not influenza in HR metadata.,outside_influenza_challenge_scope,geo_accession;ID;study_ID;tissue;platform;pathogen;title;timepoint;responder_original;vaccine;sex,https://pmc.ncbi.nlm.nih.gov/articles/PMC10792461/ (Table S3),NA,38,29426,10,"4 (3, 4)","0.0, 1.0, 2.0, 14.0",Within-study author count; not independent subjects across studies.,SARS-CoV-2,RNA-seq,GPL28038; DNBSEQ-G400 (Homo sapiens),yes,Legacy author flag; not proof of current file-level raw availability.,c68349578b97af04d1102eac5ad9f30f85362c53,"Odak I, Riemann L, Sandrock I, Cossmann A, et al. Systems biology analysis reveals distinct molecular signatures associated with immune responsiveness to the BNT162b COVID-19 vaccine. EBioMedicine. 2024 Jan;99:104947. PMID: 38160529.",data_dictionary/sources/hr_vilage/study_meta.csv,48977830c893ed1babf334c16a24b52e9f701cc239b1b3b3be747fdf1371e1f1,GSE246525,vaccine,whole blood,https://www.ncbi.nlm.nih.gov/geo/query/acc.cgi?acc=GSE246525,BNT162b2
yes,https://data.mendeley.com/datasets/j7pbc5ytgd/1 (Supplementary Data 2. Antibody.xlsx),"[""GSE201533""]","Lee, H. GEO. https://identifiers.org/geo/GSE201533 (2022)",HR:GSE201533,Pathogen is not influenza in HR metadata.,outside_influenza_challenge_scope,geo_accession;ID;study_ID;tissue;platform;title;timepoint;vaccine_dose;sex;age;BMI,https://data.mendeley.com/datasets/j7pbc5ytgd/1 (Supplementary Data 1. individuals.xlsx),NA,161,24580,43,"3 (2, 6)","0.0, 1.0, 2.0, 3.0, 4.0, 7.0, 8.0, 9.0, 10.0",Within-study author count; not independent subjects across studies.,SARS-CoV-2,RNA-seq,GPL24676; Illumina NovaSeq 6000 (Homo sapiens),yes,Legacy author flag; not proof of current file-level raw availability.,c68349578b97af04d1102eac5ad9f30f85362c53,"Lee HK, Go J, Sung H, Kim SW, et al. Heterologous ChAdOx1-BNT162b2 vaccination in Korean cohort induces robust immune and antibody responses that includes Omicron. iScience. 2022 Jun 17;25(6):104473. PMID: 35637788; Lee HK, Hoechstetter MA, Buchner M, Pham TT, et al. Analysis of immune responses in patients with CLL after heterologous COVID-19 vaccination. Blood Adv. 2023 May 23;7(10):2214-2227. PMID: 36630562; Lee HK, Cho G, Huh JW, Furth PA, et al. Rare germline JAK/STAT variants in a Korean cohort amplify innate immune responses to vaccination. iScience. 2025 Dec 19;28(12):114110. PMID: 41467183.",data_dictionary/sources/hr_vilage/study_meta.csv,48977830c893ed1babf334c16a24b52e9f701cc239b1b3b3be747fdf1371e1f1,GSE201533,vaccine,PBMC,https://www.ncbi.nlm.nih.gov/geo/query/acc.cgi?acc=GSE201533,ChAdOx1/BNT162b2
yes,https://pmc.ncbi.nlm.nih.gov/articles/PMC8947943/ (Table S2),"[""GSE190747""]","Lee, H.K., Knabl, L. GEO. https://identifiers.org/geo/GSE190747 (2022)",HR:GSE190747,Pathogen is not influenza in HR metadata.,outside_influenza_challenge_scope,geo_accession;ID;study_ID;tissue;platform;pathogen;title;timepoint;MFC;responder;vaccine;sex;age;BMI;UnderlyingDisease;side_effect,https://pmc.ncbi.nlm.nih.gov/articles/PMC8947943/ (Table S1),NA,115,24580,30,"3 (2, 5)","0.0, 1.0, 7.0, 10.0, 11.0, 34.0, 35.0, 40.0, 41.0, 48.0",Within-study author count; not independent subjects across studies.,SARS-CoV-2,RNA-seq,GPL24676; Illumina NovaSeq 6000 (Homo sapiens),yes,Legacy author flag; not proof of current file-level raw availability.,c68349578b97af04d1102eac5ad9f30f85362c53,"Lee HK, Knabl L, Moliva JI, Knabl L Sr, et al. mRNA vaccination in octogenarians 15 and 20 months after recovery from COVID-19 elicits robust immune and antibody responses that include Omicron. Cell Rep. 2022 Apr 12;39(2):110680. PMID: 35395191; Lee HK, Knabl L, Walter M, Knabl L Sr, et al. Prior Vaccination Exceeds Prior Infection in Eliciting Innate and Humoral Immune Responses in Omicron Infected Outpatients. Front Immunol. 2022;13:916686. PMID: 35784346; Hennighausen L, Cho G, Lee SG, Caf Y, et al. Impact of rare JAK/STAT germline mutations on vaccination-induced innate immune responses in a Tyrolian population. Int J Biol Sci. 2026;22(2):519-528. PMID: 41522351.",data_dictionary/sources/hr_vilage/study_meta.csv,48977830c893ed1babf334c16a24b52e9f701cc239b1b3b3be747fdf1371e1f1,GSE190747,vaccine,PBMC,https://www.ncbi.nlm.nih.gov/geo/query/acc.cgi?acc=GSE190747,BNT162b2
yes,https://bitbucket.org/lynnlab/covirs/src/master/,"[""GSE199750""]","Ryan, F.J., Lynn, D.J. GEO. https://identifiers.org/geo/GSE199750 (2023)",HR:GSE199750,Pathogen is not influenza in HR metadata.,outside_influenza_challenge_scope,geo_accession;ID;study_ID;tissue;platform;pathogen;title;timepoint_group;MFC;responder;vaccine;sex;age,https://bitbucket.org/lynnlab/covirs/src/master/,NA,260,40952,86,"3 (1, 4)","V0, V1, V2A, V3A",Within-study author count; not independent subjects across studies.,SARS-CoV-2,RNA-seq,GPL28038; DNBSEQ-G400 (Homo sapiens),yes,Legacy author flag; not proof of current file-level raw availability.,c68349578b97af04d1102eac5ad9f30f85362c53,"Ryan FJ, Norton TS, McCafferty C, Blake SJ, et al. A systems immunology study comparing innate and adaptive immune responses in adults to COVID-19 mRNA and adenovirus vectored vaccines. Cell Rep Med. 2023 Mar 21;4(3):100971. PMID: 36871558.",data_dictionary/sources/hr_vilage/study_meta.csv,48977830c893ed1babf334c16a24b52e9f701cc239b1b3b3be747fdf1371e1f1,GSE199750,vaccine,whole blood,https://www.ncbi.nlm.nih.gov/geo/query/acc.cgi?acc=GSE199750,ChAdOx1/BNT162b2
yes,https://pmc.ncbi.nlm.nih.gov/articles/PMC8761119/ (Source Data Fig. 1),"[""GSE169159""]","Scott, M.K., Arunachalam, P.S., Hagan, T. GEO. https://identifiers.org/geo/GSE169159 (2021)",HR:GSE169159,Pathogen is not influenza in HR metadata.,outside_influenza_challenge_scope,geo_accession;ID;study_ID;tissue;platform;title;timepoint;MFC;responder;vaccine;vaccine_dose;sex;age,https://www.ncbi.nlm.nih.gov/geo/query/acc.cgi?acc=GSE169159,NA,185,23625,32,"6 (4, 7)","0.0, 1.0, 2.0, 7.0, 21.0, 22.0, 23.0, 28.0",Within-study author count; not independent subjects across studies.,SARS-CoV-2,RNA-seq,GPL15520; Illumina MiSeq (Homo sapiens),yes,Legacy author flag; not proof of current file-level raw availability.,c68349578b97af04d1102eac5ad9f30f85362c53,"Arunachalam PS, Scott MKD, Hagan T, Li C, et al. Systems vaccinology of the BNT162b2 mRNA vaccine in humans. Nature. 2021 Aug;596(7872):410-416. PMID: 34252919.",data_dictionary/sources/hr_vilage/study_meta.csv,48977830c893ed1babf334c16a24b52e9f701cc239b1b3b3be747fdf1371e1f1,GSE169159,vaccine,whole blood,https://www.ncbi.nlm.nih.gov/geo/query/acc.cgi?acc=GSE169159,BNT162b2
yes,https://www.ncbi.nlm.nih.gov/geo/query/acc.cgi?acc=GSE29614,"[""GSE29614""]","Nakaya, H.I., Pulendran, B. GEO. https://identifiers.org/geo/GSE29614 (2011)",HR:GSE29614,Vaccination does not by itself establish an influenza challenge design.,vaccine_or_other_nonchallenge_context,geo_accession;ID;study_ID;tissue;platform;pathogen;title;timepoint;MFC;responder;vaccine,https://www.ncbi.nlm.nih.gov/geo/query/acc.cgi?acc=GSE29614,NA,27,19498,9,"3 (3, 3)","0.0, 3.0, 7.0",Within-study author count; not independent subjects across studies.,influenza,microarray,GPL570; [HG-U133_Plus_2] Affymetrix Human Genome U133 Plus 2.0 Array,yes,Legacy author flag; not proof of current file-level raw availability.,c68349578b97af04d1102eac5ad9f30f85362c53,"Nakaya HI, Wrammert J, Lee EK, Racioppi L, et al. Systems biology of vaccination for seasonal influenza in humans. Nat Immunol. 2011 Jul 10;12(8):786-95. PMID: 21743478.",data_dictionary/sources/hr_vilage/study_meta.csv,48977830c893ed1babf334c16a24b52e9f701cc239b1b3b3be747fdf1371e1f1,GSE29614,vaccine,PBMC,https://www.ncbi.nlm.nih.gov/geo/query/acc.cgi?acc=GSE29614,Influenza TIV
yes,https://www.ncbi.nlm.nih.gov/geo/query/acc.cgi?acc=GSE29615,"[""GSE29615""]","Nakaya, H.I., Pulendran, B. GEO. https://identifiers.org/geo/GSE29615 (2011)",HR:GSE29615,Vaccination does not by itself establish an influenza challenge design.,vaccine_or_other_nonchallenge_context,geo_accession;ID;study_ID;tissue;platform;pathogen;title;timepoint;MFC;responder;vaccine,https://www.ncbi.nlm.nih.gov/geo/query/acc.cgi?acc=GSE29615,NA,83,18319,28,"3 (2, 3)","0.0, 3.0, 7.0",Within-study author count; not independent subjects across studies.,influenza,microarray,GPL570; [HG-U133_Plus_2] Affymetrix Human Genome U133 Plus 2.0 Array,yes,Legacy author flag; not proof of current file-level raw availability.,c68349578b97af04d1102eac5ad9f30f85362c53,"Nakaya HI, Wrammert J, Lee EK, Racioppi L, et al. Systems biology of vaccination for seasonal influenza in humans. Nat Immunol. 2011 Jul 10;12(8):786-95. PMID: 21743478.",data_dictionary/sources/hr_vilage/study_meta.csv,48977830c893ed1babf334c16a24b52e9f701cc239b1b3b3be747fdf1371e1f1,GSE29615,vaccine,PBMC,https://www.ncbi.nlm.nih.gov/geo/query/acc.cgi?acc=GSE29615,Influenza LAIV
yes,https://www.ncbi.nlm.nih.gov/geo/query/acc.cgi?acc=GSE29617,"[""GSE29617""]","Nakaya, H.I., Pulendran, B. GEO. https://identifiers.org/geo/GSE29617 (2011)",HR:GSE29617,Vaccination does not by itself establish an influenza challenge design.,vaccine_or_other_nonchallenge_context,geo_accession;ID;study_ID;tissue;platform;pathogen;title;timepoint;MFC;responder;vaccine,https://www.ncbi.nlm.nih.gov/geo/query/acc.cgi?acc=GSE29617,NA,80,18319,28,"3 (2, 3)","0.0, 3.0, 7.0",Within-study author count; not independent subjects across studies.,influenza,microarray,GPL570; [HG-U133_Plus_2] Affymetrix Human Genome U133 Plus 2.0 Array,yes,Legacy author flag; not proof of current file-level raw availability.,c68349578b97af04d1102eac5ad9f30f85362c53,"Nakaya HI, Wrammert J, Lee EK, Racioppi L, et al. Systems biology of vaccination for seasonal influenza in humans. Nat Immunol. 2011 Jul 10;12(8):786-95. PMID: 21743478.",data_dictionary/sources/hr_vilage/study_meta.csv,48977830c893ed1babf334c16a24b52e9f701cc239b1b3b3be747fdf1371e1f1,GSE29617,vaccine,PBMC,https://www.ncbi.nlm.nih.gov/geo/query/acc.cgi?acc=GSE29617,Influenza TIV
yes,https://www.immport.org/shared/study/SDY180,"[""GSE48762""]",GEO. https://identifiers.org/geo/GSE48762 (2013),HR:GSE48762,Vaccination does not by itself establish an influenza challenge design.,vaccine_or_other_nonchallenge_context,geo_accession;ID;study_ID;tissue;pathogen;title;timepoint;MFC;responder;vaccine;sex;age;immport_expsamp_acc;ethnicity;race,https://www.ncbi.nlm.nih.gov/geo/query/acc.cgi?acc=GSE48762,NA,621,18771,34,"12 (3, 22)","-168.0, -7.0, 0.0, 0.5, 1.0, 1.5, 3.0, 6.0, 7.0, 9.0, 10.0, 12.0, 14.0, 15.0, 21.0, 24.0, 28.0, 36.0, 48.0",Within-study author count; not independent subjects across studies.,influenza/pneumococcal,microarray,GPL6947; Illumina HumanHT-12 V3.0 expression beadchip,yes,Legacy author flag; not proof of current file-level raw availability.,c68349578b97af04d1102eac5ad9f30f85362c53,"Obermoser G, Presnell S, Domico K, Xu H, et al. Systems scale interactive exploration reveals quantitative and qualitative differences in response to influenza and pneumococcal vaccines. Immunity. 2013 Apr 18;38(4):831-44. PMID: 23601689.",data_dictionary/sources/hr_vilage/study_meta.csv,48977830c893ed1babf334c16a24b52e9f701cc239b1b3b3be747fdf1371e1f1,GSE48762,vaccine,whole blood,https://www.ncbi.nlm.nih.gov/geo/query/acc.cgi?acc=GSE48762,Influenza TIV/Saline/Pneumovax
yes,https://pmc.ncbi.nlm.nih.gov/articles/PMC3728595/ (Supplementary Information),"[""GSE45735""]","Welle, S.L., Henn, A.D., Zand, M.S. GEO. https://identifiers.org/geo/GSE45735 (2013)",HR:GSE45735,Vaccination does not by itself establish an influenza challenge design.,vaccine_or_other_nonchallenge_context,geo_accession;ID;study_ID;tissue;platform;pathogen;title;timepoint;MFC;responder;vaccine;sex;age;ethnicity;race,https://pmc.ncbi.nlm.nih.gov/articles/PMC3728595/ (Supplementary Information),NA,54,24655,5,"11 (10, 11)","0.0, 1.0, 2.0, 3.0, 4.0, 5.0, 6.0, 7.0, 8.0, 9.0, 10.0",Within-study author count; not independent subjects across studies.,influenza,RNA-seq,GPL10999; Illumina Genome Analyzer IIx (Homo sapiens),yes,Legacy author flag; not proof of current file-level raw availability.,c68349578b97af04d1102eac5ad9f30f85362c53,"Henn AD, Wu S, Qiu X, Ruda M, et al. High-resolution temporal response patterns to influenza vaccine reveal a distinct human plasma cell gene signature. Sci Rep. 2013;3:2327. PMID: 23900141.",data_dictionary/sources/hr_vilage/study_meta.csv,48977830c893ed1babf334c16a24b52e9f701cc239b1b3b3be747fdf1371e1f1,GSE45735,vaccine,PBMC,https://www.ncbi.nlm.nih.gov/geo/query/acc.cgi?acc=GSE45735,Influenza TIV
yes,https://pmc.ncbi.nlm.nih.gov/articles/PMC9906673/ (Supplementary data),"[""GSE201642""]","Lee, H. GEO. https://identifiers.org/geo/GSE201642 (2022)",HR:GSE201642,Pathogen is not influenza in HR metadata.,outside_influenza_challenge_scope,geo_accession;ID;study_ID;tissue;platform;pathogen;title;timepoint;study_group;vaccine;sex;age;UnderlyingDisease,https://www.ncbi.nlm.nih.gov/geo/query/acc.cgi?acc=GSE201642,NA,48,24580,15,"3 (2, 4)","0.0, 1.0, 2.0, 7.0, 8.0, 26.0, 28.0, 30.0, 31.0, 33.0, 34.0, 35.0",Within-study author count; not independent subjects across studies.,SARS-CoV-2,RNA-seq,GPL24676; Illumina NovaSeq 6000 (Homo sapiens),yes,Legacy author flag; not proof of current file-level raw availability.,c68349578b97af04d1102eac5ad9f30f85362c53,"Lee HK, Hoechstetter MA, Buchner M, Pham TT, et al. Analysis of immune responses in patients with CLL after heterologous COVID-19 vaccination. Blood Adv. 2023 May 23;7(10):2214-2227. PMID: 36630562.",data_dictionary/sources/hr_vilage/study_meta.csv,48977830c893ed1babf334c16a24b52e9f701cc239b1b3b3be747fdf1371e1f1,GSE201642,vaccine,PBMC,https://www.ncbi.nlm.nih.gov/geo/query/acc.cgi?acc=GSE201642,ChAdOx1/BNT162b2
yes,https://pmc.ncbi.nlm.nih.gov/articles/PMC10972586/ (Supporting Data Values),"[""GSE250023""]",GEO. https://identifiers.org/geo/GSE250023 (2024),HR:GSE250023,Pathogen is not influenza in HR metadata.,outside_influenza_challenge_scope,geo_accession;ID;study_ID;tissue;platform;pathogen;title;timepoint;responder_original;vaccine;sex;UnderlyingDisease,https://pmc.ncbi.nlm.nih.gov/articles/PMC10972586/ (Table S1),NA,75,37624,18,"4 (3, 5)","0.0, 1.5, 7.0, 23.0, 28.0",Within-study author count; not independent subjects across studies.,SARS-CoV-2,RNA-seq,GPL28038; DNBSEQ-G400 (Homo sapiens),yes,Legacy author flag; not proof of current file-level raw availability.,c68349578b97af04d1102eac5ad9f30f85362c53,"Sarin KY, Zheng H, Chaichian Y, Arunachalam PS, et al. Impaired innate and adaptive immune responses to BNT162b2 SARS-CoV-2 vaccination in systemic lupus erythematosus. JCI Insight. 2024 Mar 8;9(5):e176556. PMID: 38456511.",data_dictionary/sources/hr_vilage/study_meta.csv,48977830c893ed1babf334c16a24b52e9f701cc239b1b3b3be747fdf1371e1f1,GSE250023,vaccine,whole blood,https://www.ncbi.nlm.nih.gov/geo/query/acc.cgi?acc=GSE250023,BNT162b2
yes,https://media.springernature.com/original/springer-static/esm/art%3A10.1038%2Fs41586-024-07575-x/MediaObjects/41586_2024_7575_MOESM4_ESM.xlsx,[],"Lindeboom, R.G.H., Worlock, K.B., Dratva, L.M. et al. Human SARS-CoV-2 challenge uncovers local and systemic response dynamics. Nature 631, 189–198 (2024). https://doi.org/10.1038/s41586-024-07575-x",HR:challenge_covid19,Pathogen is not influenza in HR metadata.,outside_influenza_challenge_scope,List in the h5ad obs,https://www.covid19cellatlas.org/index.patient.html,606074,144,NA,16,NA,NA,Within-study author count; not independent subjects across studies.,SARS-CoV-2,scRNA-seq,Illumina NovaSeq 6000 (Homo sapiens),no,Legacy author flag; not proof of current file-level raw availability.,c68349578b97af04d1102eac5ad9f30f85362c53,"Lindeboom, R.G.H., Worlock, K.B., Dratva, L.M. et al. Human SARS-CoV-2 challenge uncovers local and systemic response dynamics. Nature 631, 189–198 (2024). https://doi.org/10.1038/s41586-024-07575-x",data_dictionary/sources/hr_vilage/study_meta.csv,48977830c893ed1babf334c16a24b52e9f701cc239b1b3b3be747fdf1371e1f1,challenge_covid19,inoculation,PBMC,https://www.covid19cellatlas.org/index.patient.html,
yes,https://pmc.ncbi.nlm.nih.gov/articles/instance/10792461/bin/mmc13.xlsx,"[""GSE246937""]","Odak, I., Riemann, L., Sandrock, I., et al. GEO. https://identifiers.org/geo/GSE246937 (2024)",HR:GSE246937,Pathogen is not influenza in HR metadata.,outside_influenza_challenge_scope,List in the h5ad obs,https://www.ncbi.nlm.nih.gov/geo/query/acc.cgi?acc=GSE246937,49829,25,NA,10,NA,NA,Within-study author count; not independent subjects across studies.,SARS-CoV-2,scRNA-seq,GPL21697; NextSeq 550 (Homo sapiens),no,Legacy author flag; not proof of current file-level raw availability.,c68349578b97af04d1102eac5ad9f30f85362c53,"Odak, I., Riemann, L., Sandrock, I., Cossmann, A., Ramos, G. M., Hammerschmidt, S. I., ... & Förster, R. (2024). Systems biology analysis reveals distinct molecular signatures associated with immune responsiveness to the BNT162b COVID-19 vaccine. EBioMedicine, 99.",data_dictionary/sources/hr_vilage/study_meta.csv,48977830c893ed1babf334c16a24b52e9f701cc239b1b3b3be747fdf1371e1f1,GSE246937,vaccine,whole blood,https://www.ncbi.nlm.nih.gov/geo/query/acc.cgi?acc=GSE246937,BNT162b
no,https://pmc.ncbi.nlm.nih.gov/articles/PMC11222146/ (Supplementary Information),"[""E-MTAB-12993""]","Rosenheim, J., Noursadeghi, M. ArrayExpress. https://identifiers.org/arrayexpress:E-MTAB-12993 (2024)",HR:E_MTAB_12993_nose,Pathogen is not influenza in HR metadata.,outside_influenza_challenge_scope,geo_accession;ID;study_ID;tissue;platform;pathogen;title;timepoint;infection_group;symptom_group;study_group;sex;age,https://pmc.ncbi.nlm.nih.gov/articles/PMC11222146/ (Supplementary Information),NA,96,28848,19,"5 (1, 7)","-1.0, 1.0, 3.0, 5.0, 7.0, 10.0, 14.0",Within-study author count; not independent subjects across studies.,SARS-CoV-2,RNA-seq,GPL24676; Illumina NovaSeq 6000 (Homo sapiens),no,Legacy author flag; not proof of current file-level raw availability.,c68349578b97af04d1102eac5ad9f30f85362c53,"Lindeboom RGH, Worlock KB, Dratva LM, Yoshida M, et al. Human SARS-CoV-2 challenge uncovers local and systemic response dynamics. Nature. 2024 Jul 4;631(8019):189-198. PMID: 38898278.",data_dictionary/sources/hr_vilage/study_meta.csv,48977830c893ed1babf334c16a24b52e9f701cc239b1b3b3be747fdf1371e1f1,E_MTAB_12993_nose,inoculation,nasal swab,https://www.ebi.ac.uk/biostudies/arrayexpress/studies/E-MTAB-12993,
no,https://pmc.ncbi.nlm.nih.gov/articles/PMC11222146/ (Supplementary Information),"[""E-MTAB-12993""]","Rosenheim, J., Noursadeghi, M. ArrayExpress. https://identifiers.org/arrayexpress:E-MTAB-12993 (2024)",HR:E_MTAB_12993_blood,Pathogen is not influenza in HR metadata.,outside_influenza_challenge_scope,geo_accession;ID;study_ID;tissue;platform;pathogen;title;timepoint;infection_group;symptom_group;study_group;sex;age,https://pmc.ncbi.nlm.nih.gov/articles/PMC11222146/ (Supplementary Information),NA,374,28848,35,"11 (7, 11)","0.0, 0.25, 1.0, 2.0, 3.0, 4.0, 5.0, 7.0, 10.0, 13.0, 14.0, 28.0",Within-study author count; not independent subjects across studies.,SARS-CoV-2,RNA-seq,GPL24676; Illumina NovaSeq 6000 (Homo sapiens),no,Legacy author flag; not proof of current file-level raw availability.,c68349578b97af04d1102eac5ad9f30f85362c53,"Lindeboom RGH, Worlock KB, Dratva LM, Yoshida M, et al. Human SARS-CoV-2 challenge uncovers local and systemic response dynamics. Nature. 2024 Jul 4;631(8019):189-198. PMID: 38898278.",data_dictionary/sources/hr_vilage/study_meta.csv,48977830c893ed1babf334c16a24b52e9f701cc239b1b3b3be747fdf1371e1f1,E_MTAB_12993_blood,inoculation,whole blood,https://www.ebi.ac.uk/biostudies/arrayexpress/studies/E-MTAB-12993,
no,Not applicable,"[""GSE11348""]","Proud, D., Turner, R.B., Winther, B., et al. GEO. https://identifiers.org/geo/GSE11348 (2008)",HR:GSE11348,Pathogen is not influenza in HR metadata.,outside_influenza_challenge_scope,geo_accession;ID;study_ID;tissue;platform;pathogen;title;timepoint;infection_group;symptom_group;study_group;sex;age;sham,https://www.ncbi.nlm.nih.gov/geo/query/acc.cgi?acc=GSE11348,NA,93,18751,31,"3 (3, 3)","0.0, 0.333333333, 2.0",Within-study author count; not independent subjects across studies.,HRV,microarray,GPL570; [HG-U133_Plus_2] Affymetrix Human Genome U133 Plus 2.0 Array,yes,Legacy author flag; not proof of current file-level raw availability.,c68349578b97af04d1102eac5ad9f30f85362c53,"Proud D, Turner RB, Winther B, Wiehler S, et al. Gene expression profiles during in vivo human rhinovirus infection: insights into the host response. Am J Respir Crit Care Med. 2008 Nov 1;178(9):962-8. PMID: 18658112.",data_dictionary/sources/hr_vilage/study_meta.csv,48977830c893ed1babf334c16a24b52e9f701cc239b1b3b3be747fdf1371e1f1,GSE11348,inoculation,nasal swab,https://www.ncbi.nlm.nih.gov/geo/query/acc.cgi?acc=GSE11348,
no,Not applicable,"[""GSE61754""]","Davenport, E.E., Antrobus, R.D., Lillie, P.J., et al. GEO. https://identifiers.org/geo/GSE61754 (2014)",HR:GSE61754,Restrict to the named influenza subset; original repository may contain other viruses.,source_verified_influenza_challenge_subset,geo_accession;ID;study_ID;tissue;platform;pathogen;title;timepoint;infection_group;symptom_group;symptom_group_original;study_group;seroconversion;viral_shedding,https://www.ncbi.nlm.nih.gov/geo/query/acc.cgi?acc=GSE61754,NA,88,20120,22,"4 (4, 4)","0.0, 0.5, 1.0, 2.0",Within-study author count; not independent subjects across studies.,H3N2,microarray,GPL10558; llumina HumanHT-12 V4.0 expression beadchip,yes,Legacy author flag; not proof of current file-level raw availability.,c68349578b97af04d1102eac5ad9f30f85362c53,"Davenport EE, Antrobus RD, Lillie PJ, Gilbert S, et al. Transcriptomic profiling facilitates classification of response to influenza challenge. J Mol Med (Berl). 2015 Jan;93(1):105-14. PMID: 25345603.",data_dictionary/sources/hr_vilage/study_meta.csv,48977830c893ed1babf334c16a24b52e9f701cc239b1b3b3be747fdf1371e1f1,GSE61754,inoculation,whole blood,https://www.ncbi.nlm.nih.gov/geo/query/acc.cgi?acc=GSE61754,
no,Not applicable,"[""GSE90732""]","Muller, J., Parizotto, E., Antrobus, R., et al. GEO. https://identifiers.org/geo/GSE90732 (2017)",HR:GSE90732,Restrict to the named influenza subset; original repository may contain other viruses.,source_verified_influenza_challenge_subset,geo_accession;ID;study_ID;tissue;platform;pathogen;title;timepoint;infection_group;symptom_group;Total_DSS;study_group;sex;age,https://pmc.ncbi.nlm.nih.gov/articles/PMC5465537/ (Table S1),NA,108,20523,21,"5 (5, 6)","0.0, 1.0, 2.0, 3.0, 4.0",Within-study author count; not independent subjects across studies.,H1N1,microarray,GPL10558; llumina HumanHT-12 V4.0 expression beadchip,yes,Legacy author flag; not proof of current file-level raw availability.,c68349578b97af04d1102eac5ad9f30f85362c53,"Muller J, Parizotto E, Antrobus R, Francis J, et al. Development of an objective gene expression panel as an alternative to self-reported symptom scores in human influenza challenge trials. J Transl Med. 2017 Jun 8;15(1):134. PMID: 28595644.",data_dictionary/sources/hr_vilage/study_meta.csv,48977830c893ed1babf334c16a24b52e9f701cc239b1b3b3be747fdf1371e1f1,GSE90732,inoculation,whole blood,https://www.ncbi.nlm.nih.gov/geo/query/acc.cgi?acc=GSE90732,
no,Not applicable,"[""GSE155237""]","Christopher, C. GEO. https://identifiers.org/geo/GSE155237 (2020)",HR:GSE155237,Pathogen is not influenza in HR metadata.,outside_influenza_challenge_scope,geo_accession;ID;study_ID;tissue;platform;pathogen;batch;title;timepoint;infection_group;symptom_group,https://www.ncbi.nlm.nih.gov/geo/query/acc.cgi?acc=GSE155237,NA,78,40128,40,"2 (1, 2)","0.0, 3.0",Within-study author count; not independent subjects across studies.,RSV,RNA-seq,GPL16791; Illumina HiSeq 2500 (Homo sapiens),yes,Legacy author flag; not proof of current file-level raw availability.,c68349578b97af04d1102eac5ad9f30f85362c53,"Habibi MS, Thwaites RS, Chang M, Jozwik A, et al. Neutrophilic inflammation in the respiratory mucosa predisposes to RSV infection. Science. 2020 Oct 9;370(6513):eaba9301. PMID: 33033192.",data_dictionary/sources/hr_vilage/study_meta.csv,48977830c893ed1babf334c16a24b52e9f701cc239b1b3b3be747fdf1371e1f1,GSE155237,inoculation,nasal swab,https://www.ncbi.nlm.nih.gov/geo/query/acc.cgi?acc=GSE155237,
no,Not applicable,"[""GSE73072""]","Ginsburg, G.S., Hero, A.O. GEO. https://identifiers.org/geo/GSE73072 (2016)",HR:GSE73072_H1N1_DEE4,Restrict to the named influenza subset; original repository may contain other viruses.,source_verified_influenza_challenge_subset,geo_accession;ID;study_ID;tissue;platform;pathogen;title;timepoint;infection_group;symptom_group,https://docs.google.com/spreadsheets/d/0B2vLBS4X1c1ENzZpT216eGY1RjQ/edit?usp=sharing,NA,386,12313,19,"21 (15, 21)","-0.875, 0.0, 0.208333333, 0.5, 0.916666667, 1.208333333, 1.5, 1.916666667, 2.208333333, 2.5, 2.916666667, 3.208333333, 3.5, 3.916666667, 4.208333333, 4.5, 4.916666667, 5.208333333, 5.5, 5.916666667, 6.916666667",Within-study author count; not independent subjects across studies.,H1N1,microarray,"GPL14604; Affymetrix GeneChip Human Genome U133A 2.0 Array [CDF: Brainarray Version 10, Hs133Av2_Hs_ENTREZG]",yes,Legacy author flag; not proof of current file-level raw availability.,c68349578b97af04d1102eac5ad9f30f85362c53,"Liu TY, Burke T, Park LP, Woods CW, et al. An individualized predictor of health and disease using paired reference and target samples. BMC Bioinformatics. 2016 Jan 22;17:47. PMID: 26801061.",data_dictionary/sources/hr_vilage/study_meta.csv,48977830c893ed1babf334c16a24b52e9f701cc239b1b3b3be747fdf1371e1f1,GSE73072_H1N1_DEE4,inoculation,whole blood,https://www.ncbi.nlm.nih.gov/geo/query/acc.cgi?acc=GSE73072,
no,Not applicable,"[""GSE73072""]","Ginsburg, G.S., Hero, A.O. GEO. https://identifiers.org/geo/GSE73072 (2016)",HR:GSE73072_H1N1_DEE3,Restrict to the named influenza subset; original repository may contain other viruses.,source_verified_influenza_challenge_subset,geo_accession;ID;study_ID;tissue;platform;pathogen;title;timepoint;infection_group;symptom_group,https://docs.google.com/spreadsheets/d/0B2vLBS4X1c1ENzZpT216eGY1RjQ/edit?usp=sharing,NA,477,12313,24,"20 (19, 20)","-0.875, 0.0, 0.208333333, 0.5, 0.875, 1.208333333, 1.5, 1.875, 2.208333333, 2.5, 2.875, 3.208333333, 3.5, 3.875, 4.208333333, 4.5, 4.916666667, 5.208333333, 5.916666667, 6.916666667",Within-study author count; not independent subjects across studies.,H1N1,microarray,"GPL14604; Affymetrix GeneChip Human Genome U133A 2.0 Array [CDF: Brainarray Version 10, Hs133Av2_Hs_ENTREZG]",yes,Legacy author flag; not proof of current file-level raw availability.,c68349578b97af04d1102eac5ad9f30f85362c53,"Liu TY, Burke T, Park LP, Woods CW, et al. An individualized predictor of health and disease using paired reference and target samples. BMC Bioinformatics. 2016 Jan 22;17:47. PMID: 26801061.",data_dictionary/sources/hr_vilage/study_meta.csv,48977830c893ed1babf334c16a24b52e9f701cc239b1b3b3be747fdf1371e1f1,GSE73072_H1N1_DEE3,inoculation,whole blood,https://www.ncbi.nlm.nih.gov/geo/query/acc.cgi?acc=GSE73072,
no,Not applicable,"[""GSE73072""]","Ginsburg, G.S., Hero, A.O. GEO. https://identifiers.org/geo/GSE73072 (2016)",HR:GSE73072_H3N2_DEE2,Restrict to the named influenza subset; original repository may contain other viruses.,source_verified_influenza_challenge_subset,geo_accession;ID;study_ID;tissue;platform;pathogen;title;timepoint;infection_group;symptom_group,https://docs.google.com/spreadsheets/d/0B2vLBS4X1c1ENzZpT216eGY1RjQ/edit?usp=sharing,NA,355,12313,17,"21 (20, 21)","-0.958333333, 0.0, 0.208333333, 0.5, 0.916666667, 1.208333333, 1.5, 1.916666667, 2.208333333, 2.5, 2.916666667, 3.208333333, 3.5, 3.916666667, 4.208333333, 4.5, 4.916666667, 5.208333333, 5.5, 5.916666667, 6.916666667",Within-study author count; not independent subjects across studies.,H3N2,microarray,"GPL14604; Affymetrix GeneChip Human Genome U133A 2.0 Array [CDF: Brainarray Version 10, Hs133Av2_Hs_ENTREZG]",yes,Legacy author flag; not proof of current file-level raw availability.,c68349578b97af04d1102eac5ad9f30f85362c53,"Liu TY, Burke T, Park LP, Woods CW, et al. An individualized predictor of health and disease using paired reference and target samples. BMC Bioinformatics. 2016 Jan 22;17:47. PMID: 26801061.",data_dictionary/sources/hr_vilage/study_meta.csv,48977830c893ed1babf334c16a24b52e9f701cc239b1b3b3be747fdf1371e1f1,GSE73072_H3N2_DEE2,inoculation,whole blood,https://www.ncbi.nlm.nih.gov/geo/query/acc.cgi?acc=GSE73072,
no,Not applicable,"[""GSE73072""]","Ginsburg, G.S., Hero, A.O. GEO. https://identifiers.org/geo/GSE73072 (2016)",HR:GSE73072_H3N2_DEE5,Restrict to the named influenza subset; original repository may contain other viruses.,source_verified_influenza_challenge_subset,geo_accession;ID;study_ID;tissue;platform;pathogen;title;timepoint;infection_group;symptom_group,https://docs.google.com/spreadsheets/d/0B2vLBS4X1c1ENzZpT216eGY1RjQ/edit?usp=sharing,NA,482,12313,21,"23 (22, 23)","-1.25, 0.083333333, 0.416666667, 0.75, 1.083333333, 1.416666667, 1.75, 2.083333333, 2.416666667, 2.75, 3.083333333, 3.416666667, 3.75, 4.083333333, 4.416666667, 4.75, 5.083333333, 5.416666667, 5.75, 6.083333333, 6.75, 7.083333333, 28.33333333",Within-study author count; not independent subjects across studies.,H3N2,microarray,"GPL14604; Affymetrix GeneChip Human Genome U133A 2.0 Array [CDF: Brainarray Version 10, Hs133Av2_Hs_ENTREZG]",yes,Legacy author flag; not proof of current file-level raw availability.,c68349578b97af04d1102eac5ad9f30f85362c53,"Liu TY, Burke T, Park LP, Woods CW, et al. An individualized predictor of health and disease using paired reference and target samples. BMC Bioinformatics. 2016 Jan 22;17:47. PMID: 26801061.",data_dictionary/sources/hr_vilage/study_meta.csv,48977830c893ed1babf334c16a24b52e9f701cc239b1b3b3be747fdf1371e1f1,GSE73072_H3N2_DEE5,inoculation,whole blood,https://www.ncbi.nlm.nih.gov/geo/query/acc.cgi?acc=GSE73072,
no,Not applicable,"[""GSE73072""]","Ginsburg, G.S., Hero, A.O. GEO. https://identifiers.org/geo/GSE73072 (2016)",HR:GSE73072_HRV_DUKE,Pathogen is not influenza in HR metadata.,outside_influenza_challenge_scope,geo_accession;ID;study_ID;tissue;platform;pathogen;title;timepoint;infection_group;symptom_group;sham,https://docs.google.com/spreadsheets/d/0B2vLBS4X1c1ENzZpT216eGY1RjQ/edit?usp=sharing,NA,471,12313,27,"19 (12, 19)","-0.458333333, 0.0, 0.166666667, 0.333333333, 0.5, 0.666666667, 0.833333333, 1.0, 1.25, 1.5, 1.75, 2.0, 2.5, 3.0, 3.5, 4.0, 4.5, 5.0, 5.666666667",Within-study author count; not independent subjects across studies.,HRV,microarray,"GPL14604; Affymetrix GeneChip Human Genome U133A 2.0 Array [CDF: Brainarray Version 10, Hs133Av2_Hs_ENTREZG]",yes,Legacy author flag; not proof of current file-level raw availability.,c68349578b97af04d1102eac5ad9f30f85362c53,"Liu TY, Burke T, Park LP, Woods CW, et al. An individualized predictor of health and disease using paired reference and target samples. BMC Bioinformatics. 2016 Jan 22;17:47. PMID: 26801061.",data_dictionary/sources/hr_vilage/study_meta.csv,48977830c893ed1babf334c16a24b52e9f701cc239b1b3b3be747fdf1371e1f1,GSE73072_HRV_DUKE,inoculation,whole blood,https://www.ncbi.nlm.nih.gov/geo/query/acc.cgi?acc=GSE73072,
no,Not applicable,"[""GSE73072""]","Ginsburg, G.S., Hero, A.O. GEO. https://identifiers.org/geo/GSE73072 (2016)",HR:GSE73072_HRV_UVA,Pathogen is not influenza in HR metadata.,outside_influenza_challenge_scope,geo_accession;ID;study_ID;tissue;platform;pathogen;title;timepoint;infection_group;symptom_group,https://docs.google.com/spreadsheets/d/0B2vLBS4X1c1ENzZpT216eGY1RjQ/edit?usp=sharing,NA,295,12313,20,"15 (13, 15)","-0.458333333, 0.0, 0.166666667, 0.333333333, 0.5, 0.666666667, 0.833333333, 1.0, 1.25, 1.5, 1.75, 2.0, 3.0, 4.0, 5.0",Within-study author count; not independent subjects across studies.,HRV,microarray,"GPL14604; Affymetrix GeneChip Human Genome U133A 2.0 Array [CDF: Brainarray Version 10, Hs133Av2_Hs_ENTREZG]",yes,Legacy author flag; not proof of current file-level raw availability.,c68349578b97af04d1102eac5ad9f30f85362c53,"Liu TY, Burke T, Park LP, Woods CW, et al. An individualized predictor of health and disease using paired reference and target samples. BMC Bioinformatics. 2016 Jan 22;17:47. PMID: 26801061.",data_dictionary/sources/hr_vilage/study_meta.csv,48977830c893ed1babf334c16a24b52e9f701cc239b1b3b3be747fdf1371e1f1,GSE73072_HRV_UVA,inoculation,whole blood,https://www.ncbi.nlm.nih.gov/geo/query/acc.cgi?acc=GSE73072,
no,Not applicable,"[""GSE73072""]","Ginsburg, G.S., Hero, A.O. GEO. https://identifiers.org/geo/GSE73072 (2016)",HR:GSE73072_RSV_DEE1,Pathogen is not influenza in HR metadata.,outside_influenza_challenge_scope,geo_accession;ID;study_ID;tissue;platform;pathogen;title;timepoint;infection_group;symptom_group,https://docs.google.com/spreadsheets/d/0B2vLBS4X1c1ENzZpT216eGY1RjQ/edit?usp=sharing,NA,420,12313,20,"21 (21, 21)","-1.583333333, 0.0, 0.208333333, 0.5, 0.916666667, 1.208333333, 1.5, 1.916666667, 2.208333333, 2.5, 2.916666667, 3.208333333, 3.5, 3.916666667, 4.208333333, 4.5, 4.916666667, 5.208333333, 5.5, 5.916666667, 6.916666667",Within-study author count; not independent subjects across studies.,RSV,microarray,"GPL14604; Affymetrix GeneChip Human Genome U133A 2.0 Array [CDF: Brainarray Version 10, Hs133Av2_Hs_ENTREZG]",yes,Legacy author flag; not proof of current file-level raw availability.,c68349578b97af04d1102eac5ad9f30f85362c53,"Liu TY, Burke T, Park LP, Woods CW, et al. An individualized predictor of health and disease using paired reference and target samples. BMC Bioinformatics. 2016 Jan 22;17:47. PMID: 26801061.",data_dictionary/sources/hr_vilage/study_meta.csv,48977830c893ed1babf334c16a24b52e9f701cc239b1b3b3be747fdf1371e1f1,GSE73072_RSV_DEE1,inoculation,whole blood,https://www.ncbi.nlm.nih.gov/geo/query/acc.cgi?acc=GSE73072,
no,Not applicable,"[""GSE117580""]","Jochems, S., Marcon, F. GEO. https://identifiers.org/geo/GSE117580 (2018)",HR:GSE117580,Pneumococcal challenge after LAIV or inactivated influenza vaccination; not wild-type influenza challenge.,adjacent_excluded,geo_accession;ID;study_ID;tissue;platform;pathogen;title;timepoint;vaccine,https://www.ncbi.nlm.nih.gov/geo/query/acc.cgi?acc=GSE117580,NA,96,24655,35,"3 (2, 3)","-4.0, 2.0, 9.0",Within-study author count; not independent subjects across studies.,influenza,RNA-seq,GPL20301; Illumina HiSeq 4000 (Homo sapiens),yes,Legacy author flag; not proof of current file-level raw availability.,c68349578b97af04d1102eac5ad9f30f85362c53,"Jochems SP, Marcon F, Carniel BF, Holloway M, et al. Inflammation induced by influenza virus impairs human innate immune control of pneumococcus. Nat Immunol. 2018 Dec;19(12):1299-1308. PMID: 30374129.",data_dictionary/sources/hr_vilage/study_meta.csv,48977830c893ed1babf334c16a24b52e9f701cc239b1b3b3be747fdf1371e1f1,GSE117580,mixed exposure,nasal swab,https://www.ncbi.nlm.nih.gov/geo/query/acc.cgi?acc=GSE117580,Influenza LAIV/TIV
no,Not applicable,"[""GSE220682""]","Yamamoto, H., Watanabe, Y., Danno, H., et al. GEO. https://identifiers.org/geo/GSE220682 (2023)",HR:GSE220682,Pathogen is not influenza in HR metadata.,outside_influenza_challenge_scope,geo_accession;study_ID;tissue;platform;pathogen;batch;title;timepoint;vaccine,https://www.ncbi.nlm.nih.gov/geo/query/acc.cgi?acc=GSE220682,NA,705,21701,203,"4 (1, 4)","0.0, 22.0, 180.0, 360.0",Within-study author count; not independent subjects across studies.,SARS-CoV-2,RNA-seq,GPL18573; Illumina NextSeq 500 (Homo sapiens),yes,Legacy author flag; not proof of current file-level raw availability.,c68349578b97af04d1102eac5ad9f30f85362c53,"Watanabe Y, Yamamoto H, Matsuba I, Watanabe K, et al. Time-series transcriptome analysis of peripheral blood mononuclear cells obtained from individuals who received the SARS-CoV-2 mRNA vaccine. J Med Virol. 2023 Jun;95(6):e28884. PMID: 37342886.",data_dictionary/sources/hr_vilage/study_meta.csv,48977830c893ed1babf334c16a24b52e9f701cc239b1b3b3be747fdf1371e1f1,GSE220682,vaccine,PBMC,https://www.ncbi.nlm.nih.gov/geo/query/acc.cgi?acc=GSE220682,BNT162b2
no,Not applicable,"[""GSE228839""]","Chelysheva, I., Drury, R., O'Connor, D., et al. GEO. https://identifiers.org/geo/GSE228839 (2024)",HR:GSE228839,Pathogen is not influenza in HR metadata.,outside_influenza_challenge_scope,geo_accession;ID;study_ID;tissue;platform;title;timepoint_group;study_group;vaccine;sex;age,https://www.ncbi.nlm.nih.gov/geo/query/acc.cgi?acc=GSE228839,NA,170,24655,100,"2 (1, 3)","CT, CT+7, CT7, D0",Within-study author count; not independent subjects across studies.,SARS-CoV-2,RNA-seq,GPL24676; Illumina NovaSeq 6000 (Homo sapiens),no,Legacy author flag; not proof of current file-level raw availability.,c68349578b97af04d1102eac5ad9f30f85362c53,"Drury RE, Camara S, Chelysheva I, Bibi S, et al. Multi-omics analysis reveals COVID-19 vaccine induced attenuation of inflammatory responses during breakthrough disease. Nat Commun. 2024 Apr 22;15(1):3402. PMID: 38649734.",data_dictionary/sources/hr_vilage/study_meta.csv,48977830c893ed1babf334c16a24b52e9f701cc239b1b3b3be747fdf1371e1f1,GSE228839,vaccine,whole blood,https://www.ncbi.nlm.nih.gov/geo/query/acc.cgi?acc=GSE228839,ChAdOx1/MenACWY
no,Not applicable,"[""GSE276544""]","Grewe, I., Friedrich, M., Dieck, M., et al. GEO. https://identifiers.org/geo/GSE276544 (2025)",HR:GSE276544,Pathogen is not influenza in HR metadata.,outside_influenza_challenge_scope,geo_accession;ID;study_ID;tissue;platform;pathogen;batch;title;timepoint_group;vaccine,https://www.ncbi.nlm.nih.gov/geo/query/acc.cgi?acc=GSE276544,NA,305,30984,43,"7 (5, 8)","V1D0, V1D1, V1D3, V1D7, V2D0, V2D1, V2D3, V2D7",Within-study author count; not independent subjects across studies.,SARS-CoV-2,RNA-seq,GPL24676; Illumina NovaSeq 6000 (Homo sapiens),yes,Legacy author flag; not proof of current file-level raw availability.,c68349578b97af04d1102eac5ad9f30f85362c53,"Grewe I, Friedrich M, Dieck ML, Spohn M, et al. MVA-based SARS-CoV-2 vaccine candidates encoding different spike protein conformations induce distinct early transcriptional responses which may impact subsequent adaptive immunity. Front Immunol. 2024;15:1500615. PMID: 39749328.",data_dictionary/sources/hr_vilage/study_meta.csv,48977830c893ed1babf334c16a24b52e9f701cc239b1b3b3be747fdf1371e1f1,GSE276544,vaccine,whole blood,https://www.ncbi.nlm.nih.gov/geo/query/acc.cgi?acc=GSE276544, ChAdOx1/BNT162b2/MVA/mRNA-1273
no,Not applicable,"[""GSE209985""]","Huang, K., Chang, Y., Lee, J.M., et al. GEO. https://identifiers.org/geo/GSE209985 (2024)",HR:GSE209985,Pathogen is not influenza in HR metadata.,outside_influenza_challenge_scope,geo_accession;ID;study_ID;tissue;platform;pathogen;batch;title;timepoint;study_group;vaccine;vaccine_dose;sex;age;PreviousCOVID19;diabetes,https://www.ncbi.nlm.nih.gov/geo/query/acc.cgi?acc=GSE209985,NA,188,40696,32,"6 (5, 6)","0.0, 1.0, 2.0, 7.0",Within-study author count; not independent subjects across studies.,SARS-CoV-2,RNA-seq,GPL24676; Illumina NovaSeq 6000 (Homo sapiens),yes,Legacy author flag; not proof of current file-level raw availability.,c68349578b97af04d1102eac5ad9f30f85362c53,"Chang YS, Huang K, Lee JM, Vagts CL, et al. Altered transcriptomic immune responses of maintenance hemodialysis patients to the COVID-19 mRNA vaccine. Elife. 2024 Apr 24;13:e83641. PMID: 38656290; Chang YS, Lee JM, Huang K, Vagts CL, et al. Network Analysis of Dysregulated Immune Response to COVID-19 mRNA Vaccination in Hemodialysis Patients. Vaccines (Basel). 2024 Oct 7;12(10):1146. PMID: 39460313.",data_dictionary/sources/hr_vilage/study_meta.csv,48977830c893ed1babf334c16a24b52e9f701cc239b1b3b3be747fdf1371e1f1,GSE209985,vaccine,PBMC,https://www.ncbi.nlm.nih.gov/geo/query/acc.cgi?acc=GSE209985,BNT162b2
no,Not applicable,"[""GSE247401""]","Lennart, R., Leonie M., W., Leonie, M., et al. GEO. https://identifiers.org/geo/GSE247401 (2024)",HR:GSE247401,Pathogen is not influenza in HR metadata.,outside_influenza_challenge_scope,geo_accession;ID;study_ID;tissue;platform;pathogen;batch;title;timepoint;vaccine;sex,https://pmc.ncbi.nlm.nih.gov/articles/PMC10792461/ (Table S3),NA,50,29506,17,"2 (2, 4)","0.0, 1.0",Within-study author count; not independent subjects across studies.,SARS-CoV-2,RNA-seq,GPL24676; Illumina NovaSeq 6000 (Homo sapiens),yes,Legacy author flag; not proof of current file-level raw availability.,c68349578b97af04d1102eac5ad9f30f85362c53,"Odak I, Riemann L, Sandrock I, Cossmann A, et al. Systems biology analysis reveals distinct molecular signatures associated with immune responsiveness to the BNT162b COVID-19 vaccine. EBioMedicine. 2024 Jan;99:104947. PMID: 38160529.",data_dictionary/sources/hr_vilage/study_meta.csv,48977830c893ed1babf334c16a24b52e9f701cc239b1b3b3be747fdf1371e1f1,GSE247401,vaccine,whole blood,https://www.ncbi.nlm.nih.gov/geo/query/acc.cgi?acc=GSE247401,ChAdOx1/BNT162b2/mRNA-1273
no,Not applicable,"[""GSE265975""]","Lucchesi, S., Santoro, F., Pastore, G., et al. GEO. https://identifiers.org/geo/GSE265975 (2024)",HR:GSE265975,Pathogen is not influenza in HR metadata.,outside_influenza_challenge_scope,geo_accession;ID;study_ID;tissue;platform;pathogen;title;timepoint;timepoint_group;study_group;vaccine,https://www.ncbi.nlm.nih.gov/geo/query/acc.cgi?acc=GSE265975,NA,100,39368,29,"4 (1, 4)","0.0, 7.0, 21.0, 28.0",Within-study author count; not independent subjects across studies.,SARS-CoV-2,RNA-seq,GPL24676; Illumina NovaSeq 6000 (Homo sapiens),yes,Legacy author flag; not proof of current file-level raw availability.,c68349578b97af04d1102eac5ad9f30f85362c53,"Lucchesi S, Montesi G, Polvere J, Fiorino F, et al. Transcriptomic analysis after SARS-CoV-2 mRNA vaccination reveals a specific gene signature in low-responder hemodialysis patients. Front Immunol. 2025;16:1508659. PMID: 40370459.",data_dictionary/sources/hr_vilage/study_meta.csv,48977830c893ed1babf334c16a24b52e9f701cc239b1b3b3be747fdf1371e1f1,GSE265975,vaccine,PBMC,https://www.ncbi.nlm.nih.gov/geo/query/acc.cgi?acc=GSE265975,BNT162b2
no,Not applicable,"[""GSE102012""]","Kazmin, D.A., Hagan, T., Cortese, M., et al. GEO. https://identifiers.org/geo/GSE102012 (2021)",HR:GSE102012,Vaccination does not by itself establish an influenza challenge design.,vaccine_or_other_nonchallenge_context,geo_accession;ID;study_ID;tissue;platform;pathogen;title;timepoint;vaccine,https://www.ncbi.nlm.nih.gov/geo/query/acc.cgi?acc=GSE102012,NA,384,18319,50,"8 (4, 8)","0.0, 1.0, 3.0, 7.0, 21.0, 22.0, 24.0, 28.0",Within-study author count; not independent subjects across studies.,influenza,microarray,GPL13158; [HT_HG-U133_Plus_PM] Affymetrix HT HG-U133+ PM Array Plate,yes,Legacy author flag; not proof of current file-level raw availability.,c68349578b97af04d1102eac5ad9f30f85362c53,"Wimmers F, Donato M, Kuo A, Ashuach T, et al. The single-cell epigenomic and transcriptional landscape of immunity to influenza vaccination. Cell. 2021 Jul 22;184(15):3915-3935.e21. PMID: 34174187.",data_dictionary/sources/hr_vilage/study_meta.csv,48977830c893ed1babf334c16a24b52e9f701cc239b1b3b3be747fdf1371e1f1,GSE102012,vaccine,whole blood,https://www.ncbi.nlm.nih.gov/geo/query/acc.cgi?acc=GSE102012,H5N1
no,Not applicable,"[""GSE217770""]","Aydillo, T., Gonzalez-Reiche, A.S., Stadlbauer, D., et al. GEO. https://identifiers.org/geo/GSE217770 (2022)",HR:GSE217770,Vaccination does not by itself establish an influenza challenge design.,vaccine_or_other_nonchallenge_context,geo_accession;ID;study_ID;tissue;platform;pathogen;title;timepoint;vaccine;sex,https://www.ncbi.nlm.nih.gov/geo/query/acc.cgi?acc=GSE217770,NA,371,40129,53,"7 (7, 7)","0.0, 3.0, 7.0, 29.0, 85.0, 92.0, 113.0",Within-study author count; not independent subjects across studies.,influenza,RNA-seq,GPL24676; Illumina NovaSeq 6000 (Homo sapiens),yes,Legacy author flag; not proof of current file-level raw availability.,c68349578b97af04d1102eac5ad9f30f85362c53,"Aydillo T, Gonzalez-Reiche AS, Stadlbauer D, Amper MA, et al. Transcriptome signatures preceding the induction of anti-stalk antibodies elicited after universal influenza vaccination. NPJ Vaccines. 2022 Dec 10;7(1):160. PMID: 36496417.",data_dictionary/sources/hr_vilage/study_meta.csv,48977830c893ed1babf334c16a24b52e9f701cc239b1b3b3be747fdf1371e1f1,GSE217770,vaccine,whole blood,https://www.ncbi.nlm.nih.gov/geo/query/acc.cgi?acc=GSE217770,Influenza LAIV
yes,https://pmc.ncbi.nlm.nih.gov/articles/PMC10697962/ (Source Data),"[""GSE230494""]","Thwaites, R.S. GEO. https://identifiers.org/geo/GSE230494 (2023)",HR:GSE230494,Vaccination does not by itself establish an influenza challenge design.,vaccine_or_other_nonchallenge_context,geo_accession;ID;study_ID;tissue;platform;pathogen;title;timepoint;vaccine,https://www.ncbi.nlm.nih.gov/geo/query/acc.cgi?acc=GSE230494,NA,60,40223,39,"2 (1, 2)","0.0, 3.0",Within-study author count; not independent subjects across studies.,influenza,RNA-seq,GPL18573; Illumina NextSeq 500 (Homo sapiens),yes,Legacy author flag; not proof of current file-level raw availability.,c68349578b97af04d1102eac5ad9f30f85362c53,"Thwaites RS, Uruchurtu ASS, Negri VA, Cole ME, et al. Early mucosal events promote distinct mucosal and systemic antibody responses to live attenuated influenza vaccine. Nat Commun. 2023 Dec 5;14(1):8053. PMID: 38052824.",data_dictionary/sources/hr_vilage/study_meta.csv,48977830c893ed1babf334c16a24b52e9f701cc239b1b3b3be747fdf1371e1f1,GSE230494,vaccine,nasal swab,https://www.ncbi.nlm.nih.gov/geo/query/acc.cgi?acc=GSE230494,Influenza LAIV
no,Not applicable,"[""GSE52005""]","Cao, R.G., Obermoser, G., Suarez, N.M., et al. GEO. https://identifiers.org/geo/GSE52005 (2014)",HR:GSE52005,Vaccination does not by itself establish an influenza challenge design.,vaccine_or_other_nonchallenge_context,geo_accession;ID;study_ID;tissue;platform;pathogen;title;timepoint;vaccine;sex;age;race,https://www.ncbi.nlm.nih.gov/geo/query/acc.cgi?acc=GSE52005,NA,140,20525,38,"4 (1, 4)","0.0, 1.0, 7.0, 30.0",Within-study author count; not independent subjects across studies.,influenza,microarray,GPL10558; llumina HumanHT-12 V4.0 expression beadchip,yes,Legacy author flag; not proof of current file-level raw availability.,c68349578b97af04d1102eac5ad9f30f85362c53,"Cao RG, Suarez NM, Obermoser G, Lopez SM, et al. Differences in antibody responses between trivalent inactivated influenza vaccine and live attenuated influenza vaccine correlate with the kinetics and magnitude of interferon signaling in children. J Infect Dis. 2014 Jul 15;210(2):224-33. PMID: 24495909.",data_dictionary/sources/hr_vilage/study_meta.csv,48977830c893ed1babf334c16a24b52e9f701cc239b1b3b3be747fdf1371e1f1,GSE52005,vaccine,whole blood,https://www.ncbi.nlm.nih.gov/geo/query/acc.cgi?acc=GSE52005,Influenza LAIV/TIV
no,Not applicable,"[""GSE107990""]","Larbi, A., Poidinger, M., Visan, L. GEO. https://identifiers.org/geo/GSE107990 (2018)",HR:GSE107990,Vaccination does not by itself establish an influenza challenge design.,vaccine_or_other_nonchallenge_context,geo_accession;ID;study_ID;tissue;platform;pathogen;title;timepoint;vaccine;sex;age;ethnicity,https://www.ncbi.nlm.nih.gov/geo/query/acc.cgi?acc=GSE107990,NA,671,20518,172,"4 (2, 4)","0.0, 2.0, 7.0, 28.0",Within-study author count; not independent subjects across studies.,influenza,microarray,GPL10558; llumina HumanHT-12 V4.0 expression beadchip,yes,Legacy author flag; not proof of current file-level raw availability.,c68349578b97af04d1102eac5ad9f30f85362c53,"Narang V, Lu Y, Tan C, Camous XFN, et al. Influenza Vaccine-Induced Antibody Responses Are Not Impaired by Frailty in the Community-Dwelling Elderly With Natural Influenza Exposure. Front Immunol. 2018;9:2465. PMID: 30405641; Monaco G, Lee B, Xu W, Mustafah S, et al. RNA-Seq Signatures Normalized by mRNA Abundance Allow Absolute Deconvolution of Human Immune Cell Types. Cell Rep. 2019 Feb 5;26(6):1627-1640.e7. PMID: 30726743; Carre C, Wong G, Narang V, Tan C, et al. Endoplasmic reticulum stress response and bile acid signatures associate with multi-strain seroresponsiveness during elderly influenza vaccination. iScience. 2021 Sep 24;24(9):102970. PMID: 34471863.",data_dictionary/sources/hr_vilage/study_meta.csv,48977830c893ed1babf334c16a24b52e9f701cc239b1b3b3be747fdf1371e1f1,GSE107990,vaccine,PBMC,https://www.ncbi.nlm.nih.gov/geo/query/acc.cgi?acc=GSE107990,Influenza TIV
no,Not applicable,"[""GSE281864""]","Rinchai, D., Deola, S., Gentilcore, G., et al. GEO. https://identifiers.org/geo/GSE281864 (2025)",HR:GSE281864,Pathogen is not influenza in HR metadata.,outside_influenza_challenge_scope,geo_accession;study_ID;tissue;platform;pathogen;title;timepoint;vaccine;vaccine_dose,https://www.biorxiv.org/content/10.1101/2025.01.09.631990v1.supplementary-material (Table S1),NA,193,37507,17,,"1, 2, 3, 4, 5, 6, 7, 8, 9, 10,14 ",Within-study author count; not independent subjects across studies.,SARS-CoV-2,RNA-seq,GPL20301; Illumina HiSeq 4000 (Homo sapiens),yes,Legacy author flag; not proof of current file-level raw availability.,c68349578b97af04d1102eac5ad9f30f85362c53,"Rinchai D, Deola S, Kabeer BSA, Gentilcore G, et al. Temporal Dynamics of Transcriptional Responses to Repeated mRNA Vaccination: Insights from Third Dose Profiling. bioRxiv. 2025. doi: 10.1101/2025.01.09.631990. Preprint.",data_dictionary/sources/hr_vilage/study_meta.csv,48977830c893ed1babf334c16a24b52e9f701cc239b1b3b3be747fdf1371e1f1,GSE281864,vaccine,whole blood,https://www.ncbi.nlm.nih.gov/geo/query/acc.cgi?acc=GSE281864,BNT162b2
no,Not applicable,"[""E-MTAB-10026""]","Morgan, M. ArrayExpress. https://identifiers.org/arrayexpress:E-MTAB-10026 (2021)",HR:EMTAB10026,Pathogen is not influenza in HR metadata.,outside_influenza_challenge_scope,List in the h5ad obs,https://www.ebi.ac.uk/biostudies/arrayexpress/studies/E-MTAB-10026,647366,143,NA,130,NA,NA,Within-study author count; not independent subjects across studies.,SARS-CoV-2,scRNA-seq,Illumina NovaSeq 6000 (Homo sapiens),no,Legacy author flag; not proof of current file-level raw availability.,c68349578b97af04d1102eac5ad9f30f85362c53,"Stephenson, E., Reynolds, G., Botting, R.A. et al. Single-cell multi-omics analysis of the immune response in COVID-19. Nat Med 27, 904–916 (2021). https://doi.org/10.1038/s41591-021-01329-2",data_dictionary/sources/hr_vilage/study_meta.csv,48977830c893ed1babf334c16a24b52e9f701cc239b1b3b3be747fdf1371e1f1,EMTAB10026,inoculation,PBMC,https://www.ebi.ac.uk/biostudies/arrayexpress/studies/E-MTAB-10026,
no,Not applicable,[],"Stephenson, E., Macdonald-Dunlop, E., Dratva, L.M., Lindeboom, R.G., Tuong, Z.K., Tun, W.M., Kretschmer, L., Buang, N.B., Ballereau, S., Cabantaus, M. and Peñalver, A., 2025. Temporal multi-omics analysis of COVID-19 in end-stage kidney disease. Cell Genomics, 5(8).",HR:eskd_covid19,Pathogen is not influenza in HR metadata.,outside_influenza_challenge_scope,List in the h5ad obs,https://www.covid19cellatlas.org/index.patient.html,588389,187,NA,61,NA,NA,Within-study author count; not independent subjects across studies.,SARS-CoV-2,scRNA-seq,Illumina NovaSeq 6000 (Homo sapiens),no,Legacy author flag; not proof of current file-level raw availability.,c68349578b97af04d1102eac5ad9f30f85362c53,"Stephenson, E., Macdonald-Dunlop, E., Dratva, L.M., Lindeboom, R.G., Tuong, Z.K., Tun, W.M., Kretschmer, L., Buang, N.B., Ballereau, S., Cabantaus, M. and Peñalver, A., 2025. Temporal multi-omics analysis of COVID-19 in end-stage kidney disease. Cell Genomics, 5(8).",data_dictionary/sources/hr_vilage/study_meta.csv,48977830c893ed1babf334c16a24b52e9f701cc239b1b3b3be747fdf1371e1f1,eskd_covid19,mixed exposure,nasal swab/PBMC,https://www.covid19cellatlas.org/index.patient.html,
no,https://data.mendeley.com/datasets/j7pbc5ytgd/1 (Supplementary Data 2. Antibody.xlsx),"[""GSE201534""]","Lee, H. GEO. https://identifiers.org/geo/GSE201534 (2022)",HR:GSE201534,Pathogen is not influenza in HR metadata.,outside_influenza_challenge_scope,List in the h5ad obs,https://data.mendeley.com/datasets/j7pbc5ytgd/1 (Supplementary Data 1. individuals.xlsx),87160,12,NA,6,NA,NA,Within-study author count; not independent subjects across studies.,SARS-CoV-2,scRNA-seq,GPL24676; Illumina NovaSeq 6000 (Homo sapiens),no,Legacy author flag; not proof of current file-level raw availability.,c68349578b97af04d1102eac5ad9f30f85362c53,"Lee HK, Go J, Sung H, Kim SW, et al. Heterologous ChAdOx1-BNT162b2 vaccination in Korean cohort induces robust immune and antibody responses that includes Omicron. iScience. 2022 Jun 17;25(6):104473. PMID: 35637788; Lee HK, Hoechstetter MA, Buchner M, Pham TT, et al. Analysis of immune responses in patients with CLL after heterologous COVID-19 vaccination. Blood Adv. 2023 May 23;7(10):2214-2227. PMID: 36630562; Lee HK, Cho G, Huh JW, Furth PA, et al. Rare germline JAK/STAT variants in a Korean cohort amplify innate immune responses to vaccination. iScience. 2025 Dec 19;28(12):114110. PMID: 41467183.",data_dictionary/sources/hr_vilage/study_meta.csv,48977830c893ed1babf334c16a24b52e9f701cc239b1b3b3be747fdf1371e1f1,GSE201534,vaccine,PBMC,https://www.ncbi.nlm.nih.gov/geo/query/acc.cgi?acc=GSE201534,ChAdOx1/BNT162b2
no,Not applicable,"[""GSE247917""]",GEO. https://identifiers.org/geo/GSE247917 (2023),HR:GSE247917,Pathogen is not influenza in HR metadata.,outside_influenza_challenge_scope,List in the h5ad obs,https://www.ncbi.nlm.nih.gov/geo/query/acc.cgi?acc=GSE247917,195489,54,NA,14,NA,NA,Within-study author count; not independent subjects across studies.,SARS-CoV-2,scRNA-seq,GPL18573; Illumina NextSeq 500 (Homo sapiens)/GPL24676; Illumina NovaSeq 6000 (Homo sapiens),no,Legacy author flag; not proof of current file-level raw availability.,c68349578b97af04d1102eac5ad9f30f85362c53,"Ivanova, E.N., Shwetar, J., Devlin, J.C., Buus, T.B., Gray-Gaillard, S., Koide, A., Cornelius, A., Samanovic, M.I., Herrera, A., Mimitou, E.P. and Zhang, C., 2023. mRNA COVID-19 vaccine elicits potent adaptive immune response without the acute inflammation of SARS-CoV-2 infection. Iscience, 26(12).",data_dictionary/sources/hr_vilage/study_meta.csv,48977830c893ed1babf334c16a24b52e9f701cc239b1b3b3be747fdf1371e1f1,GSE247917,vaccine,PBMC,https://www.ncbi.nlm.nih.gov/geo/query/acc.cgi?acc=GSE247917,BNT162b2
no,Not applicable,"[""GSE195673""]","Kim, W., Zhou, J.Q., Horvath, S.C., Schmitz, A.J., Sturtz, A.J., Lei, T., Liu, Z., Kalaidina, E., Thapa, M., Alsoussi, W.B. and Haile, A., 2022. Germinal centre-driven maturation of B cell response to mRNA vaccination. Nature, 604(7904), pp.141-145.",HR:GSE195673,Pathogen is not influenza in HR metadata.,outside_influenza_challenge_scope,List in the h5ad obs,https://www.ncbi.nlm.nih.gov/geo/query/acc.cgi?acc=GSE195673,383635,56,NA,8,NA,NA,Within-study author count; not independent subjects across studies.,SARS-CoV-2,scRNA-seq,GPL24676; Illumina NovaSeq 6000 (Homo sapiens),no,Legacy author flag; not proof of current file-level raw availability.,c68349578b97af04d1102eac5ad9f30f85362c53,"Kim, W., Zhou, J.Q., Horvath, S.C., Schmitz, A.J., Sturtz, A.J., Lei, T., Liu, Z., Kalaidina, E., Thapa, M., Alsoussi, W.B. and Haile, A., 2022. Germinal centre-driven maturation of B cell response to mRNA vaccination. Nature, 604(7904), pp.141-145.",data_dictionary/sources/hr_vilage/study_meta.csv,48977830c893ed1babf334c16a24b52e9f701cc239b1b3b3be747fdf1371e1f1,GSE195673,vaccine,PBMC/Lymph Node,https://www.ncbi.nlm.nih.gov/geo/query/acc.cgi?acc=GSE195673,BNT162b2
