column_count,data_rows,distinct_subject_ids_within_table,grain,keys_observed,local_path,matrix_join_status,namespace_rule,sha256,study_ID,table_id
51,374,35,sample/observation,"{""ID"":{""distinct"":35,""duplicate_nonmissing_rows"":339,""nonmissing"":374},""X"":{""distinct"":374,""duplicate_nonmissing_rows"":0,""nonmissing"":374},""geo_accession"":{""distinct"":374,""duplicate_nonmissing_rows"":0,""nonmissing"":374},""study_ID"":{""distinct"":1,""duplicate_nonmissing_rows"":373,""nonmissing"":374}}",data_dictionary/sources/hr_vilage/meta/E_MTAB_12993_blood_meta.csv,metadata keys inspected; full expression matrix rows not independently compared,Use study_ID plus local ID; ID is not a global participant identifier.,430f9f873e32949e38e7dd4b1ca5bc8e8f00bc725973e0f710312eaa310ce062,E_MTAB_12993_blood,HF:meta/E_MTAB_12993_blood_meta.csv
51,96,19,sample/observation,"{""ID"":{""distinct"":19,""duplicate_nonmissing_rows"":77,""nonmissing"":96},""X"":{""distinct"":96,""duplicate_nonmissing_rows"":0,""nonmissing"":96},""geo_accession"":{""distinct"":96,""duplicate_nonmissing_rows"":0,""nonmissing"":96},""study_ID"":{""distinct"":1,""duplicate_nonmissing_rows"":95,""nonmissing"":96}}",data_dictionary/sources/hr_vilage/meta/E_MTAB_12993_nose_meta.csv,metadata keys inspected; full expression matrix rows not independently compared,Use study_ID plus local ID; ID is not a global participant identifier.,a93eef1c0ba1802b86e90a8ef3ffab4c7cee99d43bcdd12c2d033a7a65bea0eb,E_MTAB_12993_nose,HF:meta/E_MTAB_12993_nose_meta.csv
51,98,26,sample/observation,"{""ID"":{""distinct"":26,""duplicate_nonmissing_rows"":72,""nonmissing"":98},""X"":{""distinct"":98,""duplicate_nonmissing_rows"":0,""nonmissing"":98},""geo_accession"":{""distinct"":98,""duplicate_nonmissing_rows"":0,""nonmissing"":98},""study_ID"":{""distinct"":1,""duplicate_nonmissing_rows"":97,""nonmissing"":98}}",data_dictionary/sources/hr_vilage/meta/GSE101709_meta.csv,metadata keys inspected; full expression matrix rows not independently compared,Use study_ID plus local ID; ID is not a global participant identifier.,ec4b9971de6b83849a4c1d4560bdb5e76d282fedb7d85e1f5c7339e9c50c7493,GSE101709,HF:meta/GSE101709_meta.csv
51,79,20,sample/observation,"{""ID"":{""distinct"":20,""duplicate_nonmissing_rows"":59,""nonmissing"":79},""X"":{""distinct"":79,""duplicate_nonmissing_rows"":0,""nonmissing"":79},""geo_accession"":{""distinct"":79,""duplicate_nonmissing_rows"":0,""nonmissing"":79},""study_ID"":{""distinct"":1,""duplicate_nonmissing_rows"":78,""nonmissing"":79}}",data_dictionary/sources/hr_vilage/meta/GSE101710_meta.csv,metadata keys inspected; full expression matrix rows not independently compared,Use study_ID plus local ID; ID is not a global participant identifier.,f273f282b7f0dfb316514b11b82f5daa13c9c14546d8c75f4462809dfb8bb05e,GSE101710,HF:meta/GSE101710_meta.csv
51,384,50,sample/observation,"{""ID"":{""distinct"":50,""duplicate_nonmissing_rows"":334,""nonmissing"":384},""X"":{""distinct"":384,""duplicate_nonmissing_rows"":0,""nonmissing"":384},""geo_accession"":{""distinct"":384,""duplicate_nonmissing_rows"":0,""nonmissing"":384},""study_ID"":{""distinct"":1,""duplicate_nonmissing_rows"":383,""nonmissing"":384}}",data_dictionary/sources/hr_vilage/meta/GSE102012_meta.csv,metadata keys inspected; full expression matrix rows not independently compared,Use study_ID plus local ID; ID is not a global participant identifier.,a5f250fea3ff918b452625d38851c8b5a17e106889c33e5e9eaff4fb6f52668e,GSE102012,HF:meta/GSE102012_meta.csv
51,671,172,sample/observation,"{""ID"":{""distinct"":172,""duplicate_nonmissing_rows"":499,""nonmissing"":671},""X"":{""distinct"":671,""duplicate_nonmissing_rows"":0,""nonmissing"":671},""geo_accession"":{""distinct"":671,""duplicate_nonmissing_rows"":0,""nonmissing"":671},""study_ID"":{""distinct"":1,""duplicate_nonmissing_rows"":670,""nonmissing"":671}}",data_dictionary/sources/hr_vilage/meta/GSE107990_meta.csv,metadata keys inspected; full expression matrix rows not independently compared,Use study_ID plus local ID; ID is not a global participant identifier.,79245359ec97525c19cd30714a7f2e4cff73fa5bfae8682a542da9c95a5def0d,GSE107990,HF:meta/GSE107990_meta.csv
51,93,31,sample/observation,"{""ID"":{""distinct"":31,""duplicate_nonmissing_rows"":62,""nonmissing"":93},""X"":{""distinct"":93,""duplicate_nonmissing_rows"":0,""nonmissing"":93},""geo_accession"":{""distinct"":93,""duplicate_nonmissing_rows"":0,""nonmissing"":93},""study_ID"":{""distinct"":1,""duplicate_nonmissing_rows"":92,""nonmissing"":93}}",data_dictionary/sources/hr_vilage/meta/GSE11348_meta.csv,metadata keys inspected; full expression matrix rows not independently compared,Use study_ID plus local ID; ID is not a global participant identifier.,ffc86c098c93efa015b213846aefd883ec5c4720bbe64d89e2a913469b2f434b,GSE11348,HF:meta/GSE11348_meta.csv
51,96,35,sample/observation,"{""ID"":{""distinct"":35,""duplicate_nonmissing_rows"":61,""nonmissing"":96},""X"":{""distinct"":96,""duplicate_nonmissing_rows"":0,""nonmissing"":96},""geo_accession"":{""distinct"":96,""duplicate_nonmissing_rows"":0,""nonmissing"":96},""study_ID"":{""distinct"":1,""duplicate_nonmissing_rows"":95,""nonmissing"":96}}",data_dictionary/sources/hr_vilage/meta/GSE117580_meta.csv,metadata keys inspected; full expression matrix rows not independently compared,Use study_ID plus local ID; ID is not a global participant identifier.,3472f92333c4c32828d9f40e6150f5994dc4493a786477d3cedf45655da2350e,GSE117580,HF:meta/GSE117580_meta.csv
51,78,40,sample/observation,"{""ID"":{""distinct"":40,""duplicate_nonmissing_rows"":38,""nonmissing"":78},""X"":{""distinct"":78,""duplicate_nonmissing_rows"":0,""nonmissing"":78},""geo_accession"":{""distinct"":78,""duplicate_nonmissing_rows"":0,""nonmissing"":78},""study_ID"":{""distinct"":1,""duplicate_nonmissing_rows"":77,""nonmissing"":78}}",data_dictionary/sources/hr_vilage/meta/GSE155237_meta.csv,metadata keys inspected; full expression matrix rows not independently compared,Use study_ID plus local ID; ID is not a global participant identifier.,536bc7894ed63be8cc3997b902cfcc64380c3b95da6c9198a5d4bc9dcf3a2bf2,GSE155237,HF:meta/GSE155237_meta.csv
51,185,32,sample/observation,"{""ID"":{""distinct"":32,""duplicate_nonmissing_rows"":153,""nonmissing"":185},""X"":{""distinct"":185,""duplicate_nonmissing_rows"":0,""nonmissing"":185},""geo_accession"":{""distinct"":185,""duplicate_nonmissing_rows"":0,""nonmissing"":185},""study_ID"":{""distinct"":1,""duplicate_nonmissing_rows"":184,""nonmissing"":185}}",data_dictionary/sources/hr_vilage/meta/GSE169159_meta.csv,metadata keys inspected; full expression matrix rows not independently compared,Use study_ID plus local ID; ID is not a global participant identifier.,34a95dd819e24b138ff8bb422c574f9257b3c48166d05e1f8508ba995b902519,GSE169159,HF:meta/GSE169159_meta.csv
51,226,23,sample/observation,"{""ID"":{""distinct"":23,""duplicate_nonmissing_rows"":203,""nonmissing"":226},""X"":{""distinct"":226,""duplicate_nonmissing_rows"":0,""nonmissing"":226},""geo_accession"":{""distinct"":226,""duplicate_nonmissing_rows"":0,""nonmissing"":226},""study_ID"":{""distinct"":1,""duplicate_nonmissing_rows"":225,""nonmissing"":226}}",data_dictionary/sources/hr_vilage/meta/GSE190001_BOOST_meta.csv,metadata keys inspected; full expression matrix rows not independently compared,Use study_ID plus local ID; ID is not a global participant identifier.,04fb7428b41eee2a928b0b5617b8b393e4178c999c4f8cf71f4602ded57e361b,GSE190001_BOOST,HF:meta/GSE190001_BOOST_meta.csv
51,213,23,sample/observation,"{""ID"":{""distinct"":23,""duplicate_nonmissing_rows"":190,""nonmissing"":213},""X"":{""distinct"":213,""duplicate_nonmissing_rows"":0,""nonmissing"":213},""geo_accession"":{""distinct"":213,""duplicate_nonmissing_rows"":0,""nonmissing"":213},""study_ID"":{""distinct"":1,""duplicate_nonmissing_rows"":212,""nonmissing"":213}}",data_dictionary/sources/hr_vilage/meta/GSE190001_PRIME_meta.csv,metadata keys inspected; full expression matrix rows not independently compared,Use study_ID plus local ID; ID is not a global participant identifier.,1abb26b844d6e849f8bc7e049dadfc69fb3662bbb79387441b5c7c95540313be,GSE190001_PRIME,HF:meta/GSE190001_PRIME_meta.csv
51,115,30,sample/observation,"{""ID"":{""distinct"":30,""duplicate_nonmissing_rows"":85,""nonmissing"":115},""X"":{""distinct"":115,""duplicate_nonmissing_rows"":0,""nonmissing"":115},""geo_accession"":{""distinct"":115,""duplicate_nonmissing_rows"":0,""nonmissing"":115},""study_ID"":{""distinct"":1,""duplicate_nonmissing_rows"":114,""nonmissing"":115}}",data_dictionary/sources/hr_vilage/meta/GSE190747_meta.csv,metadata keys inspected; full expression matrix rows not independently compared,Use study_ID plus local ID; ID is not a global participant identifier.,e8660d9cf2ef9db5e1c25ff9e0237f1a019f985368f932cbbc02dfa7af09341d,GSE190747,HF:meta/GSE190747_meta.csv
51,412,75,sample/observation,"{""ID"":{""distinct"":75,""duplicate_nonmissing_rows"":337,""nonmissing"":412},""X"":{""distinct"":412,""duplicate_nonmissing_rows"":0,""nonmissing"":412},""geo_accession"":{""distinct"":412,""duplicate_nonmissing_rows"":0,""nonmissing"":412},""study_ID"":{""distinct"":1,""duplicate_nonmissing_rows"":411,""nonmissing"":412}}",data_dictionary/sources/hr_vilage/meta/GSE194378_meta.csv,metadata keys inspected; full expression matrix rows not independently compared,Use study_ID plus local ID; ID is not a global participant identifier.,c74cb30d0b0affc1939ebc9cf32bdf8c6d2250677f8af206150c8f1354b96562,GSE194378,HF:meta/GSE194378_meta.csv
51,260,86,sample/observation,"{""ID"":{""distinct"":86,""duplicate_nonmissing_rows"":174,""nonmissing"":260},""X"":{""distinct"":260,""duplicate_nonmissing_rows"":0,""nonmissing"":260},""geo_accession"":{""distinct"":260,""duplicate_nonmissing_rows"":0,""nonmissing"":260},""study_ID"":{""distinct"":1,""duplicate_nonmissing_rows"":259,""nonmissing"":260}}",data_dictionary/sources/hr_vilage/meta/GSE199750_meta.csv,metadata keys inspected; full expression matrix rows not independently compared,Use study_ID plus local ID; ID is not a global participant identifier.,e22d6cf0b21ca5bc20f570d6b2b996bf8b3dd204967fbee6b8582238ec7cc960,GSE199750,HF:meta/GSE199750_meta.csv
51,161,43,sample/observation,"{""ID"":{""distinct"":43,""duplicate_nonmissing_rows"":118,""nonmissing"":161},""X"":{""distinct"":161,""duplicate_nonmissing_rows"":0,""nonmissing"":161},""geo_accession"":{""distinct"":161,""duplicate_nonmissing_rows"":0,""nonmissing"":161},""study_ID"":{""distinct"":1,""duplicate_nonmissing_rows"":160,""nonmissing"":161}}",data_dictionary/sources/hr_vilage/meta/GSE201533_meta.csv,metadata keys inspected; full expression matrix rows not independently compared,Use study_ID plus local ID; ID is not a global participant identifier.,9e0477f016f460dec56ac4379b064a678795e0ba345663c797c7149d7ae60467,GSE201533,HF:meta/GSE201533_meta.csv
51,48,15,sample/observation,"{""ID"":{""distinct"":15,""duplicate_nonmissing_rows"":33,""nonmissing"":48},""X"":{""distinct"":48,""duplicate_nonmissing_rows"":0,""nonmissing"":48},""geo_accession"":{""distinct"":48,""duplicate_nonmissing_rows"":0,""nonmissing"":48},""study_ID"":{""distinct"":1,""duplicate_nonmissing_rows"":47,""nonmissing"":48}}",data_dictionary/sources/hr_vilage/meta/GSE201642_meta.csv,metadata keys inspected; full expression matrix rows not independently compared,Use study_ID plus local ID; ID is not a global participant identifier.,d25dc631cfc13f375c1882deb867ed4dbfc5b65aa9a649df01caeb94ddbb5751,GSE201642,HF:meta/GSE201642_meta.csv
51,271,271,sample/observation,"{""ID"":{""distinct"":271,""duplicate_nonmissing_rows"":0,""nonmissing"":271},""X"":{""distinct"":271,""duplicate_nonmissing_rows"":0,""nonmissing"":271},""geo_accession"":{""distinct"":271,""duplicate_nonmissing_rows"":0,""nonmissing"":271},""study_ID"":{""distinct"":1,""duplicate_nonmissing_rows"":270,""nonmissing"":271}}",data_dictionary/sources/hr_vilage/meta/GSE207750_meta.csv,metadata keys inspected; full expression matrix rows not independently compared,Use study_ID plus local ID; ID is not a global participant identifier.,d33202bdf493de7650294c63eb15e5aa4097943b17e12f8c5b04508cfb32db5c,GSE207750,HF:meta/GSE207750_meta.csv
51,188,32,sample/observation,"{""ID"":{""distinct"":32,""duplicate_nonmissing_rows"":156,""nonmissing"":188},""X"":{""distinct"":188,""duplicate_nonmissing_rows"":0,""nonmissing"":188},""geo_accession"":{""distinct"":188,""duplicate_nonmissing_rows"":0,""nonmissing"":188},""study_ID"":{""distinct"":1,""duplicate_nonmissing_rows"":187,""nonmissing"":188}}",data_dictionary/sources/hr_vilage/meta/GSE209985_meta.csv,metadata keys inspected; full expression matrix rows not independently compared,Use study_ID plus local ID; ID is not a global participant identifier.,52a2620f2694f8e3f9bc352465dac7a4b7db60cfc342ff76cc7290f8f51094c1,GSE209985,HF:meta/GSE209985_meta.csv
51,371,53,sample/observation,"{""ID"":{""distinct"":53,""duplicate_nonmissing_rows"":318,""nonmissing"":371},""X"":{""distinct"":371,""duplicate_nonmissing_rows"":0,""nonmissing"":371},""geo_accession"":{""distinct"":371,""duplicate_nonmissing_rows"":0,""nonmissing"":371},""study_ID"":{""distinct"":1,""duplicate_nonmissing_rows"":370,""nonmissing"":371}}",data_dictionary/sources/hr_vilage/meta/GSE217770_meta.csv,metadata keys inspected; full expression matrix rows not independently compared,Use study_ID plus local ID; ID is not a global participant identifier.,bfcd9848d74ec45a1a03de84db619b845eb119ed0d15636e664eb50a7fc65074,GSE217770,HF:meta/GSE217770_meta.csv
51,705,0,sample/observation,"{""ID"":{""distinct"":0,""duplicate_nonmissing_rows"":0,""nonmissing"":0},""X"":{""distinct"":705,""duplicate_nonmissing_rows"":0,""nonmissing"":705},""geo_accession"":{""distinct"":705,""duplicate_nonmissing_rows"":0,""nonmissing"":705},""study_ID"":{""distinct"":1,""duplicate_nonmissing_rows"":704,""nonmissing"":705}}",data_dictionary/sources/hr_vilage/meta/GSE220682_meta.csv,metadata keys inspected; full expression matrix rows not independently compared,Use study_ID plus local ID; ID is not a global participant identifier.,80892c7b3d00b7f56f3c8fa8a99b12a3292115b39113d65f47d52abfc4dba989,GSE220682,HF:meta/GSE220682_meta.csv
51,170,97,sample/observation,"{""ID"":{""distinct"":97,""duplicate_nonmissing_rows"":73,""nonmissing"":170},""X"":{""distinct"":170,""duplicate_nonmissing_rows"":0,""nonmissing"":170},""geo_accession"":{""distinct"":170,""duplicate_nonmissing_rows"":0,""nonmissing"":170},""study_ID"":{""distinct"":1,""duplicate_nonmissing_rows"":169,""nonmissing"":170}}",data_dictionary/sources/hr_vilage/meta/GSE228839_meta.csv,metadata keys inspected; full expression matrix rows not independently compared,Use study_ID plus local ID; ID is not a global participant identifier.,4f5082f911ff542c06ea21df78b704122265bd1e51f7398c9896575085e595f8,GSE228839,HF:meta/GSE228839_meta.csv
50,60,39,sample/observation,"{""ID"":{""distinct"":39,""duplicate_nonmissing_rows"":21,""nonmissing"":60},""[unnamed_index]"":{""distinct"":60,""duplicate_nonmissing_rows"":0,""nonmissing"":60},""geo_accession"":{""distinct"":60,""duplicate_nonmissing_rows"":0,""nonmissing"":60},""study_ID"":{""distinct"":1,""duplicate_nonmissing_rows"":59,""nonmissing"":60}}",data_dictionary/sources/hr_vilage/meta/GSE230494_meta.csv,metadata keys inspected; full expression matrix rows not independently compared,Use study_ID plus local ID; ID is not a global participant identifier.,3192d91b440aff85d7fa3c8c8ae95902619203b031bc7c903b7a20b5dc7f1cc7,GSE230494,HF:meta/GSE230494_meta.csv
51,38,10,sample/observation,"{""ID"":{""distinct"":10,""duplicate_nonmissing_rows"":28,""nonmissing"":38},""X"":{""distinct"":38,""duplicate_nonmissing_rows"":0,""nonmissing"":38},""geo_accession"":{""distinct"":38,""duplicate_nonmissing_rows"":0,""nonmissing"":38},""study_ID"":{""distinct"":1,""duplicate_nonmissing_rows"":37,""nonmissing"":38}}",data_dictionary/sources/hr_vilage/meta/GSE246525_meta.csv,metadata keys inspected; full expression matrix rows not independently compared,Use study_ID plus local ID; ID is not a global participant identifier.,fbfda2b11749729a509b142174501eea19b8343744e991a071ce114ac6083486,GSE246525,HF:meta/GSE246525_meta.csv
51,50,17,sample/observation,"{""ID"":{""distinct"":17,""duplicate_nonmissing_rows"":33,""nonmissing"":50},""X"":{""distinct"":50,""duplicate_nonmissing_rows"":0,""nonmissing"":50},""geo_accession"":{""distinct"":50,""duplicate_nonmissing_rows"":0,""nonmissing"":50},""study_ID"":{""distinct"":1,""duplicate_nonmissing_rows"":49,""nonmissing"":50}}",data_dictionary/sources/hr_vilage/meta/GSE247401_meta.csv,metadata keys inspected; full expression matrix rows not independently compared,Use study_ID plus local ID; ID is not a global participant identifier.,c4c215b3581fa957347b0880e419b5daa95915989322508ecc7a92aecfc1671c,GSE247401,HF:meta/GSE247401_meta.csv
51,75,18,sample/observation,"{""ID"":{""distinct"":18,""duplicate_nonmissing_rows"":57,""nonmissing"":75},""X"":{""distinct"":75,""duplicate_nonmissing_rows"":0,""nonmissing"":75},""geo_accession"":{""distinct"":75,""duplicate_nonmissing_rows"":0,""nonmissing"":75},""study_ID"":{""distinct"":1,""duplicate_nonmissing_rows"":74,""nonmissing"":75}}",data_dictionary/sources/hr_vilage/meta/GSE250023_meta.csv,metadata keys inspected; full expression matrix rows not independently compared,Use study_ID plus local ID; ID is not a global participant identifier.,f7b9e7d18d13e6212f56dc8ee73cc812287284fe099e96bd15fcfe31cfcb08c2,GSE250023,HF:meta/GSE250023_meta.csv
51,100,29,sample/observation,"{""ID"":{""distinct"":29,""duplicate_nonmissing_rows"":71,""nonmissing"":100},""X"":{""distinct"":100,""duplicate_nonmissing_rows"":0,""nonmissing"":100},""geo_accession"":{""distinct"":100,""duplicate_nonmissing_rows"":0,""nonmissing"":100},""study_ID"":{""distinct"":1,""duplicate_nonmissing_rows"":99,""nonmissing"":100}}",data_dictionary/sources/hr_vilage/meta/GSE265975_meta.csv,metadata keys inspected; full expression matrix rows not independently compared,Use study_ID plus local ID; ID is not a global participant identifier.,26ba6842f7b2078b11181cb88e8f9f3e9386a3272a2dd2ba4a56d9a3c5722d1f,GSE265975,HF:meta/GSE265975_meta.csv
51,305,43,sample/observation,"{""ID"":{""distinct"":43,""duplicate_nonmissing_rows"":262,""nonmissing"":305},""X"":{""distinct"":305,""duplicate_nonmissing_rows"":0,""nonmissing"":305},""geo_accession"":{""distinct"":305,""duplicate_nonmissing_rows"":0,""nonmissing"":305},""study_ID"":{""distinct"":1,""duplicate_nonmissing_rows"":304,""nonmissing"":305}}",data_dictionary/sources/hr_vilage/meta/GSE276544_meta.csv,metadata keys inspected; full expression matrix rows not independently compared,Use study_ID plus local ID; ID is not a global participant identifier.,2e5cf8c9d880750380097ddb4da68103fd60ebaf89ede8e05e20b9da4340fdf0,GSE276544,HF:meta/GSE276544_meta.csv
51,193,0,sample/observation,"{""ID"":{""distinct"":0,""duplicate_nonmissing_rows"":0,""nonmissing"":0},""X"":{""distinct"":193,""duplicate_nonmissing_rows"":0,""nonmissing"":193},""geo_accession"":{""distinct"":193,""duplicate_nonmissing_rows"":0,""nonmissing"":193},""study_ID"":{""distinct"":1,""duplicate_nonmissing_rows"":192,""nonmissing"":193}}",data_dictionary/sources/hr_vilage/meta/GSE281864_meta.csv,metadata keys inspected; full expression matrix rows not independently compared,Use study_ID plus local ID; ID is not a global participant identifier.,3900da6b99605da119d31da40ef011c849c68db11a8c3f8a3afd4762c8555f7f,GSE281864,HF:meta/GSE281864_meta.csv
51,27,9,sample/observation,"{""ID"":{""distinct"":9,""duplicate_nonmissing_rows"":18,""nonmissing"":27},""X"":{""distinct"":27,""duplicate_nonmissing_rows"":0,""nonmissing"":27},""geo_accession"":{""distinct"":27,""duplicate_nonmissing_rows"":0,""nonmissing"":27},""study_ID"":{""distinct"":1,""duplicate_nonmissing_rows"":26,""nonmissing"":27}}",data_dictionary/sources/hr_vilage/meta/GSE29614_meta.csv,metadata keys inspected; full expression matrix rows not independently compared,Use study_ID plus local ID; ID is not a global participant identifier.,7240d8471bd7992273acf21b5a5cfdbc03f817c0be92e4653550af495f381f89,GSE29614,HF:meta/GSE29614_meta.csv
51,83,28,sample/observation,"{""ID"":{""distinct"":28,""duplicate_nonmissing_rows"":55,""nonmissing"":83},""X"":{""distinct"":83,""duplicate_nonmissing_rows"":0,""nonmissing"":83},""geo_accession"":{""distinct"":83,""duplicate_nonmissing_rows"":0,""nonmissing"":83},""study_ID"":{""distinct"":1,""duplicate_nonmissing_rows"":82,""nonmissing"":83}}",data_dictionary/sources/hr_vilage/meta/GSE29615_meta.csv,metadata keys inspected; full expression matrix rows not independently compared,Use study_ID plus local ID; ID is not a global participant identifier.,b061ec8f3f7c4aa692583a413534582422da98be310f238f38ffff8eabff4c83,GSE29615,HF:meta/GSE29615_meta.csv
51,80,28,sample/observation,"{""ID"":{""distinct"":28,""duplicate_nonmissing_rows"":52,""nonmissing"":80},""X"":{""distinct"":80,""duplicate_nonmissing_rows"":0,""nonmissing"":80},""geo_accession"":{""distinct"":80,""duplicate_nonmissing_rows"":0,""nonmissing"":80},""study_ID"":{""distinct"":1,""duplicate_nonmissing_rows"":79,""nonmissing"":80}}",data_dictionary/sources/hr_vilage/meta/GSE29617_meta.csv,metadata keys inspected; full expression matrix rows not independently compared,Use study_ID plus local ID; ID is not a global participant identifier.,2be094f496d64111a3b332dbe04f79b55cd403cc816cb5112fab945b967071a0,GSE29617,HF:meta/GSE29617_meta.csv
51,91,91,sample/observation,"{""ID"":{""distinct"":91,""duplicate_nonmissing_rows"":0,""nonmissing"":91},""X"":{""distinct"":91,""duplicate_nonmissing_rows"":0,""nonmissing"":91},""geo_accession"":{""distinct"":91,""duplicate_nonmissing_rows"":0,""nonmissing"":91},""study_ID"":{""distinct"":1,""duplicate_nonmissing_rows"":90,""nonmissing"":91}}",data_dictionary/sources/hr_vilage/meta/GSE41080_meta.csv,metadata keys inspected; full expression matrix rows not independently compared,Use study_ID plus local ID; ID is not a global participant identifier.,892ac08ca8a2eb7dde3bb4413f82b4bd01b451d9de88d073a5e3efe3a0c3d8e9,GSE41080,HF:meta/GSE41080_meta.csv
51,54,5,sample/observation,"{""ID"":{""distinct"":5,""duplicate_nonmissing_rows"":49,""nonmissing"":54},""X"":{""distinct"":54,""duplicate_nonmissing_rows"":0,""nonmissing"":54},""geo_accession"":{""distinct"":54,""duplicate_nonmissing_rows"":0,""nonmissing"":54},""study_ID"":{""distinct"":1,""duplicate_nonmissing_rows"":53,""nonmissing"":54}}",data_dictionary/sources/hr_vilage/meta/GSE45735_meta.csv,metadata keys inspected; full expression matrix rows not independently compared,Use study_ID plus local ID; ID is not a global participant identifier.,fe3574a3de8a74adb131d996adc41c9b811abecd4f99c66b9f53cf070ab742ca,GSE45735,HF:meta/GSE45735_meta.csv
51,292,63,sample/observation,"{""ID"":{""distinct"":63,""duplicate_nonmissing_rows"":229,""nonmissing"":292},""X"":{""distinct"":292,""duplicate_nonmissing_rows"":0,""nonmissing"":292},""geo_accession"":{""distinct"":292,""duplicate_nonmissing_rows"":0,""nonmissing"":292},""study_ID"":{""distinct"":1,""duplicate_nonmissing_rows"":291,""nonmissing"":292}}",data_dictionary/sources/hr_vilage/meta/GSE47353_meta.csv,metadata keys inspected; full expression matrix rows not independently compared,Use study_ID plus local ID; ID is not a global participant identifier.,8adbee886bc7cf9fabb284eaf97f750004bac6dbb87c624b5a22312e489954bd,GSE47353,HF:meta/GSE47353_meta.csv
51,431,116,sample/observation,"{""ID"":{""distinct"":116,""duplicate_nonmissing_rows"":315,""nonmissing"":431},""X"":{""distinct"":431,""duplicate_nonmissing_rows"":0,""nonmissing"":431},""geo_accession"":{""distinct"":431,""duplicate_nonmissing_rows"":0,""nonmissing"":431},""study_ID"":{""distinct"":1,""duplicate_nonmissing_rows"":430,""nonmissing"":431}}",data_dictionary/sources/hr_vilage/meta/GSE48018_meta.csv,metadata keys inspected; full expression matrix rows not independently compared,Use study_ID plus local ID; ID is not a global participant identifier.,a6ec46654fd132bba76f250b05fab3970800fb002d8482ccd7b7caed1782c8d1,GSE48018,HF:meta/GSE48018_meta.csv
51,417,110,sample/observation,"{""ID"":{""distinct"":110,""duplicate_nonmissing_rows"":307,""nonmissing"":417},""X"":{""distinct"":417,""duplicate_nonmissing_rows"":0,""nonmissing"":417},""geo_accession"":{""distinct"":417,""duplicate_nonmissing_rows"":0,""nonmissing"":417},""study_ID"":{""distinct"":1,""duplicate_nonmissing_rows"":416,""nonmissing"":417}}",data_dictionary/sources/hr_vilage/meta/GSE48023_meta.csv,metadata keys inspected; full expression matrix rows not independently compared,Use study_ID plus local ID; ID is not a global participant identifier.,3d57061fad0596378712d63fe03a8ad707ceb85d85474c2abbf928e232db1cab,GSE48023,HF:meta/GSE48023_meta.csv
51,621,46,sample/observation,"{""ID"":{""distinct"":46,""duplicate_nonmissing_rows"":575,""nonmissing"":621},""X"":{""distinct"":621,""duplicate_nonmissing_rows"":0,""nonmissing"":621},""geo_accession"":{""distinct"":621,""duplicate_nonmissing_rows"":0,""nonmissing"":621},""study_ID"":{""distinct"":1,""duplicate_nonmissing_rows"":620,""nonmissing"":621}}",data_dictionary/sources/hr_vilage/meta/GSE48762_meta.csv,metadata keys inspected; full expression matrix rows not independently compared,Use study_ID plus local ID; ID is not a global participant identifier.,5b32336659eb680bcdce6bff835f3955081477c1990c9face8172fc4eb5d0f4e,GSE48762,HF:meta/GSE48762_meta.csv
51,140,38,sample/observation,"{""ID"":{""distinct"":38,""duplicate_nonmissing_rows"":102,""nonmissing"":140},""X"":{""distinct"":140,""duplicate_nonmissing_rows"":0,""nonmissing"":140},""geo_accession"":{""distinct"":140,""duplicate_nonmissing_rows"":0,""nonmissing"":140},""study_ID"":{""distinct"":1,""duplicate_nonmissing_rows"":139,""nonmissing"":140}}",data_dictionary/sources/hr_vilage/meta/GSE52005_meta.csv,metadata keys inspected; full expression matrix rows not independently compared,Use study_ID plus local ID; ID is not a global participant identifier.,36cb32593c4cf865245d439fc123be21ccf9cb4e609e7251888416af8d6e2947,GSE52005,HF:meta/GSE52005_meta.csv
51,72,19,sample/observation,"{""ID"":{""distinct"":19,""duplicate_nonmissing_rows"":53,""nonmissing"":72},""X"":{""distinct"":72,""duplicate_nonmissing_rows"":0,""nonmissing"":72},""geo_accession"":{""distinct"":72,""duplicate_nonmissing_rows"":0,""nonmissing"":72},""study_ID"":{""distinct"":1,""duplicate_nonmissing_rows"":71,""nonmissing"":72}}",data_dictionary/sources/hr_vilage/meta/GSE59635_meta.csv,metadata keys inspected; full expression matrix rows not independently compared,Use study_ID plus local ID; ID is not a global participant identifier.,fcf6b617995a703f7a07929821a0d364514d63dbb5b387046cada533eca7d71f,GSE59635,HF:meta/GSE59635_meta.csv
51,156,39,sample/observation,"{""ID"":{""distinct"":39,""duplicate_nonmissing_rows"":117,""nonmissing"":156},""X"":{""distinct"":156,""duplicate_nonmissing_rows"":0,""nonmissing"":156},""geo_accession"":{""distinct"":156,""duplicate_nonmissing_rows"":0,""nonmissing"":156},""study_ID"":{""distinct"":1,""duplicate_nonmissing_rows"":155,""nonmissing"":156}}",data_dictionary/sources/hr_vilage/meta/GSE59654_meta.csv,metadata keys inspected; full expression matrix rows not independently compared,Use study_ID plus local ID; ID is not a global participant identifier.,fbd5ab4e62b252d4e76670f77da9ddc2fb33a9051e91be6c033a00e0761e28b4,GSE59654,HF:meta/GSE59654_meta.csv
51,120,30,sample/observation,"{""ID"":{""distinct"":30,""duplicate_nonmissing_rows"":90,""nonmissing"":120},""X"":{""distinct"":120,""duplicate_nonmissing_rows"":0,""nonmissing"":120},""geo_accession"":{""distinct"":120,""duplicate_nonmissing_rows"":0,""nonmissing"":120},""study_ID"":{""distinct"":1,""duplicate_nonmissing_rows"":119,""nonmissing"":120}}",data_dictionary/sources/hr_vilage/meta/GSE59743_meta.csv,metadata keys inspected; full expression matrix rows not independently compared,Use study_ID plus local ID; ID is not a global participant identifier.,f427937f080f98795fdd04d877c379d4624073755f4c3362f360790df124f4f6,GSE59743,HF:meta/GSE59743_meta.csv
51,88,22,sample/observation,"{""ID"":{""distinct"":22,""duplicate_nonmissing_rows"":66,""nonmissing"":88},""X"":{""distinct"":88,""duplicate_nonmissing_rows"":0,""nonmissing"":88},""geo_accession"":{""distinct"":88,""duplicate_nonmissing_rows"":0,""nonmissing"":88},""study_ID"":{""distinct"":1,""duplicate_nonmissing_rows"":87,""nonmissing"":88}}",data_dictionary/sources/hr_vilage/meta/GSE61754_meta.csv,metadata keys inspected; full expression matrix rows not independently compared,Use study_ID plus local ID; ID is not a global participant identifier.,18e7185866d904220d963f7e569a660ed9074493ef3beac6947ff2d2e8779991,GSE61754,HF:meta/GSE61754_meta.csv
51,880,133,sample/observation,"{""ID"":{""distinct"":133,""duplicate_nonmissing_rows"":747,""nonmissing"":880},""X"":{""distinct"":880,""duplicate_nonmissing_rows"":0,""nonmissing"":880},""geo_accession"":{""distinct"":880,""duplicate_nonmissing_rows"":0,""nonmissing"":880},""study_ID"":{""distinct"":1,""duplicate_nonmissing_rows"":879,""nonmissing"":880}}",data_dictionary/sources/hr_vilage/meta/GSE68310_meta.csv,metadata keys inspected; full expression matrix rows not independently compared,Use study_ID plus local ID; ID is not a global participant identifier.,30e834f64e01e08a898a03f1b345f856941b36e15463aa7de535d789e21c26f4,GSE68310,HF:meta/GSE68310_meta.csv
51,477,24,sample/observation,"{""ID"":{""distinct"":24,""duplicate_nonmissing_rows"":453,""nonmissing"":477},""X"":{""distinct"":477,""duplicate_nonmissing_rows"":0,""nonmissing"":477},""geo_accession"":{""distinct"":477,""duplicate_nonmissing_rows"":0,""nonmissing"":477},""study_ID"":{""distinct"":1,""duplicate_nonmissing_rows"":476,""nonmissing"":477}}",data_dictionary/sources/hr_vilage/meta/GSE73072_H1N1_DEE3_meta.csv,metadata keys inspected; full expression matrix rows not independently compared,Use study_ID plus local ID; ID is not a global participant identifier.,db47529e3ff2f895964322bebf6f8d14cfb009032102399ab54de5f6ac3ec4ea,GSE73072_H1N1_DEE3,HF:meta/GSE73072_H1N1_DEE3_meta.csv
51,386,19,sample/observation,"{""ID"":{""distinct"":19,""duplicate_nonmissing_rows"":367,""nonmissing"":386},""X"":{""distinct"":386,""duplicate_nonmissing_rows"":0,""nonmissing"":386},""geo_accession"":{""distinct"":386,""duplicate_nonmissing_rows"":0,""nonmissing"":386},""study_ID"":{""distinct"":1,""duplicate_nonmissing_rows"":385,""nonmissing"":386}}",data_dictionary/sources/hr_vilage/meta/GSE73072_H1N1_DEE4_meta.csv,metadata keys inspected; full expression matrix rows not independently compared,Use study_ID plus local ID; ID is not a global participant identifier.,56e4dea1a5fa22734e6dce58d2f3ef10b7a61bcc3e951ba29bdeb094f2f94b44,GSE73072_H1N1_DEE4,HF:meta/GSE73072_H1N1_DEE4_meta.csv
51,355,17,sample/observation,"{""ID"":{""distinct"":17,""duplicate_nonmissing_rows"":338,""nonmissing"":355},""X"":{""distinct"":355,""duplicate_nonmissing_rows"":0,""nonmissing"":355},""geo_accession"":{""distinct"":355,""duplicate_nonmissing_rows"":0,""nonmissing"":355},""study_ID"":{""distinct"":1,""duplicate_nonmissing_rows"":354,""nonmissing"":355}}",data_dictionary/sources/hr_vilage/meta/GSE73072_H3N2_DEE2_meta.csv,metadata keys inspected; full expression matrix rows not independently compared,Use study_ID plus local ID; ID is not a global participant identifier.,2c9150bb9d7c05851b8990ed8883605e3d7b7099e4953f8380c493888675ef9a,GSE73072_H3N2_DEE2,HF:meta/GSE73072_H3N2_DEE2_meta.csv
51,482,21,sample/observation,"{""ID"":{""distinct"":21,""duplicate_nonmissing_rows"":461,""nonmissing"":482},""X"":{""distinct"":482,""duplicate_nonmissing_rows"":0,""nonmissing"":482},""geo_accession"":{""distinct"":482,""duplicate_nonmissing_rows"":0,""nonmissing"":482},""study_ID"":{""distinct"":1,""duplicate_nonmissing_rows"":481,""nonmissing"":482}}",data_dictionary/sources/hr_vilage/meta/GSE73072_H3N2_DEE5_meta.csv,metadata keys inspected; full expression matrix rows not independently compared,Use study_ID plus local ID; ID is not a global participant identifier.,479253263706aac45790e8214b8a6cf2a8f8bff58dcdfa7b2dfd7713459d7ff4,GSE73072_H3N2_DEE5,HF:meta/GSE73072_H3N2_DEE5_meta.csv
51,471,27,sample/observation,"{""ID"":{""distinct"":27,""duplicate_nonmissing_rows"":444,""nonmissing"":471},""X"":{""distinct"":471,""duplicate_nonmissing_rows"":0,""nonmissing"":471},""geo_accession"":{""distinct"":471,""duplicate_nonmissing_rows"":0,""nonmissing"":471},""study_ID"":{""distinct"":1,""duplicate_nonmissing_rows"":470,""nonmissing"":471}}",data_dictionary/sources/hr_vilage/meta/GSE73072_HRV_DUKE_meta.csv,metadata keys inspected; full expression matrix rows not independently compared,Use study_ID plus local ID; ID is not a global participant identifier.,6dfa873c8b0375604faf9c2ec6c84e9c3047718bd41fce4816769343f317366d,GSE73072_HRV_DUKE,HF:meta/GSE73072_HRV_DUKE_meta.csv
51,295,20,sample/observation,"{""ID"":{""distinct"":20,""duplicate_nonmissing_rows"":275,""nonmissing"":295},""X"":{""distinct"":295,""duplicate_nonmissing_rows"":0,""nonmissing"":295},""geo_accession"":{""distinct"":295,""duplicate_nonmissing_rows"":0,""nonmissing"":295},""study_ID"":{""distinct"":1,""duplicate_nonmissing_rows"":294,""nonmissing"":295}}",data_dictionary/sources/hr_vilage/meta/GSE73072_HRV_UVA_meta.csv,metadata keys inspected; full expression matrix rows not independently compared,Use study_ID plus local ID; ID is not a global participant identifier.,22de955990148bed48874c3255d9f632ea034148ded51edca5676990892c0f34,GSE73072_HRV_UVA,HF:meta/GSE73072_HRV_UVA_meta.csv
51,420,20,sample/observation,"{""ID"":{""distinct"":20,""duplicate_nonmissing_rows"":400,""nonmissing"":420},""X"":{""distinct"":420,""duplicate_nonmissing_rows"":0,""nonmissing"":420},""geo_accession"":{""distinct"":420,""duplicate_nonmissing_rows"":0,""nonmissing"":420},""study_ID"":{""distinct"":1,""duplicate_nonmissing_rows"":419,""nonmissing"":420}}",data_dictionary/sources/hr_vilage/meta/GSE73072_RSV_DEE1_meta.csv,metadata keys inspected; full expression matrix rows not independently compared,Use study_ID plus local ID; ID is not a global participant identifier.,41eb2dc4228d066dbbf651a4642bb01fc7332bdb0827d30009a49a825a81bc4e,GSE73072_RSV_DEE1,HF:meta/GSE73072_RSV_DEE1_meta.csv
51,83,28,sample/observation,"{""ID"":{""distinct"":28,""duplicate_nonmissing_rows"":55,""nonmissing"":83},""X"":{""distinct"":83,""duplicate_nonmissing_rows"":0,""nonmissing"":83},""geo_accession"":{""distinct"":83,""duplicate_nonmissing_rows"":0,""nonmissing"":83},""study_ID"":{""distinct"":1,""duplicate_nonmissing_rows"":82,""nonmissing"":83}}",data_dictionary/sources/hr_vilage/meta/GSE74811_meta.csv,metadata keys inspected; full expression matrix rows not independently compared,Use study_ID plus local ID; ID is not a global participant identifier.,1ef82657bc3b89ed80ea82077f5462797ec70a19272df6cd3fc65007a0aac5f0,GSE74811,HF:meta/GSE74811_meta.csv
51,286,63,sample/observation,"{""ID"":{""distinct"":63,""duplicate_nonmissing_rows"":223,""nonmissing"":286},""X"":{""distinct"":286,""duplicate_nonmissing_rows"":0,""nonmissing"":286},""geo_accession"":{""distinct"":286,""duplicate_nonmissing_rows"":0,""nonmissing"":286},""study_ID"":{""distinct"":1,""duplicate_nonmissing_rows"":285,""nonmissing"":286}}",data_dictionary/sources/hr_vilage/meta/GSE74813_meta.csv,metadata keys inspected; full expression matrix rows not independently compared,Use study_ID plus local ID; ID is not a global participant identifier.,195e3830cd6cb88c8b89b066e7b4ab227f5cefa4b5992db30abd6f96a896d30d,GSE74813,HF:meta/GSE74813_meta.csv
51,75,26,sample/observation,"{""ID"":{""distinct"":26,""duplicate_nonmissing_rows"":49,""nonmissing"":75},""X"":{""distinct"":75,""duplicate_nonmissing_rows"":0,""nonmissing"":75},""geo_accession"":{""distinct"":75,""duplicate_nonmissing_rows"":0,""nonmissing"":75},""study_ID"":{""distinct"":1,""duplicate_nonmissing_rows"":74,""nonmissing"":75}}",data_dictionary/sources/hr_vilage/meta/GSE74815_meta.csv,metadata keys inspected; full expression matrix rows not independently compared,Use study_ID plus local ID; ID is not a global participant identifier.,e6d18b941fe773ecc2ca8f3cd24e0c87058b8b70332ef73737a524a37bca468a,GSE74815,HF:meta/GSE74815_meta.csv
51,177,72,sample/observation,"{""ID"":{""distinct"":72,""duplicate_nonmissing_rows"":105,""nonmissing"":177},""X"":{""distinct"":177,""duplicate_nonmissing_rows"":0,""nonmissing"":177},""geo_accession"":{""distinct"":177,""duplicate_nonmissing_rows"":0,""nonmissing"":177},""study_ID"":{""distinct"":1,""duplicate_nonmissing_rows"":176,""nonmissing"":177}}",data_dictionary/sources/hr_vilage/meta/GSE74816_meta.csv,metadata keys inspected; full expression matrix rows not independently compared,Use study_ID plus local ID; ID is not a global participant identifier.,d2c5af6b7382847a04db113394c2f626be0a75a85e9851cdca8e3dad631a4d68,GSE74816,HF:meta/GSE74816_meta.csv
51,108,21,sample/observation,"{""ID"":{""distinct"":21,""duplicate_nonmissing_rows"":87,""nonmissing"":108},""X"":{""distinct"":108,""duplicate_nonmissing_rows"":0,""nonmissing"":108},""geo_accession"":{""distinct"":108,""duplicate_nonmissing_rows"":0,""nonmissing"":108},""study_ID"":{""distinct"":1,""duplicate_nonmissing_rows"":107,""nonmissing"":108}}",data_dictionary/sources/hr_vilage/meta/GSE90732_meta.csv,metadata keys inspected; full expression matrix rows not independently compared,Use study_ID plus local ID; ID is not a global participant identifier.,932abc70fd238655a926ee1b1041d9e6cfcb47129b5922f4bace4612f3e5f5f1,GSE90732,HF:meta/GSE90732_meta.csv
51,89,89,sample/observation,"{""ID"":{""distinct"":89,""duplicate_nonmissing_rows"":0,""nonmissing"":89},""X"":{""distinct"":89,""duplicate_nonmissing_rows"":0,""nonmissing"":89},""geo_accession"":{""distinct"":89,""duplicate_nonmissing_rows"":0,""nonmissing"":89},""study_ID"":{""distinct"":1,""duplicate_nonmissing_rows"":88,""nonmissing"":89}}",data_dictionary/sources/hr_vilage/meta/SDY112_meta.csv,metadata keys inspected; full expression matrix rows not independently compared,Use study_ID plus local ID; ID is not a global participant identifier.,c6c7ad6fd50d8cc87a26e30e81484be71f6fbcf4563b220b3257a1dbf90a33f2,SDY112,HF:meta/SDY112_meta.csv
51,73,63,sample/observation,"{""ID"":{""distinct"":63,""duplicate_nonmissing_rows"":10,""nonmissing"":73},""X"":{""distinct"":73,""duplicate_nonmissing_rows"":0,""nonmissing"":73},""geo_accession"":{""distinct"":73,""duplicate_nonmissing_rows"":0,""nonmissing"":73},""study_ID"":{""distinct"":1,""duplicate_nonmissing_rows"":72,""nonmissing"":73}}",data_dictionary/sources/hr_vilage/meta/SDY311_meta.csv,metadata keys inspected; full expression matrix rows not independently compared,Use study_ID plus local ID; ID is not a global participant identifier.,698e27df15143eeb45186f9b26ac9b8d373fb90b3451c779cbdfd6ec52c3bfc6,SDY311,HF:meta/SDY311_meta.csv
51,71,71,sample/observation,"{""ID"":{""distinct"":71,""duplicate_nonmissing_rows"":0,""nonmissing"":71},""X"":{""distinct"":71,""duplicate_nonmissing_rows"":0,""nonmissing"":71},""geo_accession"":{""distinct"":71,""duplicate_nonmissing_rows"":0,""nonmissing"":71},""study_ID"":{""distinct"":1,""duplicate_nonmissing_rows"":70,""nonmissing"":71}}",data_dictionary/sources/hr_vilage/meta/SDY315_meta.csv,metadata keys inspected; full expression matrix rows not independently compared,Use study_ID plus local ID; ID is not a global participant identifier.,ced6b18e96d892b82a4752946b2732a9b2703faa98412f41a484fbf4373af73f,SDY315,HF:meta/SDY315_meta.csv
23,26,26,subject with repeated measurements in columns,"{""ID"":{""distinct"":26,""duplicate_nonmissing_rows"":0,""nonmissing"":26}}",data_dictionary/sources/hr_vilage/antibody/GSE101709_antibody.csv,not_applicable,Use study_ID plus local ID; ID is not a global participant identifier.,2072e630a3711e9dc3d9e145b9a86b96500cf307b80e1eb8a4a2e45814318dc2,GSE101709,HF:antibody/GSE101709_antibody.csv
27,20,20,subject with repeated measurements in columns,"{""ID"":{""distinct"":20,""duplicate_nonmissing_rows"":0,""nonmissing"":20}}",data_dictionary/sources/hr_vilage/antibody/GSE101710_antibody.csv,not_applicable,Use study_ID plus local ID; ID is not a global participant identifier.,6a90dd31b8e3d56d4e80dc3f6d64d1280ee4bffcdd27315e1be489939dfd9033,GSE101710,HF:antibody/GSE101710_antibody.csv
10,32,32,subject with repeated measurements in columns,"{""ID"":{""distinct"":32,""duplicate_nonmissing_rows"":0,""nonmissing"":32}}",data_dictionary/sources/hr_vilage/antibody/GSE169159_antibody.csv,not_applicable,Use study_ID plus local ID; ID is not a global participant identifier.,cdb0ddb3ae0786c989070990fc8762fbe0cfb69374fe87923fa87f68156b0cf6,GSE169159,HF:antibody/GSE169159_antibody.csv
45,125,23,subject with repeated measurements in columns,"{""ID"":{""distinct"":23,""duplicate_nonmissing_rows"":102,""nonmissing"":125}}",data_dictionary/sources/hr_vilage/antibody/GSE190001_antibody.csv,not_applicable,Use study_ID plus local ID; ID is not a global participant identifier.,31aec26fe17b2cb5944343658be1054181603bcf9033ceab790a11017878585c,GSE190001,HF:antibody/GSE190001_antibody.csv
15,30,30,subject with repeated measurements in columns,"{""ID"":{""distinct"":30,""duplicate_nonmissing_rows"":0,""nonmissing"":30}}",data_dictionary/sources/hr_vilage/antibody/GSE190747_antibody.csv,not_applicable,Use study_ID plus local ID; ID is not a global participant identifier.,9703bf76884ea08c6feef6daef0a28127ecd7925c5f661230e7d00165b3d06db,GSE190747,HF:antibody/GSE190747_antibody.csv
17,73,73,subject with repeated measurements in columns,"{""ID"":{""distinct"":73,""duplicate_nonmissing_rows"":0,""nonmissing"":73}}",data_dictionary/sources/hr_vilage/antibody/GSE194378_antibody.csv,not_applicable,Use study_ID plus local ID; ID is not a global participant identifier.,15d7d4d8b9a896298091dfd83e3dd6adac68eb91e7ddcec8fe2822ea3abe82c6,GSE194378,HF:antibody/GSE194378_antibody.csv
15,99,99,subject with repeated measurements in columns,"{""ID"":{""distinct"":99,""duplicate_nonmissing_rows"":0,""nonmissing"":99}}",data_dictionary/sources/hr_vilage/antibody/GSE199750_antibody.csv,not_applicable,Use study_ID plus local ID; ID is not a global participant identifier.,626bf39c3cf02456aebaf8b83cb3e1907686397d040b03be27b6e4dbd51170c6,GSE199750,HF:antibody/GSE199750_antibody.csv
36,43,43,subject with repeated measurements in columns,"{""ID"":{""distinct"":43,""duplicate_nonmissing_rows"":0,""nonmissing"":43}}",data_dictionary/sources/hr_vilage/antibody/GSE201533_antibody.csv,not_applicable,Use study_ID plus local ID; ID is not a global participant identifier.,03545e472e355e6042c5bf246a98070028c9e5b89b02d8a2a0a8b34503af9165,GSE201533,HF:antibody/GSE201533_antibody.csv
17,15,15,subject with repeated measurements in columns,"{""ID"":{""distinct"":15,""duplicate_nonmissing_rows"":0,""nonmissing"":15}}",data_dictionary/sources/hr_vilage/antibody/GSE201642_antibody.csv,not_applicable,Use study_ID plus local ID; ID is not a global participant identifier.,290f2ec6cd927a5fb7a14a5b8041215b30cc65eee66d6a38801f136c9719b521,GSE201642,HF:antibody/GSE201642_antibody.csv
18,275,275,subject with repeated measurements in columns,"{""ID"":{""distinct"":275,""duplicate_nonmissing_rows"":0,""nonmissing"":275}}",data_dictionary/sources/hr_vilage/antibody/GSE207750_antibody.csv,not_applicable,Use study_ID plus local ID; ID is not a global participant identifier.,5af7f411356231de3c198099586c499ab0ee6a9f823d542bd38dfe59014206ab,GSE207750,HF:antibody/GSE207750_antibody.csv
11,40,40,subject with repeated measurements in columns,"{""ID"":{""distinct"":40,""duplicate_nonmissing_rows"":0,""nonmissing"":40}}",data_dictionary/sources/hr_vilage/antibody/GSE230494_antibody.csv,not_applicable,Use study_ID plus local ID; ID is not a global participant identifier.,226f66371c507e7f42c060b14a6511b406c1575de1a44f488baaf1543b0d7ed2,GSE230494,HF:antibody/GSE230494_antibody.csv
5,10,10,subject with repeated measurements in columns,"{""ID"":{""distinct"":10,""duplicate_nonmissing_rows"":0,""nonmissing"":10}}",data_dictionary/sources/hr_vilage/antibody/GSE246525_antibody.csv,not_applicable,Use study_ID plus local ID; ID is not a global participant identifier.,875a42ce9496e0e79eb6ff027179fb6bb4b0f96b6d6c0ffb860c9e885047e547,GSE246525,HF:antibody/GSE246525_antibody.csv
6,10,10,subject with repeated measurements in columns,"{""ID"":{""distinct"":10,""duplicate_nonmissing_rows"":0,""nonmissing"":10}}",data_dictionary/sources/hr_vilage/antibody/GSE246937_antibody.csv,not_applicable,Use study_ID plus local ID; ID is not a global participant identifier.,e6e30b4949d8204553d57047e1aa3fd1dcc3c992b2c709ad04d3f5a253ac03d6,GSE246937,HF:antibody/GSE246937_antibody.csv
7,17,17,subject with repeated measurements in columns,"{""ID"":{""distinct"":17,""duplicate_nonmissing_rows"":0,""nonmissing"":17}}",data_dictionary/sources/hr_vilage/antibody/GSE250023_antibody.csv,not_applicable,Use study_ID plus local ID; ID is not a global participant identifier.,1160279a0c3aa791d1711ca5710a86dd0f084d518e957c246ec3d8c314dce40c,GSE250023,HF:antibody/GSE250023_antibody.csv
10,9,9,subject with repeated measurements in columns,"{""ID"":{""distinct"":9,""duplicate_nonmissing_rows"":0,""nonmissing"":9},""[unnamed_index]"":{""distinct"":9,""duplicate_nonmissing_rows"":0,""nonmissing"":9}}",data_dictionary/sources/hr_vilage/antibody/GSE29614_antibody.csv,not_applicable,Use study_ID plus local ID; ID is not a global participant identifier.,3421e129084ba528716cfd2493df47c0d78d6d90399ab9e3ec24c12c97109ed5,GSE29614,HF:antibody/GSE29614_antibody.csv
10,28,28,subject with repeated measurements in columns,"{""ID"":{""distinct"":28,""duplicate_nonmissing_rows"":0,""nonmissing"":28},""[unnamed_index]"":{""distinct"":28,""duplicate_nonmissing_rows"":0,""nonmissing"":28}}",data_dictionary/sources/hr_vilage/antibody/GSE29615_antibody.csv,not_applicable,Use study_ID plus local ID; ID is not a global participant identifier.,8de590fc6ac85090023ad3b62c0537be42b61de5e35a3e888cd5472a6ec3b786,GSE29615,HF:antibody/GSE29615_antibody.csv
10,28,28,subject with repeated measurements in columns,"{""ID"":{""distinct"":28,""duplicate_nonmissing_rows"":0,""nonmissing"":28},""[unnamed_index]"":{""distinct"":28,""duplicate_nonmissing_rows"":0,""nonmissing"":28}}",data_dictionary/sources/hr_vilage/antibody/GSE29617_antibody.csv,not_applicable,Use study_ID plus local ID; ID is not a global participant identifier.,d169c37674786e19c0f35bd4f8460c76761f775f9bdee4523857c02933bd2c58,GSE29617,HF:antibody/GSE29617_antibody.csv
10,89,89,subject with repeated measurements in columns,"{""ID"":{""distinct"":89,""duplicate_nonmissing_rows"":0,""nonmissing"":89},""[unnamed_index]"":{""distinct"":89,""duplicate_nonmissing_rows"":0,""nonmissing"":89}}",data_dictionary/sources/hr_vilage/antibody/GSE41080_antibody.csv,not_applicable,Use study_ID plus local ID; ID is not a global participant identifier.,8786f27d6d5be1fb773dface596a2a9907650d2bef540fe6f26aa14949c6efc4,GSE41080,HF:antibody/GSE41080_antibody.csv
80,5,5,subject with repeated measurements in columns,"{""ID"":{""distinct"":5,""duplicate_nonmissing_rows"":0,""nonmissing"":5},""[unnamed_index]"":{""distinct"":5,""duplicate_nonmissing_rows"":0,""nonmissing"":5}}",data_dictionary/sources/hr_vilage/antibody/GSE45735_antibody.csv,not_applicable,Use study_ID plus local ID; ID is not a global participant identifier.,6066e1ad3a5c9884b3d5579a10be2615a4c6f4d0bf5aae9755e368e20efa1edb,GSE45735,HF:antibody/GSE45735_antibody.csv
30,63,63,subject with repeated measurements in columns,"{""ID"":{""distinct"":63,""duplicate_nonmissing_rows"":0,""nonmissing"":63},""[unnamed_index]"":{""distinct"":63,""duplicate_nonmissing_rows"":0,""nonmissing"":63}}",data_dictionary/sources/hr_vilage/antibody/GSE47353_antibody.csv,not_applicable,Use study_ID plus local ID; ID is not a global participant identifier.,042579326faffb5d01290d7ba0ce61ea18a0b9418657d0a50110736376f270dd,GSE47353,HF:antibody/GSE47353_antibody.csv
23,116,116,subject with repeated measurements in columns,"{""ID"":{""distinct"":116,""duplicate_nonmissing_rows"":0,""nonmissing"":116},""[unnamed_index]"":{""distinct"":116,""duplicate_nonmissing_rows"":0,""nonmissing"":116}}",data_dictionary/sources/hr_vilage/antibody/GSE48018_antibody.csv,not_applicable,Use study_ID plus local ID; ID is not a global participant identifier.,639362dfa2ded928411d43ced7b584176d81535c8e2992b8ae7bccfab6003b10,GSE48018,HF:antibody/GSE48018_antibody.csv
23,110,110,subject with repeated measurements in columns,"{""ID"":{""distinct"":110,""duplicate_nonmissing_rows"":0,""nonmissing"":110},""[unnamed_index]"":{""distinct"":110,""duplicate_nonmissing_rows"":0,""nonmissing"":110}}",data_dictionary/sources/hr_vilage/antibody/GSE48023_antibody.csv,not_applicable,Use study_ID plus local ID; ID is not a global participant identifier.,e475edc8c53a6cec39328382dec9fa9ad09e238a18d90a55c17cfafb326d7c11,GSE48023,HF:antibody/GSE48023_antibody.csv
19,15,13,subject with repeated measurements in columns,"{""ID"":{""distinct"":13,""duplicate_nonmissing_rows"":2,""nonmissing"":15}}",data_dictionary/sources/hr_vilage/antibody/GSE48762_antibody.csv,not_applicable,Use study_ID plus local ID; ID is not a global participant identifier.,120bffb4d342b1239767f2a2668480800a57c5dcf3eea3b348c429599854a3cc,GSE48762,HF:antibody/GSE48762_antibody.csv
23,19,19,subject with repeated measurements in columns,"{""ID"":{""distinct"":19,""duplicate_nonmissing_rows"":0,""nonmissing"":19},""[unnamed_index]"":{""distinct"":19,""duplicate_nonmissing_rows"":0,""nonmissing"":19}}",data_dictionary/sources/hr_vilage/antibody/GSE59635_antibody.csv,not_applicable,Use study_ID plus local ID; ID is not a global participant identifier.,62a5ca00967e79a786e6985f4b980b67f4a174fc35dd2c196d91a0c36bdc9415,GSE59635,HF:antibody/GSE59635_antibody.csv
10,69,69,subject with repeated measurements in columns,"{""ID"":{""distinct"":69,""duplicate_nonmissing_rows"":0,""nonmissing"":69},""[unnamed_index]"":{""distinct"":69,""duplicate_nonmissing_rows"":0,""nonmissing"":69}}",data_dictionary/sources/hr_vilage/antibody/GSE59654_antibody.csv,not_applicable,Use study_ID plus local ID; ID is not a global participant identifier.,76b63892649911b466b1e5fae2d0e0a77038e1c115e71d76d405e3225fbd810b,GSE59654,HF:antibody/GSE59654_antibody.csv
25,30,30,subject with repeated measurements in columns,"{""ID"":{""distinct"":30,""duplicate_nonmissing_rows"":0,""nonmissing"":30},""[unnamed_index]"":{""distinct"":30,""duplicate_nonmissing_rows"":0,""nonmissing"":30}}",data_dictionary/sources/hr_vilage/antibody/GSE59743_antibody.csv,not_applicable,Use study_ID plus local ID; ID is not a global participant identifier.,15bebbf192279d7737032859582eeda360cc086a29cdc1aa9531e3964ad860cd,GSE59743,HF:antibody/GSE59743_antibody.csv
8,133,133,subject with repeated measurements in columns,"{""ID"":{""distinct"":133,""duplicate_nonmissing_rows"":0,""nonmissing"":133},""[unnamed_index]"":{""distinct"":133,""duplicate_nonmissing_rows"":0,""nonmissing"":133}}",data_dictionary/sources/hr_vilage/antibody/GSE68310_antibody.csv,not_applicable,Use study_ID plus local ID; ID is not a global participant identifier.,4c156bfad95a708bff9330fec5d2ef1747df76de09af1ebd660b46b4df810794,GSE68310,HF:antibody/GSE68310_antibody.csv
9,28,28,subject with repeated measurements in columns,"{""ID"":{""distinct"":28,""duplicate_nonmissing_rows"":0,""nonmissing"":28}}",data_dictionary/sources/hr_vilage/antibody/GSE74811_antibody.csv,not_applicable,Use study_ID plus local ID; ID is not a global participant identifier.,6bff02566307a7a6da42e1a44aae156f76521ab97ab85c221cc4fed3ed2a81c6,GSE74811,HF:antibody/GSE74811_antibody.csv
9,63,63,subject with repeated measurements in columns,"{""ID"":{""distinct"":63,""duplicate_nonmissing_rows"":0,""nonmissing"":63}}",data_dictionary/sources/hr_vilage/antibody/GSE74813_antibody.csv,not_applicable,Use study_ID plus local ID; ID is not a global participant identifier.,8f2d9e8a16d60cb617c13875d7c47f5a1bae426cd0e963eed10f2b37b8e50271,GSE74813,HF:antibody/GSE74813_antibody.csv
9,26,26,subject with repeated measurements in columns,"{""ID"":{""distinct"":26,""duplicate_nonmissing_rows"":0,""nonmissing"":26}}",data_dictionary/sources/hr_vilage/antibody/GSE74815_antibody.csv,not_applicable,Use study_ID plus local ID; ID is not a global participant identifier.,5756751989fc078483c77056895a8ed88ae3fbd2ac07f03b232d9a4a00474cc7,GSE74815,HF:antibody/GSE74815_antibody.csv
9,72,72,subject with repeated measurements in columns,"{""ID"":{""distinct"":72,""duplicate_nonmissing_rows"":0,""nonmissing"":72}}",data_dictionary/sources/hr_vilage/antibody/GSE74816_antibody.csv,not_applicable,Use study_ID plus local ID; ID is not a global participant identifier.,a1cac08add870ee5adc0b822ca963e0c4b1a08f3b02b66b030680279f860f624,GSE74816,HF:antibody/GSE74816_antibody.csv
9,91,91,subject with repeated measurements in columns,"{""ID"":{""distinct"":91,""duplicate_nonmissing_rows"":0,""nonmissing"":91}}",data_dictionary/sources/hr_vilage/antibody/SDY112_antibody.csv,not_applicable,Use study_ID plus local ID; ID is not a global participant identifier.,27a2c56e9fad3426fd4022c5453c3d4706eb47f4bc58f5a38264d3eb3886c6e6,SDY112,HF:antibody/SDY112_antibody.csv
9,63,63,subject with repeated measurements in columns,"{""ID"":{""distinct"":63,""duplicate_nonmissing_rows"":0,""nonmissing"":63}}",data_dictionary/sources/hr_vilage/antibody/SDY311_antibody.csv,not_applicable,Use study_ID plus local ID; ID is not a global participant identifier.,2c7690b20f78e00bb79abb477bec3016b74e815f6cb9b6f9c542697e732ed9d5,SDY311,HF:antibody/SDY311_antibody.csv
17,73,73,subject with repeated measurements in columns,"{""ID"":{""distinct"":73,""duplicate_nonmissing_rows"":0,""nonmissing"":73}}",data_dictionary/sources/hr_vilage/antibody/SDY312_antibody.csv,not_applicable,Use study_ID plus local ID; ID is not a global participant identifier.,45081e97178f567fafecc56dc20a400b7f949eeff2828af7efe051002118a1d6,SDY312,HF:antibody/SDY312_antibody.csv
15,90,90,subject with repeated measurements in columns,"{""ID"":{""distinct"":90,""duplicate_nonmissing_rows"":0,""nonmissing"":90}}",data_dictionary/sources/hr_vilage/antibody/SDY314_antibody.csv,not_applicable,Use study_ID plus local ID; ID is not a global participant identifier.,0e368cab6d9dc1c4f1e9d0fd6ce270809bee6f948ba56208523ff0929b04cc1e,SDY314,HF:antibody/SDY314_antibody.csv
9,69,69,subject with repeated measurements in columns,"{""ID"":{""distinct"":69,""duplicate_nonmissing_rows"":0,""nonmissing"":69}}",data_dictionary/sources/hr_vilage/antibody/SDY315_antibody.csv,not_applicable,Use study_ID plus local ID; ID is not a global participant identifier.,90a9bc1370478fa74ef5945e39b7806c636192ee2bd02eaf7a23317d5668c635,SDY315,HF:antibody/SDY315_antibody.csv
8,16,16,subject with repeated measurements in columns,"{""ID"":{""distinct"":16,""duplicate_nonmissing_rows"":0,""nonmissing"":16}}",data_dictionary/sources/hr_vilage/antibody/challenge_covid19_antibody.csv,not_applicable,Use study_ID plus local ID; ID is not a global participant identifier.,22ad28cf4f49ae4690a8d78ebb68366659789b79f8ecf2c6bc2e1556b3197615,challenge_covid19,HF:antibody/challenge_covid19_antibody.csv
16,66,,resource metadata row,"{""study_ID"":{""distinct"":66,""duplicate_nonmissing_rows"":0,""nonmissing"":66}}",data_dictionary/sources/hr_vilage/study_meta.csv,not_applicable,Use study_ID plus local ID; ID is not a global participant identifier.,48977830c893ed1babf334c16a24b52e9f701cc239b1b3b3be747fdf1371e1f1,,HF:study_meta.csv
6,66,,resource metadata row,"{""study_ID"":{""distinct"":66,""duplicate_nonmissing_rows"":0,""nonmissing"":66}}",data_dictionary/sources/hr_vilage/study_citations.csv,not_applicable,Use study_ID plus local ID; ID is not a global participant identifier.,778a24884e106d3b3b52256a0360ef469d5df63cb3d65d1fbbb8ce711471c51f,,HF:study_citations.csv
2,49,,resource metadata row,{},data_dictionary/sources/hr_vilage/Meta_variable_description.csv,not_applicable,Use study_ID plus local ID; ID is not a global participant identifier.,aa561def597fee0e3ec0c04cd7ab71f470ec83babfcadf145f0a63c3b0c98b17,,HF:Meta_variable_description.csv
