critic_run_id,role,scope,timestamp_start,timestamp_end,independence
CR-CYT-20260912-01,Adversarial Biological Reviewer,"Independent adversarial biological review of research/cytokine/pack.json and protocol/PROTOCOL.md v0.1.0; all 24 cytokine assertions and their saved primary-source evidence were inspected. This reviewer did not author the cytokine pack. This is agent review, not human adjudication.",2026-09-12T17:21:26Z,2026-09-12T17:26:57Z,separate_agent_not_extractor_for_reviewed_lane
XCH-FINAL-RECHECK-20260913-01,Adversarial Biological Reviewer,"Independent biological review of final chemokine expansion: four new primary human assertions, two associated source/cohort records, retained full-text gates, null semantics and exact source bundle. Preparatory primary-passage inspection preceded this timestamped final hash-validation and serialization phase. Earlier review artifacts remain immutable.",2026-09-13T18:49:52.567465+00:00,2026-09-13T18:49:52.581857+00:00,separate_agent_not_extractor_for_reviewed_lane
XCH-RECHECK-20260913-01,Adversarial Biological Reviewer,"Independent biological recheck of chemokine expansion repairs, full Provost methods and final source bundle; original review immutable. Preparatory passage inspection preceded final timestamped hash-validation phase.",2026-09-13T18:30:41.492820+00:00,2026-09-13T18:30:41.503811+00:00,separate_agent_not_extractor_for_reviewed_lane
XCH-REVIEW-20260913-01,Adversarial Biological Reviewer,"Independent adversarial biological review of research/chemokine_expansion/pack.json at the recorded hash. Reviewer did not author or edit this pack. All22 assertions and12 cohort records were inspected, with relevant saved primary Methods,Results,captions and explicit access limits checked. Cytokine expansion excluded because this reviewer authored it. No integrated network or code review is claimed.",2026-09-13 18:05:14 UTC,2026-09-13 18:09:58 UTC,separate_agent_not_extractor_for_reviewed_lane
biological-review-multiomic-20260912-01,Adversarial Biological Reviewer,"Independent adversarial biological review of research/proteomic/pack.json and research/genomic/pack.json. The reviewer did not author either pack and did not edit them. Cytokine pack excluded because this reviewer authored it. Review addresses evidence extraction, source locators, molecular layers, evidence grades, species, context, donor reuse and null/discordant results. Integrated network and code review are separate.",2026-09-12 17:21:35 UTC,2026-09-12 17:30:11 UTC,separate_agent_not_extractor_for_reviewed_lane
curation-review-CUR02-20260913-01,Adversarial Biological Reviewer,"Independent descriptive literature-extraction review of four root-authored Release 0.2 curation overlays (C-A12, C-A18, C-A19, C-A20) merged onto research/cytokine/pack.json, including their affected source and cohort records. Scope: exact outcome, donor versus technical-replicate interpretation, measured compartment, hypothesis relation and contradictions inherited from base fields. Reviewer did not author these corrections or retrieve their stored passages. This review does not propose experimental procedures or provide human adjudication.",2026-09-13 18:00:27 UTC,2026-09-13 18:03:49 UTC,separate_agent_not_extractor_for_reviewed_lane
cytokine-review-CYT02-20260913-01,Adversarial Biological Reviewer,"Independent descriptive primary-literature extraction review of all 22 assertions in finalized research/cytokine_expansion/pack.json at the user-specified hash. Compared the eight source records, eight cohort records, all nine referenced primary snapshots (including XCI-S01 additional_snapshot_paths), scoring annotations and notes. Focus: human versus nonhuman experimental arm, measured layer and compartment, source-specific exposure context, donor versus technical replication, conflicting source numbers and inconclusive nulls. Reviewer did not author this lane or edit the pack. No experimental design or additional procedural detail is proposed.",2026-09-13 18:06:02 UTC,2026-09-13 18:09:36 UTC,separate_agent_not_extractor_for_reviewed_lane
implementation-review-20260912-01,Adversarial Biological Reviewer,"Independent scientific/data-integrity and implementation review of scripts/kb.py, tests/test_kb.py and protocol/PROTOCOL.md, with scoring annotations inspected as a dependency. The reviewer authored the genomic evidence pack but did not author or edit the reviewed compiler, tests or protocol. Review focuses on hypothesis polarity, source-derived numerical gating, molecular layers, cohort reuse, entity identity, compatible paths and freeze provenance. Parent coordinator was repairing the implementation concurrently; findings identify the reviewed snapshot and are open for coordinator disposition.",2026-09-12 19:10:48 UTC,2026-09-12 19:25:28 UTC,separate_agent_not_extractor_for_reviewed_lane
implementation-review-IMPL02-20260913-01,Adversarial Biological Reviewer,"Independent software-only adversarial review of the root-authored Release 0.2 compiler, scoring annotation generator, snapshot sanitizer and tests; lifecycle comparison against the archived Release 0.1 compiler. Scope: immutable release manifests, predecessor dependency closure, exact-file review approval, screening validation, targeted credential redaction and explicit security-redaction ledgers. This reviewer did not author or modify the implementation. No primary biological sources were retrieved or reviewed; all acceptance probes used synthetic data.",2026-09-13 17:42:36 UTC,2026-09-13 17:46:16 UTC,separate_agent_not_extractor_for_reviewed_lane
proteomic-curation-review-PCUR02-20260913-01,Adversarial Biological Reviewer,"Independent descriptive extraction review of three root-authored proteomic assertion overlays P_A01, P_A07 and P_A08, their P_S01/P_S03 source overlays and P_C01_IL34/P_C03 cohort overlays in data/curation_overrides_0.2.json, merged with research/proteomic/pack.json. Read both primary follow-up snapshots and all four additional publisher text/HTML snapshots. This review concerns these seven objects only; cytokine and genomic overlays are outside this review. No pack, curation or source content edited; no experimental design or new procedures proposed.",2026-09-13 18:28:21 UTC,2026-09-13 18:31:06 UTC,separate_agent_not_extractor_for_reviewed_lane
receptor-review-REC02-20260913-01,Adversarial Biological Reviewer,"Independent descriptive primary-literature extraction review of all 20 root-authored assertions in research/receptor_expansion/pack.json at SHA256 e588cdfd282e3311e4c98ab5372913aa205b1aadcb816a86a179fc3e46b454d3. Read all six primary and three additional source declarations, representing eight unique snapshot files, and compared assertions, cohorts, scoring annotations and notes. Focus: human versus nonhuman arms, measured molecular layers and compartments, ligand/receptor form identity, source-specific dose/time, donor versus technical repeats, quantitative outputs, contradictory source values, source locators and inconclusive nulls. Reviewer did not author or edit this pack. No experimental design or added procedures are proposed.",2026-09-13 18:21:08 UTC,2026-09-13 18:26:59 UTC,separate_agent_not_extractor_for_reviewed_lane
