Entry	Entry Name	Reviewed	Gene Names (primary)	Gene Names	Protein names	Organism (ID)	Keyword ID	Gene Ontology IDs
A0A384N611	A0A384N611_HUMAN	unreviewed			Protein Wnt	9606	KW-0217; KW-1015; KW-0272; KW-0325; KW-0449; KW-0964; KW-0732; KW-0879	GO:0003138; GO:0003139; GO:0003281; GO:0003283; GO:0005109; GO:0005125; GO:0007223; GO:0008595; GO:0009986; GO:0010976; GO:0019904; GO:0021891; GO:0031012; GO:0032729; GO:0032731; GO:0032755; GO:0032757; GO:0032760; GO:0035022; GO:0036517; GO:0036518; GO:0043122; GO:0045893; GO:0046330; GO:0048022; GO:0051885; GO:0051964; GO:0071219; GO:0090090; GO:0097325; GO:0098685; GO:0098794; GO:0098978; GO:0099170; GO:0150012; GO:1902379; GO:1904934; GO:1904948; GO:2000052; GO:2001235
A8K571	A8K571_HUMAN	unreviewed	BMP7	BMP7 hCG_40100	Bone morphogenetic protein 7 (Osteogenic protein 1)	9606	KW-0891; KW-0202; KW-0217; KW-0221; KW-1015; KW-0325; KW-0339; KW-0892; KW-0964; KW-0732	GO:0001501; GO:0001654; GO:0001657; GO:0003272; GO:0003344; GO:0008083; GO:0008201; GO:0008285; GO:0010718; GO:0021502; GO:0030509; GO:0030902; GO:0031012; GO:0031982; GO:0032355; GO:0033280; GO:0043434; GO:0045665; GO:0045893; GO:0048738; GO:0048812; GO:0060037; GO:0060391; GO:0060411; GO:0060710; GO:0061384; GO:0070700; GO:0072133; GO:0072134; GO:0072136; GO:1905069; GO:1905312; GO:2000026
C1K3N5	C1K3N5_HUMAN	unreviewed	TNF	TNF	Tumor necrosis factor (TNF-a) (Cachectin) (TNF-alpha) (Tumor necrosis factor ligand superfamily member 2) [Cleaved into: Intracellular domain 1 (ICD1); Intracellular domain 2 (ICD2); C-domain 1; C-domain 2; Tumor necrosis factor, soluble form]	9606	KW-1003; KW-0202; KW-1015; KW-0449; KW-0472; KW-0519; KW-0597; KW-0964; KW-0735; KW-0812; KW-1133	GO:0002700; GO:0005125; GO:0005164; GO:0005576; GO:0005886; GO:0010573; GO:0031349; GO:0033209; GO:0043123; GO:0045087; GO:0050678; GO:0050793; GO:0050804; GO:0051046; GO:0051239; GO:0072659; GO:0097527; GO:1903829
Q53XC5	Q53XC5_HUMAN	unreviewed	BMP4	BMP4 hCG_20967	Bone morphogenetic protein 4	9606	KW-0891; KW-0165; KW-0202; KW-0217; KW-0221; KW-1015; KW-0325; KW-0339; KW-0892; KW-0964; KW-0732	GO:0001649; GO:0001938; GO:0001958; GO:0002062; GO:0002573; GO:0003129; GO:0003148; GO:0003149; GO:0003180; GO:0003184; GO:0003197; GO:0005125; GO:0005576; GO:0008083; GO:0008201; GO:0010467; GO:0010628; GO:0010718; GO:0021537; GO:0022408; GO:0030501; GO:0030513; GO:0035990; GO:0035993; GO:0039706; GO:0043065; GO:0045603; GO:0048662; GO:0048745; GO:0048863; GO:0055007; GO:0060391; GO:0060426; GO:0060441; GO:0060976; GO:0061036; GO:0061047; GO:0061626; GO:0070700; GO:0071773; GO:0072104; GO:0072197; GO:0090191; GO:1900745; GO:1901331; GO:1902895; GO:1905312; GO:2000725; GO:2001237
Q53ZZ1	Q53ZZ1_HUMAN	unreviewed	TNFSF6	TNFSF6 FASLG TNLG1A hCG_37643	Tumor necrosis factor ligand superfamily member 6 (CD95 ligand) (Fas antigen ligand)	9606	KW-0053; KW-1003; KW-0202; KW-0968; KW-1015; KW-0325; KW-0458; KW-0472; KW-0539; KW-0678; KW-0964; KW-0735; KW-0804; KW-0805; KW-0812; KW-1133; KW-0832	GO:0005123; GO:0005164; GO:0005576; GO:0005634; GO:0005886; GO:0005901; GO:0006925; GO:0008284; GO:0008625; GO:0009897; GO:0030644; GO:0032496; GO:0043202; GO:0043525; GO:0045742; GO:0048388; GO:0048471; GO:0060205; GO:0070848; GO:0071346
Q5STB3	Q5STB3_HUMAN	unreviewed	TNF	TNF TNLG1F hCG_43716	Tumor necrosis factor (TNF-a) (Cachectin) (TNF-alpha) (Tumor necrosis factor ligand superfamily member 2) [Cleaved into: Intracellular domain 1 (ICD1); Intracellular domain 2 (ICD2); C-domain 1; C-domain 2; Tumor necrosis factor, soluble form]	9606	KW-1003; KW-0202; KW-1015; KW-0449; KW-0472; KW-0519; KW-0597; KW-0964; KW-0735; KW-0812; KW-1133	GO:0001666; GO:0001774; GO:0001891; GO:0001937; GO:0001975; GO:0002020; GO:0002037; GO:0002281; GO:0002639; GO:0003009; GO:0003085; GO:0005125; GO:0005164; GO:0005576; GO:0007259; GO:0007623; GO:0009410; GO:0009750; GO:0009897; GO:0010459; GO:0010573; GO:0014823; GO:0019722; GO:0031622; GO:0031642; GO:0031663; GO:0031667; GO:0032724; GO:0032741; GO:0033209; GO:0034116; GO:0034138; GO:0035900; GO:0036005; GO:0042311; GO:0043025; GO:0043066; GO:0043123; GO:0043525; GO:0045121; GO:0045471; GO:0045599; GO:0045668; GO:0045760; GO:0045840; GO:0045930; GO:0045944; GO:0046325; GO:0046677; GO:0050806; GO:0050807; GO:0050966; GO:0051222; GO:0051798; GO:0051897; GO:0055037; GO:0071300; GO:0071346; GO:0072577; GO:0090324; GO:0090594; GO:0097237; GO:0097421; GO:0097527; GO:0120190; GO:0140072; GO:0140460; GO:1900222; GO:1901224; GO:1902004; GO:1902065; GO:1902565; GO:1903078; GO:1904638; GO:1904646; GO:1904707; GO:1904880; GO:1905235; GO:1905242; GO:1990268; GO:2000347; GO:2000573; GO:2001238
Q6FGW4	Q6FGW4_HUMAN	unreviewed	IL10	IL10 hCG_22208	Interleukin family protein	9606	KW-0202; KW-1015; KW-0325; KW-0964; KW-0732	GO:0001938; GO:0005125; GO:0005141; GO:0005576; GO:0006955; GO:0009410; GO:0014823; GO:0014854; GO:0032496; GO:0032692; GO:0032695; GO:0032701; GO:0032715; GO:0032717; GO:0032720; GO:0032868; GO:0034115; GO:0034465; GO:0043032; GO:0045019; GO:0045787; GO:0045944; GO:0050807; GO:0051384; GO:0071392; GO:0071650; GO:0097421; GO:1903034; GO:1903377; GO:1903672; GO:1904706; GO:2000352
A0A140T922	A0A140T922_HUMAN	unreviewed	TNF	TNF	Tumor necrosis factor (TNF-a) (Cachectin) (TNF-alpha) (Tumor necrosis factor ligand superfamily member 2) [Cleaved into: Intracellular domain 1 (ICD1); Intracellular domain 2 (ICD2); C-domain 1; C-domain 2; Tumor necrosis factor, soluble form]	9606	KW-1003; KW-0202; KW-1015; KW-0449; KW-0472; KW-0519; KW-0597; KW-1267; KW-1185; KW-0964; KW-0735; KW-0812; KW-1133	GO:0002700; GO:0005125; GO:0005164; GO:0005576; GO:0005886; GO:0010573; GO:0031349; GO:0033209; GO:0043123; GO:0045087; GO:0050678; GO:0050793; GO:0050804; GO:0051046; GO:0051239; GO:0097527; GO:1903829
A0A2U3TZU2	A0A2U3TZU2_HUMAN	unreviewed	GPI	GPI pgi	Glucose-6-phosphate isomerase (EC 5.3.1.9)	9606	KW-0007; KW-0202; KW-0963; KW-0312; KW-0324; KW-0413; KW-0597; KW-1267; KW-1185; KW-0964; KW-0832	GO:0004347; GO:0005576; GO:0005737; GO:0006094; GO:0006096; GO:0047938; GO:0051156; GO:0097367
A0A977WMN2	A0A977WMN2_HUMAN	unreviewed	TNF	TNF	Tumor necrosis factor (TNF-a) (Cachectin) (TNF-alpha) (Tumor necrosis factor ligand superfamily member 2) [Cleaved into: Intracellular domain 1 (ICD1); Intracellular domain 2 (ICD2); C-domain 1; C-domain 2; Tumor necrosis factor, soluble form]	9606	KW-1003; KW-0202; KW-1015; KW-0449; KW-0472; KW-0519; KW-0597; KW-0964; KW-0735; KW-0812; KW-1133	GO:0002700; GO:0005125; GO:0005164; GO:0005576; GO:0005886; GO:0010573; GO:0031349; GO:0033209; GO:0043123; GO:0045087; GO:0050678; GO:0050793; GO:0050804; GO:0051046; GO:0051239; GO:0097527; GO:1903829
B5BUQ6	B5BUQ6_HUMAN	unreviewed	TNF	TNF	Tumor necrosis factor (TNF-a) (Cachectin) (TNF-alpha) (Tumor necrosis factor ligand superfamily member 2) [Cleaved into: Intracellular domain 1 (ICD1); Intracellular domain 2 (ICD2); C-domain 1; C-domain 2; Tumor necrosis factor, soluble form]	9606	KW-1003; KW-0202; KW-1015; KW-0449; KW-0472; KW-0519; KW-0597; KW-0964; KW-0735; KW-0812; KW-1133	GO:0002700; GO:0005125; GO:0005164; GO:0005576; GO:0005886; GO:0010573; GO:0031349; GO:0033209; GO:0043123; GO:0045087; GO:0050678; GO:0050793; GO:0050804; GO:0051046; GO:0051239; GO:0097527; GO:1903829
C1L3E0	C1L3E0_HUMAN	unreviewed	CD40LG	CD40LG	CD40 ligand (CD40-L) (Tumor necrosis factor ligand superfamily member 5)	9606	KW-1003; KW-0202; KW-1015; KW-0325; KW-0472; KW-0964; KW-0735; KW-0812; KW-1133	GO:0002682; GO:0005164; GO:0005174; GO:0005576; GO:0005886; GO:0006954; GO:0006955; GO:0007154; GO:0009986; GO:0010468; GO:0023052; GO:0030168; GO:0042100
C8C061	C8C061_HUMAN	unreviewed	BMP2	BMP2 hCG_39524	Bone morphogenetic protein 2	9606	KW-0891; KW-0165; KW-0202; KW-0217; KW-0221; KW-1015; KW-0325; KW-0339; KW-0892; KW-0964; KW-0732	GO:0001649; GO:0002573; GO:0003007; GO:0003129; GO:0005125; GO:0005576; GO:0008083; GO:0021537; GO:0022408; GO:0030501; GO:0030509; GO:0039706; GO:0043065; GO:0045597; GO:0048662; GO:0060391; GO:0060426; GO:0060537; GO:0061036; GO:0070700; GO:1900745; GO:2000725
I4AY87	I4AY87_HUMAN	unreviewed			Macrophage migration inhibitory factor (EC 5.3.2.1) (EC 5.3.3.12) (L-dopachrome isomerase) (L-dopachrome tautomerase) (Phenylpyruvate tautomerase)	9606	KW-0202; KW-0963; KW-0391; KW-0395; KW-0399; KW-0413; KW-0964	GO:0002020; GO:0002906; GO:0004167; GO:0005125; GO:0005576; GO:0005829; GO:0031666; GO:0032308; GO:0033033; GO:0043518; GO:0045089; GO:0048146; GO:0050178; GO:0061081; GO:0070374; GO:0090238; GO:2000343
Q13169	Q13169_HUMAN	unreviewed	IL2	IL2	Interleukin-2 (IL-2)	9606	KW-1064; KW-0202; KW-1015; KW-0325; KW-0339; KW-0391; KW-0964; KW-0732	GO:0005125; GO:0005134; GO:0005576; GO:0006955; GO:0007267; GO:0008083; GO:0008284; GO:0019209; GO:0030101; GO:0030217; GO:0030307; GO:0042102; GO:0043066; GO:0045621
Q3L8U2	Q3L8U2_HUMAN	unreviewed	TNFSF5	TNFSF5	CD40 ligand (CD40-L) (Tumor necrosis factor ligand superfamily member 5)	9606	KW-1003; KW-0202; KW-1015; KW-0325; KW-0472; KW-0964; KW-0735; KW-0812; KW-1133	GO:0002682; GO:0005164; GO:0005174; GO:0005576; GO:0005886; GO:0006954; GO:0006955; GO:0007154; GO:0009986; GO:0010468; GO:0023052; GO:0030168; GO:0042100
A0A0A6YY99	A0A0A6YY99_HUMAN	unreviewed	TNFSF12-TNFSF13	TNFSF12-TNFSF13	Tumor necrosis factor ligand superfamily member 13 (A proliferation-inducing ligand)	9606	KW-0165; KW-0202; KW-1015; KW-0325; KW-0391; KW-1267; KW-1185; KW-0964	GO:0005164; GO:0005576; GO:0006955; GO:0007154; GO:0008284; GO:0016020; GO:0023052; GO:0048298
A0A0C4DGX3	A0A0C4DGX3_HUMAN	unreviewed	EDA	EDA	Ectodysplasin-A	9606	KW-1003; KW-0165; KW-0176; KW-0202; KW-0217; KW-0221; KW-1015; KW-0325; KW-0472; KW-1267; KW-1185; KW-0964; KW-0735; KW-0812; KW-1133	GO:0005164; GO:0005576; GO:0005886; GO:0006955; GO:0007154; GO:0023052; GO:0042475; GO:0043123; GO:1901222
A0A0H3VB22	A0A0H3VB22_HUMAN	unreviewed	FASLG	FASLG	Tumor necrosis factor ligand superfamily member 6 (CD95 ligand) (Fas antigen ligand)	9606	KW-0053; KW-1003; KW-0202; KW-0968; KW-1015; KW-0325; KW-0458; KW-0472; KW-0539; KW-0678; KW-0964; KW-0735; KW-0804; KW-0805; KW-0812; KW-1133; KW-0832	GO:0005164; GO:0005576; GO:0005634; GO:0005886; GO:0006955; GO:0008625; GO:0043202; GO:0060205
A0A0U5EM55	A0A0U5EM55_HUMAN	unreviewed	TNLG6A	TNLG6A	Tumor necrosis factor ligand superfamily member	9606	KW-0053; KW-1003; KW-0202; KW-0472; KW-0479; KW-0597; KW-0964; KW-0735; KW-0812; KW-1133; KW-0862	GO:0005125; GO:0005164; GO:0005576; GO:0005886; GO:0006955; GO:2001238
A0A0U5EM56	A0A0U5EM56_HUMAN	unreviewed	TNLG7B	TNLG7B	Tumor necrosis factor ligand superfamily member 13 (A proliferation-inducing ligand)	9606	KW-0165; KW-0202; KW-1015; KW-0325; KW-0391; KW-0472; KW-0964; KW-0812; KW-1133	GO:0005164; GO:0005576; GO:0006955; GO:0007154; GO:0008284; GO:0016020; GO:0023052; GO:0048298
A0A0U5J5F5	A0A0U5J5F5_HUMAN	unreviewed	TNLG4A	TNLG4A hCG_1991317	Tumor necrosis factor ligand superfamily member 12 (TNF-related weak inducer of apoptosis)	9606	KW-0037; KW-0053; KW-1003; KW-0165; KW-0202; KW-0217; KW-0221; KW-1015; KW-0325; KW-0472; KW-0964; KW-0735; KW-0812; KW-1133	GO:0005164; GO:0005576; GO:0005886; GO:0006915; GO:0006955; GO:0007165
A0A0U5J797	A0A0U5J797_HUMAN	unreviewed	TNLG7C	TNLG7C	Ectodysplasin-A	9606	KW-1003; KW-0165; KW-0176; KW-0202; KW-0217; KW-0221; KW-1015; KW-0325; KW-0472; KW-0964; KW-0735; KW-0812; KW-1133	GO:0005164; GO:0005576; GO:0005886; GO:0006955; GO:0007154; GO:0023052; GO:0042475; GO:0043123; GO:1901222
A0A0U5JA32	A0A0U5JA32_HUMAN	unreviewed	TNLG8A	TNLG8A	CD70 antigen (CD27 ligand) (Tumor necrosis factor ligand superfamily member 7)	9606	KW-1003; KW-0202; KW-1015; KW-0325; KW-0472; KW-0735; KW-0812; KW-1133	GO:0005164; GO:0005886; GO:0006955; GO:0033209; GO:0042098; GO:0048018
A0A0U5JXL4	A0A0U5JXL4_HUMAN	unreviewed	TNLG2A	TNLG2A	Tumor necrosis factor ligand superfamily member 18 (Glucocorticoid-induced TNF-related ligand)	9606	KW-1064; KW-1003; KW-0202; KW-1015; KW-0325; KW-0391; KW-0472; KW-0735; KW-0812; KW-1133	GO:0002309; GO:0002687; GO:0005164; GO:0005886; GO:0033209; GO:0042802; GO:0045785
A0A224B028	A0A224B028_HUMAN	unreviewed	IL-21	IL-21 IL21 hCG_38188	Interleukin	9606	KW-0202; KW-1015; KW-0964; KW-0732	GO:0001819; GO:0002314; GO:0002639; GO:0005126; GO:0005576; GO:0045954; GO:0051251; GO:0061470; GO:0098586
A0A7P0T862	A0A7P0T862_HUMAN	unreviewed	NAMPT	NAMPT	Nicotinamide phosphoribosyltransferase (EC 2.4.2.12) (Visfatin)	9606	KW-0007; KW-0090; KW-0202; KW-0963; KW-0328; KW-0539; KW-0597; KW-1267; KW-0662; KW-1185; KW-0964; KW-0808	GO:0005576; GO:0005634; GO:0005737; GO:0009435; GO:0042802; GO:0047280
A0A7P0T895	A0A7P0T895_HUMAN	unreviewed	NAMPT	NAMPT	Nicotinamide phosphoribosyltransferase (NAmPRTase) (EC 2.4.2.12)	9606	KW-0007; KW-0090; KW-0202; KW-0963; KW-0328; KW-0539; KW-0597; KW-1267; KW-0662; KW-1185; KW-0964; KW-0808	GO:0005125; GO:0005576; GO:0005634; GO:0005737; GO:0009435; GO:0032922; GO:0042802; GO:0047280
A0A7P0T8L3	A0A7P0T8L3_HUMAN	unreviewed	NAMPT	NAMPT	Nicotinamide phosphoribosyltransferase (NAmPRTase) (EC 2.4.2.12)	9606	KW-0007; KW-0090; KW-0202; KW-0963; KW-0328; KW-0539; KW-0597; KW-1267; KW-0662; KW-1185; KW-0964; KW-0808	GO:0005125; GO:0005576; GO:0005634; GO:0005737; GO:0009435; GO:0032922; GO:0042802; GO:0047280
A0A7P0T931	A0A7P0T931_HUMAN	unreviewed	NAMPT	NAMPT	Nicotinamide phosphoribosyltransferase (EC 2.4.2.12) (Visfatin)	9606	KW-0007; KW-0090; KW-0202; KW-0963; KW-0328; KW-0539; KW-0597; KW-1267; KW-0662; KW-1185; KW-0964; KW-0808	GO:0005576; GO:0005634; GO:0005737; GO:0009435; GO:0042802; GO:0047280
A0A7P0T9I9	A0A7P0T9I9_HUMAN	unreviewed	NAMPT	NAMPT	Nicotinamide phosphoribosyltransferase (NAmPRTase) (EC 2.4.2.12)	9606	KW-0007; KW-0090; KW-0202; KW-0963; KW-0328; KW-0539; KW-0597; KW-1267; KW-0662; KW-1185; KW-0964; KW-0808	GO:0005125; GO:0005576; GO:0005634; GO:0005737; GO:0009435; GO:0032922; GO:0042802; GO:0047280
A0A7P0TAS5	A0A7P0TAS5_HUMAN	unreviewed	NAMPT	NAMPT	Nicotinamide phosphoribosyltransferase (EC 2.4.2.12) (Visfatin)	9606	KW-0007; KW-0090; KW-0202; KW-0963; KW-0328; KW-0539; KW-0597; KW-1267; KW-0662; KW-1185; KW-0964; KW-0808	GO:0005576; GO:0005634; GO:0005737; GO:0009435; GO:0042802; GO:0047280
A0A8C8KBU6	A0A8C8KBU6_HUMAN	unreviewed	IL16	IL16	Pro-interleukin-16 [Cleaved into: Interleukin-16 (IL-16) (Lymphocyte chemoattractant factor) (LCF)]	9606	KW-0145; KW-0202; KW-0963; KW-0539; KW-0597; KW-1267; KW-1185; KW-0677; KW-0964; KW-0804; KW-0805	GO:0002376; GO:0005102; GO:0005125; GO:0005576; GO:0005829; GO:0016607; GO:0050930
A0A8V8TNL2	A0A8V8TNL2_HUMAN	unreviewed	TNF	TNF	Tumor necrosis factor (TNF-a) (Cachectin) (TNF-alpha) (Tumor necrosis factor ligand superfamily member 2) [Cleaved into: Intracellular domain 1 (ICD1); Intracellular domain 2 (ICD2); C-domain 1; C-domain 2; Tumor necrosis factor, soluble form]	9606	KW-1003; KW-0202; KW-1015; KW-0449; KW-0472; KW-0519; KW-0597; KW-1267; KW-1185; KW-0964; KW-0735; KW-0812; KW-1133	GO:0005125; GO:0005164; GO:0005576; GO:0005886; GO:0006955; GO:0010573; GO:0097527
A0A8V8TP82	A0A8V8TP82_HUMAN	unreviewed	TNFSF12	TNFSF12	Tumor necrosis factor ligand superfamily member 12 (TNF-related weak inducer of apoptosis)	9606	KW-0037; KW-0053; KW-1003; KW-0165; KW-0202; KW-0217; KW-0221; KW-1015; KW-0325; KW-0472; KW-1267; KW-1185; KW-0964; KW-0735; KW-0812; KW-1133	GO:0005164; GO:0005576; GO:0005886; GO:0006915; GO:0006955; GO:0007165
A0ACI8PSL2	A0ACI8PSL2_HUMAN	unreviewed	FASLG	FASLG	Tumor necrosis factor ligand superfamily member 6 (CD95 ligand) (Fas antigen ligand)	9606	KW-0053; KW-1003; KW-0202; KW-0968; KW-1015; KW-0325; KW-0458; KW-0472; KW-0539; KW-1267; KW-1185; KW-0678; KW-0964; KW-0735; KW-0804; KW-0805; KW-0812; KW-1133; KW-0832	
A0ACI8RLY7	A0ACI8RLY7_HUMAN	unreviewed	GPI	GPI pgi	Glucose-6-phosphate isomerase (EC 5.3.1.9)	9606	KW-0007; KW-0202; KW-0963; KW-0312; KW-0324; KW-0413; KW-0597; KW-1267; KW-1185; KW-0964; KW-0832	
A0ACI8RZX5	A0ACI8RZX5_HUMAN	unreviewed	GPI	GPI pgi	Glucose-6-phosphate isomerase (EC 5.3.1.9)	9606	KW-0007; KW-0202; KW-0963; KW-0312; KW-0324; KW-0413; KW-0597; KW-1267; KW-1185; KW-0964; KW-0832	
A1C2E7	A1C2E7_HUMAN	unreviewed	GDF8	GDF8	Growth/differentiation factor 8 (GDF-8) (Myostatin)	9606	KW-0165; KW-0202; KW-1015; KW-0325; KW-0339; KW-0358; KW-0964; KW-0732	GO:0005102; GO:0005125; GO:0005576; GO:0008083; GO:0048632; GO:1902723; GO:1902725; GO:2000818
A1C2E8	A1C2E8_HUMAN	unreviewed	GDF8	GDF8	Growth/differentiation factor 8 (GDF-8) (Myostatin)	9606	KW-0165; KW-0202; KW-1015; KW-0325; KW-0339; KW-0358; KW-0964; KW-0732	GO:0005102; GO:0005125; GO:0005576; GO:0008083; GO:0048632; GO:1902723; GO:1902725; GO:2000818
A1C2F0	A1C2F0_HUMAN	unreviewed	GDF8	GDF8	Growth/differentiation factor 8 (GDF-8) (Myostatin)	9606	KW-0165; KW-0202; KW-1015; KW-0325; KW-0339; KW-0358; KW-0964; KW-0732	GO:0005102; GO:0005125; GO:0005576; GO:0008083; GO:0048632; GO:1902723; GO:1902725; GO:2000818
A1C2F2	A1C2F2_HUMAN	unreviewed	GDF8	GDF8	Growth/differentiation factor 8 (GDF-8) (Myostatin)	9606	KW-0165; KW-0202; KW-1015; KW-0325; KW-0339; KW-0358; KW-0964; KW-0732	GO:0005102; GO:0005125; GO:0005576; GO:0008083; GO:0048632; GO:1902723; GO:1902725; GO:2000818
A1C2F7	A1C2F7_HUMAN	unreviewed	GDF8	GDF8	Growth/differentiation factor 8 (GDF-8) (Myostatin)	9606	KW-0165; KW-0202; KW-1015; KW-0325; KW-0339; KW-0358; KW-0964; KW-0732	GO:0005102; GO:0005125; GO:0005576; GO:0008083; GO:0048632; GO:1902723; GO:1902725; GO:2000818
A1C2G8	A1C2G8_HUMAN	unreviewed	GDF8	GDF8	Growth/differentiation factor 8 (GDF-8) (Myostatin)	9606	KW-0165; KW-0202; KW-1015; KW-0325; KW-0339; KW-0358; KW-0964; KW-0732	GO:0005102; GO:0005125; GO:0005576; GO:0008083; GO:0048632; GO:1902723; GO:1902725; GO:2000818
A1C2K4	A1C2K4_HUMAN	unreviewed	GDF8	GDF8	Growth/differentiation factor 8 (GDF-8) (Myostatin)	9606	KW-0165; KW-0202; KW-1015; KW-0325; KW-0339; KW-0358; KW-0964; KW-0732	GO:0005102; GO:0005125; GO:0005576; GO:0008083; GO:0048632; GO:1902723; GO:1902725; GO:2000818
A6MUU8	A6MUU8_HUMAN	unreviewed	MIF	MIF	Macrophage migration inhibitory factor (EC 5.3.2.1) (EC 5.3.3.12) (L-dopachrome isomerase) (L-dopachrome tautomerase) (Phenylpyruvate tautomerase)	9606	KW-0202; KW-0963; KW-0391; KW-0395; KW-0399; KW-0413; KW-0964	GO:0004167; GO:0005576; GO:0005737; GO:0050178; GO:0080135
A6XAA7	A6XAA7_HUMAN	unreviewed	GREM1	GREM1 hCG_1811964	Gremlin	9606	KW-0202; KW-1015; KW-0325; KW-0964; KW-0732	GO:0002042; GO:0002092; GO:0003337; GO:0005576; GO:0009986; GO:0030297; GO:0043184; GO:0045766; GO:0045892; GO:0045944; GO:0048018; GO:0051893; GO:0055007; GO:0060379; GO:0060676; GO:0090050; GO:0090190; GO:1900748
B0JFA2	B0JFA2_HUMAN	unreviewed	IL4	IL4	Interleukin-4 (IL-4) (B-cell stimulatory factor 1) (Lymphocyte stimulatory factor 1)	9606	KW-0075; KW-0202; KW-1015; KW-0325; KW-0339; KW-0964; KW-0732	GO:0005136; GO:0005576; GO:0006955; GO:0008083; GO:0010628; GO:0030335; GO:0042113; GO:0051239
B1AKZ9	B1AKZ9_HUMAN	unreviewed	BMP7	BMP7	Bone morphogenetic protein 7 (Osteogenic protein 1)	9606	KW-0891; KW-0202; KW-0217; KW-0221; KW-1015; KW-0325; KW-0339; KW-0892; KW-1267; KW-1185; KW-0964; KW-0732	GO:0001501; GO:0001656; GO:0001823; GO:0005576; GO:0008083; GO:0008285; GO:0030509; GO:0045597; GO:0045665; GO:0045893; GO:0048812; GO:0051240; GO:0060391; GO:0060485; GO:0070700; GO:0098609; GO:2000026
B2RC63	B2RC63_HUMAN	unreviewed			Growth/differentiation factor 2 (Bone morphogenetic protein 9)	9606	KW-0165; KW-0202; KW-1015; KW-0325; KW-0339; KW-0964; KW-0732	GO:0001503; GO:0001569; GO:0001938; GO:0005576; GO:0006879; GO:0008083; GO:0010628; GO:0030858; GO:0045766; GO:0045944; GO:0090100
B2ZPJ8	B2ZPJ8_HUMAN	unreviewed			Bone morphogenetic protein 7 (Osteogenic protein 1)	9606	KW-0891; KW-0202; KW-0217; KW-0221; KW-1015; KW-0325; KW-0339; KW-0892; KW-0964; KW-0732	GO:0001501; GO:0001656; GO:0001823; GO:0005576; GO:0008083; GO:0008285; GO:0030509; GO:0045597; GO:0045665; GO:0045893; GO:0048812; GO:0051240; GO:0060391; GO:0060485; GO:0070700; GO:0098609; GO:2000026
B4E1G5	B4E1G5_HUMAN	unreviewed			Progranulin (Acrogranin) (Proepithelin)	9606	KW-0202; KW-1015; KW-0325; KW-0458; KW-0677; KW-0964; KW-0732	GO:0005576; GO:0005764; GO:0050793; GO:0051130; GO:0051649
B5MCZ3	B5MCZ3_HUMAN	unreviewed	IL6	IL6	Interleukin-6	9606	KW-0011; KW-0202; KW-1015; KW-0339; KW-1267; KW-1185; KW-0964; KW-0732	GO:0005125; GO:0005138; GO:0005576; GO:0006955; GO:0030154; GO:0051223; GO:0051251; GO:0070102; GO:0071222; GO:1904894
C9JWV2	C9JWV2_HUMAN	unreviewed	IL1B	IL1B	Interleukin-1 beta	9606	KW-0202; KW-0963; KW-0395; KW-0458; KW-0497; KW-1267; KW-0666; KW-1185; KW-0964	GO:0001660; GO:0001819; GO:0005125; GO:0005149; GO:0005576; GO:0005764; GO:0005829; GO:0006955
D4HNR6	D4HNR6_HUMAN	unreviewed	IL4	IL4 hCG_24113	Interleukin-4 (IL-4) (B-cell stimulatory factor 1) (Lymphocyte stimulatory factor 1)	9606	KW-0075; KW-0202; KW-1015; KW-0325; KW-0339; KW-0964; KW-0732	GO:0005136; GO:0005576; GO:0006955; GO:0008083; GO:0010628; GO:0030335; GO:0042113; GO:0051239
E7ENE1	E7ENE1_HUMAN	unreviewed	IL12A	IL12A	Interleukin-12 subunit alpha (IL-12A)	9606	KW-0202; KW-1015; KW-0325; KW-0339; KW-1267; KW-1185; KW-0964; KW-0732	GO:0005143; GO:0006955; GO:0008083; GO:0032946; GO:0042163; GO:0043514; GO:0046982
E9PGR3	E9PGR3_HUMAN	unreviewed	IL12A	IL12A	Interleukin-12 subunit alpha (IL-12A)	9606	KW-0202; KW-1015; KW-0325; KW-0339; KW-1267; KW-1185; KW-0964; KW-0732	GO:0005143; GO:0006955; GO:0008083; GO:0032946; GO:0042163; GO:0043514; GO:0046982
F1T0J1	F1T0J1_HUMAN	unreviewed	GDF5	GDF5	Growth/differentiation factor 5 (Bone morphogenetic protein 14)	9606	KW-1003; KW-0891; KW-0165; KW-0202; KW-1015; KW-0325; KW-0339; KW-0472; KW-0964; KW-0732	GO:0005102; GO:0005576; GO:0005886; GO:0007178; GO:0008083; GO:0009612; GO:0032332; GO:0043524; GO:0043932; GO:0045666; GO:0090092
H0YLH9	H0YLH9_HUMAN	unreviewed	IL16	IL16	Pro-interleukin-16 [Cleaved into: Interleukin-16 (IL-16) (Lymphocyte chemoattractant factor) (LCF)]	9606	KW-0145; KW-0202; KW-0963; KW-0539; KW-1267; KW-1185; KW-0677; KW-0964; KW-0804; KW-0805	GO:0005125; GO:0005576; GO:0005829; GO:0016607; GO:0050930
K7EQ05	K7EQ05_HUMAN	unreviewed	GRN	GRN	Progranulin (Acrogranin) (Proepithelin)	9606	KW-0202; KW-1015; KW-0325; KW-0458; KW-1267; KW-1185; KW-0677; KW-0964; KW-0732	GO:0005576; GO:0005764; GO:0005768; GO:0050793; GO:0051130; GO:0051649
M9VUD0	M9VUD0_HUMAN	unreviewed	BMP5	BMP5 hCG_21659	Bone morphogenenic protein-5 (Bone morphogenetic protein 5)	9606	KW-0891; KW-0202; KW-1015; KW-0325; KW-0339; KW-0892; KW-0964; KW-0732	GO:0003272; GO:0003344; GO:0005576; GO:0008083; GO:0021502; GO:0030509; GO:0030902; GO:0042127; GO:0048468; GO:0048738; GO:0051094; GO:0060037; GO:0060391; GO:0060411; GO:0060710; GO:0061384; GO:0070700; GO:1905069
O43645	O43645_HUMAN	unreviewed	IL1b	IL1b IL1B	Multifunctional fusion protein [Includes: Interleukin-1; Interleukin-1 beta]	9606	KW-0202; KW-0963; KW-0395; KW-0458; KW-0497; KW-0666; KW-0964	GO:0001660; GO:0005125; GO:0005149; GO:0005576; GO:0005764; GO:0005829; GO:0006955; GO:0032755; GO:1903530
O60595	O60595_HUMAN	unreviewed	IL12A	IL12A hCG_1685939	Interleukin-12 subunit alpha (IL-12A)	9606	KW-0202; KW-1015; KW-0325; KW-0339; KW-0964; KW-0732	GO:0005143; GO:0006955; GO:0008083; GO:0032946; GO:0042163; GO:0043514; GO:0046982
Q0GK43	Q0GK43_HUMAN	unreviewed	IL2	IL2 hCG_38828	Interleukin-2 (IL-2)	9606	KW-1064; KW-0202; KW-1015; KW-0325; KW-0339; KW-0391; KW-0964; KW-0732	GO:0005125; GO:0005134; GO:0005576; GO:0006955; GO:0007200; GO:0007204; GO:0008083; GO:0030246; GO:0031851; GO:0042102; GO:0043208; GO:0045471; GO:0045591; GO:0060999; GO:1901327; GO:2000320
Q0VHD7	Q0VHD7_HUMAN	unreviewed	FASLG	FASLG	Tumor necrosis factor ligand superfamily member 6 (CD95 ligand) (Fas antigen ligand)	9606	KW-0053; KW-1003; KW-0202; KW-0968; KW-1015; KW-0325; KW-0458; KW-0472; KW-0539; KW-0678; KW-0964; KW-0735; KW-0804; KW-0805; KW-0812; KW-1133; KW-0832	GO:0005164; GO:0005576; GO:0005634; GO:0005886; GO:0006955; GO:0008625; GO:0043202; GO:0060205
Q2QBA2	Q2QBA2_HUMAN	unreviewed	TNFSF13	TNFSF13	Tumor necrosis factor ligand superfamily member 13 (A proliferation-inducing ligand)	9606	KW-0165; KW-0202; KW-1015; KW-0325; KW-0391; KW-0472; KW-0964; KW-0812; KW-1133	GO:0005164; GO:0005576; GO:0006955; GO:0007154; GO:0008284; GO:0016020; GO:0023052; GO:0048298
Q3SY34	Q3SY34_HUMAN	unreviewed	CER1	CER1	Cerberus (Cerberus-related protein)	9606	KW-0202; KW-1015; KW-0325; KW-0964; KW-0732	GO:0003002; GO:0005576; GO:0009888; GO:0032926; GO:0048513; GO:0048731; GO:2000381
Q4ACW9	Q4ACW9_HUMAN	unreviewed	TNFSF12	TNFSF12 hCG_1991317	Tumor necrosis factor ligand superfamily member 12 (TNF-related weak inducer of apoptosis)	9606	KW-0037; KW-0053; KW-1003; KW-0165; KW-0202; KW-0217; KW-0221; KW-1015; KW-0325; KW-0472; KW-0964; KW-0735; KW-0812; KW-1133	GO:0005164; GO:0005576; GO:0005886; GO:0006915; GO:0006955; GO:0007165
Q54A98	Q54A98_HUMAN	unreviewed	hRANKL 3	hRANKL 3 TNFSF11 hCG_32838	Tumor necrosis factor ligand superfamily member 11 (Osteoclast differentiation factor) (Osteoprotegerin ligand) (Receptor activator of nuclear factor kappa-B ligand) (TNF-related activation-induced cytokine)	9606	KW-1003; KW-0202; KW-0217; KW-0221; KW-0325; KW-0472; KW-0675; KW-0964; KW-0735; KW-0812; KW-1133	GO:0005164; GO:0005576; GO:0005886; GO:0006955; GO:0007154; GO:0023052; GO:0045672
Q5FC01	Q5FC01_HUMAN	unreviewed	IL4	IL4 hCG_24113	Interleukin-4 (IL-4) (B-cell stimulatory factor 1) (Lymphocyte stimulatory factor 1)	9606	KW-0075; KW-0202; KW-1015; KW-0325; KW-0339; KW-0964; KW-0732	GO:0005136; GO:0005576; GO:0006955; GO:0008083; GO:0010628; GO:0030335; GO:0042113; GO:0051239
Q5ST95	Q5ST95_HUMAN	unreviewed	LTA	LTA	Lymphotoxin-alpha (LT-alpha) (TNF-beta) (Tumor necrosis factor ligand superfamily member 1)	9606	KW-0202; KW-0325; KW-0472; KW-1267; KW-1185; KW-0964; KW-0732	GO:0005125; GO:0005164; GO:0005576; GO:0006959; GO:0016020
Q5STV3	Q5STV3_HUMAN	unreviewed	TNLG1E	TNLG1E LTA hCG_43681	Lymphotoxin-alpha (LT-alpha) (TNF-beta) (Tumor necrosis factor ligand superfamily member 1)	9606	KW-0202; KW-0325; KW-0472; KW-0964; KW-0732	GO:0001666; GO:0005125; GO:0005164; GO:0005576; GO:0006959; GO:0007584; GO:0009410; GO:0016020; GO:0032496; GO:0043065; GO:0048147; GO:0060252
Q5T9Y4	Q5T9Y4_HUMAN	unreviewed	TNFSF11	TNFSF11 TNLG6B hCG_32838	Tumor necrosis factor ligand superfamily member	9606	KW-1003; KW-0202; KW-0217; KW-0221; KW-0325; KW-0472; KW-0675; KW-0964; KW-0735; KW-0812; KW-1133	GO:0000122; GO:0005125; GO:0005164; GO:0005576; GO:0005886; GO:0006955; GO:0019722; GO:0042802; GO:0043123; GO:0045672; GO:0051466; GO:0071812
Q6FG55	Q6FG55_HUMAN	unreviewed	LTA	LTA	Lymphotoxin-alpha (LT-alpha) (TNF-beta) (Tumor necrosis factor ligand superfamily member 1)	9606	KW-0202; KW-0325; KW-0472; KW-0964; KW-0732	GO:0005125; GO:0005164; GO:0005576; GO:0006959; GO:0016020
Q6FGN4	Q6FGN4_HUMAN	unreviewed	TNFSF13	TNFSF13 hCG_2045906	Tumor necrosis factor ligand superfamily member 13 (A proliferation-inducing ligand)	9606	KW-0165; KW-0202; KW-1015; KW-0325; KW-0391; KW-0472; KW-0964; KW-0812; KW-1133	GO:0005164; GO:0005576; GO:0006955; GO:0007154; GO:0008284; GO:0016020; GO:0023052; GO:0048298
Q6FGR7	Q6FGR7_HUMAN	unreviewed	TNFSF13	TNFSF13	Tumor necrosis factor ligand superfamily member 13 (A proliferation-inducing ligand)	9606	KW-0165; KW-0202; KW-1015; KW-0325; KW-0391; KW-0472; KW-0964; KW-0812; KW-1133	GO:0005164; GO:0005576; GO:0006955; GO:0007154; GO:0008284; GO:0016020; GO:0023052; GO:0048298
Q6FGS9	Q6FGS9_HUMAN	unreviewed	IL10	IL10	Interleukin family protein	9606	KW-0202; KW-1015; KW-0325; KW-0964; KW-0732	GO:0005125; GO:0005576; GO:0006955; GO:0032692; GO:0032695; GO:0032701; GO:0032715; GO:0032717; GO:0032720; GO:0071650
Q6FH65	Q6FH65_HUMAN	unreviewed	CSF3	CSF3 hCG_30013	Granulocyte colony-stimulating factor	9606	KW-0202; KW-1015; KW-0325; KW-0339; KW-0964; KW-0732	GO:0005125; GO:0005130; GO:0005576; GO:0006955; GO:0008083; GO:0008284; GO:0045471; GO:0045639; GO:0071222; GO:0071682
Q6I9T4	Q6I9T4_HUMAN	unreviewed	CCL11	CCL11 hCG_29299	C-C motif chemokine	9606	KW-0145; KW-0202; KW-1015; KW-0964; KW-0732	GO:0002544; GO:0002551; GO:0005576; GO:0006955; GO:0007015; GO:0007611; GO:0008009; GO:0035962; GO:0045766; GO:0048245; GO:0050768; GO:0070371; GO:0070670
Q6IBA9	Q6IBA9_HUMAN	unreviewed	TNFSF10	TNFSF10 hCG_20249	Tumor necrosis factor ligand superfamily member	9606	KW-0053; KW-1003; KW-0202; KW-0472; KW-0479; KW-0597; KW-0964; KW-0735; KW-0812; KW-1133; KW-0862	GO:0005125; GO:0005164; GO:0005576; GO:0005886; GO:0006955; GO:0045569; GO:2001238
Q6NWP0	Q6NWP0_HUMAN	unreviewed	IL4	IL4	Interleukin-4 (IL-4) (B-cell stimulatory factor 1) (Lymphocyte stimulatory factor 1)	9606	KW-0075; KW-0202; KW-1015; KW-0325; KW-0339; KW-0964; KW-0732	GO:0005136; GO:0005576; GO:0006955; GO:0008083; GO:0010628; GO:0030335; GO:0042113; GO:0051239
Q6U6I7	Q6U6I7_HUMAN	unreviewed			Tumor necrosis factor ligand superfamily member 13 (A proliferation-inducing ligand)	9606	KW-0165; KW-0202; KW-1015; KW-0325; KW-0391; KW-0964	GO:0005164; GO:0005576; GO:0006955; GO:0007154; GO:0008284; GO:0016020; GO:0023052; GO:0048298
Q71UZ1	Q71UZ1_HUMAN	unreviewed	IL10	IL10	Interleukin family protein	9606	KW-0202; KW-1015; KW-0325; KW-0964; KW-0732	GO:0005125; GO:0005576; GO:0006955; GO:0032692; GO:0032695; GO:0032701; GO:0032715; GO:0032717; GO:0032720; GO:0071650
Q75MH2	Q75MH2_HUMAN	unreviewed	IL6	IL6 hCG_38231	Interleukin-6	9606	KW-0011; KW-0202; KW-1015; KW-0339; KW-0964; KW-0732	GO:0005125; GO:0005138; GO:0005576; GO:0006955; GO:0030154; GO:0051223; GO:0051251; GO:0070102; GO:0071222; GO:1904894
Q8N4W3	Q8N4W3_HUMAN	unreviewed	CSF3	CSF3 hCG_30013	Granulocyte colony-stimulating factor	9606	KW-0202; KW-1015; KW-0325; KW-0339; KW-0964; KW-0732	GO:0005102; GO:0005125; GO:0005576; GO:0006955; GO:0045639; GO:0071682
Q9HBP0	Q9HBP0_HUMAN	unreviewed			Inhibin beta A chain (Activin beta-A chain)	9606	KW-1015; KW-0325; KW-0339; KW-0372; KW-0964; KW-0732	GO:0005125; GO:0005179; GO:0005576; GO:0008083; GO:0042541; GO:0042802; GO:0045944; GO:0048468; GO:0048513; GO:0048731; GO:2001241
U3MVU6	U3MVU6_HUMAN	unreviewed	BMP4	BMP4	Bone morphogenetic protein 4	9606	KW-0891; KW-0165; KW-0217; KW-0221; KW-1015; KW-0325; KW-0339; KW-0892; KW-0964	GO:0001649; GO:0002573; GO:0003007; GO:0003129; GO:0005125; GO:0005576; GO:0008083; GO:0021537; GO:0022408; GO:0030501; GO:0039706; GO:0043065; GO:0045597; GO:0048662; GO:0060391; GO:0060426; GO:0060537; GO:0061036; GO:0070700; GO:0071773; GO:1900745; GO:2000725
U3N491	U3N491_HUMAN	unreviewed	BMP2	BMP2	BMP2 protein	9606	KW-0891; KW-0165; KW-0202; KW-0217; KW-0221; KW-1015; KW-0325; KW-0339; KW-0892; KW-0964	GO:0001649; GO:0002573; GO:0003007; GO:0003129; GO:0005125; GO:0005576; GO:0008083; GO:0021537; GO:0022408; GO:0030501; GO:0039706; GO:0043065; GO:0045597; GO:0048662; GO:0060391; GO:0060426; GO:0060537; GO:0061036; GO:0070700; GO:0071773; GO:1900745; GO:2000725
A0A024R937	A0A024R937_HUMAN	unreviewed	TNLG2B	TNLG2B	Tumor necrosis factor ligand superfamily member 4 (OX40 ligand)	9606	KW-0202; KW-1015; KW-0325; KW-0472; KW-0735; KW-0812; KW-1133	GO:0005125; GO:0005164; GO:0006955; GO:0016020
A0A077CY02	A0A077CY02_HUMAN	unreviewed	BMP7	BMP7	Bone morphogenetic protein 7	9606	KW-0891; KW-0202; KW-1015; KW-0325; KW-0339; KW-0892; KW-0964; KW-0732	GO:0005576; GO:0008083; GO:0009888; GO:0030509; GO:0042127; GO:0048468; GO:0051094; GO:0060391; GO:0070700
A0A087WWX8	A0A087WWX8_HUMAN	unreviewed	IL4	IL4	Interleukin-4 (B-cell stimulatory factor 1) (Lymphocyte stimulatory factor 1)	9606	KW-0075; KW-0202; KW-1015; KW-0325; KW-0339; KW-1185; KW-0964; KW-0732	
A0A087X089	A0A087X089_HUMAN	unreviewed	CCL14	CCL14	C-C motif chemokine	9606	KW-0145; KW-0202; KW-1015; KW-1267; KW-1185; KW-0964; KW-0732	GO:0005576; GO:0006955; GO:0008009
A0A0A0MRX5	A0A0A0MRX5_HUMAN	unreviewed	TNFSF13	TNFSF13	Tumor necrosis factor ligand superfamily member 13 (A proliferation-inducing ligand)	9606	KW-0165; KW-0202; KW-1015; KW-0325; KW-0391; KW-0472; KW-1267; KW-1185; KW-0964; KW-0812; KW-1133	
A0A0A0MTG5	A0A0A0MTG5_HUMAN	unreviewed	IL7	IL7	Interleukin-7 (IL-7)	9606	KW-0202; KW-1015; KW-0325; KW-0339; KW-1267; KW-1185; KW-0964; KW-0732	GO:0005125; GO:0005139; GO:0005576; GO:0006955; GO:0008083
A0A0B4J1W8	A0A0B4J1W8_HUMAN	unreviewed	ALKAL2	ALKAL2	ALK and LTK ligand 2	9606	KW-1003; KW-0202; KW-1015; KW-0472; KW-1267; KW-1185; KW-0964; KW-0732	GO:0005576; GO:0005886; GO:0030298; GO:0030971
A0A0B4J2E2	A0A0B4J2E2_HUMAN	unreviewed	CCL15-CCL14	CCL15-CCL14	C-C motif chemokine	9606	KW-0145; KW-0202; KW-1015; KW-1267; KW-1185; KW-0964; KW-0732	GO:0005576; GO:0006955; GO:0008009
A0A0B4U5E3	A0A0B4U5E3_HUMAN	unreviewed			Granulocyte colony-stimulating factor	9606	KW-0202; KW-1015; KW-0325; KW-0339; KW-0964	GO:0005102; GO:0005125; GO:0005576; GO:0006955; GO:0045639; GO:0071682
A0A0B4U6M2	A0A0B4U6M2_HUMAN	unreviewed			Granulocyte-macrophage colony-stimulating factor (Colony-stimulating factor)	9606	KW-0202; KW-1015; KW-0325; KW-0339; KW-0964; KW-0732	GO:0005129; GO:0005576; GO:0006955; GO:0008083; GO:0008284; GO:0009966; GO:0050793
A0A0C4DGC1	A0A0C4DGC1_HUMAN	unreviewed	CXCL14	CXCL14	C-X-C motif chemokine 14 (Chemokine BRAK) (MIP-2G) (Small-inducible cytokine B14)	9606	KW-0202; KW-1015; KW-1267; KW-1185; KW-0964; KW-0732; KW-0832	GO:0005576; GO:0006955; GO:0008009
A0A0G2JHD4	A0A0G2JHD4_HUMAN	unreviewed	LTA	LTA	Lymphotoxin-alpha (LT-alpha) (TNF-beta) (Tumor necrosis factor ligand superfamily member 1)	9606	KW-0202; KW-0325; KW-0472; KW-1267; KW-1185; KW-0964; KW-0732	
A0A0U5J4P8	A0A0U5J4P8_HUMAN	unreviewed	TNLG1D	TNLG1D	Tumor necrosis factor ligand 1D	9606	KW-0202; KW-0472; KW-0812; KW-1133	GO:0005164; GO:0006955; GO:0007154; GO:0016020; GO:0023052
A0A0U5J6H2	A0A0U5J6H2_HUMAN	unreviewed	TNLG1C	TNLG1C	Lymphotoxin-beta (Tumor necrosis factor C) (Tumor necrosis factor ligand superfamily member 3)	9606	KW-0202; KW-0325; KW-0472; KW-0812; KW-1133	GO:0005164; GO:0005886; GO:0006955; GO:0007154; GO:0023052
A0A0U5J7Q1	A0A0U5J7Q1_HUMAN	unreviewed	TNLG7A	TNLG7A	Epididymis secretory sperm binding protein (Tumor necrosis factor ligand 7A)	9606	KW-0202; KW-1015; KW-0325; KW-0472; KW-0964; KW-0812; KW-1133	GO:0005164; GO:0005576; GO:0005886; GO:0006955; GO:0010467; GO:0030183; GO:0033209; GO:0043588
A0A0U5J8I0	A0A0U5J8I0_HUMAN	unreviewed	TNLG5A	TNLG5A TNFSF9 hCG_23042	Tumor necrosis factor (Ligand) superfamily, member 9, isoform CRA_a (Tumor necrosis factor ligand 5A)	9606	KW-0202; KW-0472; KW-0812; KW-1133	GO:0005164; GO:0006955; GO:0007154; GO:0016020; GO:0023052
A0A0U5JA19	A0A0U5JA19_HUMAN	unreviewed	TNLG1B	TNLG1B	Tumor necrosis factor ligand superfamily member 15 (TNF ligand-related molecule 1) (Vascular endothelial cell growth inhibitor)	9606	KW-0202; KW-1015; KW-0325; KW-0472; KW-0735; KW-0812; KW-1133	GO:0005164; GO:0006955; GO:0007154; GO:0016020; GO:0023052
A0A1I9RI50	A0A1I9RI50_HUMAN	unreviewed	IL33	IL33	Interleukin-33	9606	KW-0158; KW-0202; KW-0963; KW-0968; KW-0539; KW-0964; KW-0804	GO:0005125; GO:0005576; GO:0005634; GO:0005694; GO:0030133; GO:0051240
A0A1I9RI51	A0A1I9RI51_HUMAN	unreviewed	IL33	IL33	Interleukin-33	9606	KW-0158; KW-0202; KW-0963; KW-0968; KW-0539; KW-0964; KW-0804	GO:0005125; GO:0005576; GO:0005634; GO:0005694; GO:0030133; GO:0051240
A0A286YEX3	A0A286YEX3_HUMAN	unreviewed	IL10	IL10	Interleukin family protein	9606	KW-0202; KW-1015; KW-1267; KW-1185; KW-0964; KW-0732	GO:0001817; GO:0005125; GO:0005576; GO:0006955
A0A348GSH9	A0A348GSH9_HUMAN	unreviewed	SECTM	SECTM	Protein K-12	9606	KW-1003; KW-1015; KW-0325; KW-0472; KW-0964; KW-0732; KW-0812; KW-1133	GO:0005125; GO:0005576; GO:0005886; GO:0006955
A0A3B3ITS0	A0A3B3ITS0_HUMAN	unreviewed	THPO	THPO	Thrombopoietin	9606	KW-0202; KW-1015; KW-0325; KW-0372; KW-1267; KW-1185; KW-0964; KW-0732	GO:0005125; GO:0005179; GO:0005576; GO:0008283
A0A590UK12	A0A590UK12_HUMAN	unreviewed	IL10	IL10	Interleukin family protein	9606	KW-0202; KW-1015; KW-0325; KW-1267; KW-1185; KW-0964; KW-0732	GO:0005125; GO:0005576; GO:0006955; GO:0032720
A0A6I8PIU7	A0A6I8PIU7_HUMAN	unreviewed	CXCL16	CXCL16	C-X-C motif chemokine ligand 16	9606	KW-0472; KW-1267; KW-1185; KW-0812; KW-1133	GO:0005041; GO:0005044; GO:0006898; GO:0008009; GO:0030307; GO:0030335; GO:0034341; GO:0034612; GO:0048247
A0A7H1MG85	A0A7H1MG85_HUMAN	unreviewed	IFNL3a	IFNL3a	IFNL3a	9606	KW-0051; KW-0202; KW-1015; KW-0964; KW-0732	GO:0005125; GO:0005576; GO:0007259; GO:0050778; GO:0051607
A0A8I5JUL6	A0A8I5JUL6_HUMAN	unreviewed	CCL15-CCL14	CCL15-CCL14	C-C motif chemokine	9606	KW-0145; KW-0202; KW-1015; KW-1267; KW-1185; KW-0964; KW-0732	GO:0005576; GO:0006955; GO:0008009
A0A8I5KUL2	A0A8I5KUL2_HUMAN	unreviewed	GDF9	GDF9	Growth/differentiation factor 9	9606	KW-0165; KW-0202; KW-1015; KW-0325; KW-0339; KW-0597; KW-1267; KW-1185; KW-0964; KW-0732	GO:0005576; GO:0007292; GO:0008083
A0A8I5KW61	A0A8I5KW61_HUMAN	unreviewed			C-X-C motif chemokine	9606	KW-0145; KW-0202; KW-1015; KW-1267; KW-1185; KW-0964; KW-0732	GO:0005576; GO:0006952; GO:0006955; GO:0008009
A0A8Q3SJL1	A0A8Q3SJL1_HUMAN	unreviewed	IL6	IL6	Interleukin-6	9606	KW-0011; KW-0202; KW-1015; KW-0339; KW-1267; KW-1185; KW-0964; KW-0732	GO:0005125; GO:0005138; GO:0005576; GO:0006955; GO:0030154; GO:0051223; GO:0051251; GO:0070102; GO:0071222; GO:1904894
A0A8V8TPR7	A0A8V8TPR7_HUMAN	unreviewed	TNFSF12	TNFSF12	Tumor necrosis factor ligand superfamily member 12 (TNF-related weak inducer of apoptosis)	9606	KW-0037; KW-0053; KW-1003; KW-0165; KW-0202; KW-0217; KW-0221; KW-1015; KW-0325; KW-0472; KW-1267; KW-1185; KW-0964; KW-0735; KW-0812; KW-1133	
A0A8Z5A9P2	A0A8Z5A9P2_HUMAN	unreviewed	IL12A	IL12A	Interleukin-12 subunit alpha (IL-12A)	9606	KW-0202; KW-1015; KW-0325; KW-0339; KW-1267; KW-1185; KW-0964; KW-0732	
A0ACI8P9S5	A0ACI8P9S5_HUMAN	unreviewed	TNFSF10	TNFSF10	Tumor necrosis factor ligand superfamily member 10 (TNF-related apoptosis-inducing ligand)	9606	KW-0053; KW-1003; KW-0202; KW-0472; KW-0479; KW-0597; KW-1267; KW-1185; KW-0964; KW-0735; KW-0812; KW-1133; KW-0862	
A0ACI8PDG1	A0ACI8PDG1_HUMAN	unreviewed	TNFSF10	TNFSF10	Tumor necrosis factor ligand superfamily member	9606	KW-0053; KW-1003; KW-0202; KW-0472; KW-0479; KW-0597; KW-1267; KW-1185; KW-0964; KW-0735; KW-0812; KW-1133; KW-0862	
A0ACI8PGS7	A0ACI8PGS7_HUMAN	unreviewed	TNFSF10	TNFSF10	Tumor necrosis factor ligand superfamily member	9606	KW-0053; KW-1003; KW-0202; KW-0472; KW-0479; KW-0597; KW-1267; KW-1185; KW-0964; KW-0735; KW-0812; KW-1133; KW-0862	
A0ACI8PV96	A0ACI8PV96_HUMAN	unreviewed	TNFSF10	TNFSF10	Tumor necrosis factor ligand superfamily member 10 (TNF-related apoptosis-inducing ligand)	9606	KW-0053; KW-1003; KW-0202; KW-0472; KW-0479; KW-0597; KW-1267; KW-1185; KW-0964; KW-0735; KW-0812; KW-1133; KW-0862	
A0ACI8QHC6	A0ACI8QHC6_HUMAN	unreviewed	IL33	IL33	Interleukin-33	9606	KW-0158; KW-0202; KW-0963; KW-0968; KW-0539; KW-1267; KW-1185; KW-0964; KW-0804	
A0ACI8QJ73	A0ACI8QJ73_HUMAN	unreviewed	IL33	IL33	Interleukin-33	9606	KW-0158; KW-0202; KW-0963; KW-0968; KW-0539; KW-1267; KW-1185; KW-0964; KW-0804	
A0ACI8QT98	A0ACI8QT98_HUMAN	unreviewed	GRN	GRN	Progranulin (Acrogranin) (Proepithelin)	9606	KW-0202; KW-1015; KW-0325; KW-0458; KW-1267; KW-1185; KW-0677; KW-0964; KW-0732	
A0ACI8QW25	A0ACI8QW25_HUMAN	unreviewed	CCL21	CCL21	C-C motif chemokine 21 (Small-inducible cytokine A21)	9606	KW-0145; KW-0202; KW-1015; KW-0395; KW-1267; KW-1185; KW-0964; KW-0732	
A0ACI8R1R8	A0ACI8R1R8_HUMAN	unreviewed	IL33	IL33	Interleukin-33	9606	KW-0158; KW-0202; KW-0963; KW-0968; KW-0539; KW-1267; KW-1185; KW-0964; KW-0804	
A0ACI8RBP2	A0ACI8RBP2_HUMAN	unreviewed	MIF	MIF	Macrophage migration inhibitory factor (EC 5.3.2.1) (EC 5.3.3.12) (L-dopachrome isomerase) (L-dopachrome tautomerase) (Phenylpyruvate tautomerase)	9606	KW-0202; KW-0413; KW-1267; KW-1185; KW-0964	
A0ACI8RMI2	A0ACI8RMI2_HUMAN	unreviewed	TNFSF10	TNFSF10	Tumor necrosis factor ligand superfamily member 10 (TNF-related apoptosis-inducing ligand)	9606	KW-0053; KW-1003; KW-0202; KW-0472; KW-0479; KW-0597; KW-1267; KW-1185; KW-0964; KW-0735; KW-0812; KW-1133; KW-0862	
A0ACI8RRU3	A0ACI8RRU3_HUMAN	unreviewed	TNFSF8	TNFSF8	Tumor necrosis factor ligand superfamily member 8 (CD30 ligand)	9606	KW-0202; KW-1015; KW-0325; KW-0472; KW-1267; KW-1185; KW-0735; KW-0812; KW-1133	
A0ACI8RW45	A0ACI8RW45_HUMAN	unreviewed	GRN	GRN	Progranulin (Acrogranin) (Proepithelin)	9606	KW-0202; KW-1015; KW-0325; KW-0458; KW-1267; KW-1185; KW-0677; KW-0964; KW-0732	
A0ACI8RY29	A0ACI8RY29_HUMAN	unreviewed	GRN	GRN	Progranulin (Acrogranin) (Proepithelin)	9606	KW-0202; KW-1015; KW-0325; KW-0458; KW-1267; KW-1185; KW-0677; KW-0964; KW-0732	
A0ACI8S3Z4	A0ACI8S3Z4_HUMAN	unreviewed	CSF1	CSF1	Macrophage colony-stimulating factor 1 (CSF-1) (MCSF)	9606	KW-1003; KW-0202; KW-1015; KW-0325; KW-0339; KW-0391; KW-0395; KW-0399; KW-0472; KW-0654; KW-1267; KW-1185; KW-0964; KW-0732; KW-0812; KW-1133	
A0ACI8S4F6	A0ACI8S4F6_HUMAN	unreviewed	IL16	IL16	Pro-interleukin-16 [Cleaved into: Interleukin-16 (IL-16) (Lymphocyte chemoattractant factor) (LCF)]	9606	KW-0145; KW-0202; KW-0963; KW-0539; KW-0597; KW-1267; KW-1185; KW-0677; KW-0964; KW-0804; KW-0805	
A0ACI8S5S7	A0ACI8S5S7_HUMAN	unreviewed	GRN	GRN	Progranulin (Acrogranin) (Proepithelin)	9606	KW-0202; KW-1015; KW-0325; KW-0458; KW-1267; KW-1185; KW-0677; KW-0964; KW-0732	
A0ACI8S6K1	A0ACI8S6K1_HUMAN	unreviewed	IL33	IL33	Interleukin-33	9606	KW-0158; KW-0202; KW-0963; KW-0968; KW-0539; KW-1267; KW-1185; KW-0964; KW-0804	
A0ACI8S711	A0ACI8S711_HUMAN	unreviewed	CXCL16	CXCL16	C-X-C motif chemokine 16 (Transmembrane chemokine CXCL16)	9606	KW-0145; KW-0202; KW-1015; KW-0325; KW-0472; KW-1267; KW-1185; KW-0732; KW-0812; KW-1133	
A0ACI8S7C8	A0ACI8S7C8_HUMAN	unreviewed	GDF10	GDF10	Bone morphogenetic protein 3	9606	KW-0165; KW-0202; KW-1015; KW-0325; KW-0339; KW-0892; KW-1267; KW-1185; KW-0964; KW-0732	
A0ACI8SAQ4	A0ACI8SAQ4_HUMAN	unreviewed	IL33	IL33	Interleukin-33	9606	KW-0158; KW-0202; KW-0963; KW-0968; KW-0539; KW-1267; KW-1185; KW-0964; KW-0804	
A0ACI8SDR8	A0ACI8SDR8_HUMAN	unreviewed	GRN	GRN	Progranulin (Acrogranin) (Proepithelin)	9606	KW-0202; KW-1015; KW-0325; KW-0458; KW-1267; KW-1185; KW-0677; KW-0964; KW-0732	
A0ACI8SG74	A0ACI8SG74_HUMAN	unreviewed	BMP3	BMP3	Bone morphogenetic protein 3	9606	KW-0165; KW-0202; KW-0217; KW-0221; KW-1015; KW-0325; KW-0339; KW-1267; KW-1185; KW-0964; KW-0732	
A0ACI8SGF9	A0ACI8SGF9_HUMAN	unreviewed	GRN	GRN	Progranulin (Acrogranin) (Proepithelin)	9606	KW-0202; KW-1015; KW-0325; KW-0458; KW-1267; KW-1185; KW-0677; KW-0964; KW-0732	
A0ACI8SWY2	A0ACI8SWY2_HUMAN	unreviewed	GRN	GRN	Progranulin (Acrogranin) (Proepithelin)	9606	KW-0202; KW-1015; KW-0325; KW-0458; KW-1267; KW-1185; KW-0677; KW-0964; KW-0732	
A0ACI8SX19	A0ACI8SX19_HUMAN	unreviewed	GRN	GRN	Progranulin (Acrogranin) (Proepithelin)	9606	KW-0202; KW-1015; KW-0325; KW-0458; KW-1267; KW-1185; KW-0677; KW-0964; KW-0732	
A0ACI8T2D0	A0ACI8T2D0_HUMAN	unreviewed	MIF	MIF	Macrophage migration inhibitory factor (EC 5.3.2.1) (EC 5.3.3.12) (L-dopachrome isomerase) (L-dopachrome tautomerase) (Phenylpyruvate tautomerase)	9606	KW-0202; KW-0413; KW-1267; KW-1185; KW-0964	
A0ACI8T2D6	A0ACI8T2D6_HUMAN	unreviewed	MIF	MIF	Macrophage migration inhibitory factor (EC 5.3.2.1) (EC 5.3.3.12) (L-dopachrome isomerase) (L-dopachrome tautomerase) (Phenylpyruvate tautomerase)	9606	KW-0202; KW-0413; KW-1267; KW-1185; KW-0964	
A0ACI8UA52	A0ACI8UA52_HUMAN	unreviewed	GRN	GRN	Progranulin (Acrogranin) (Proepithelin)	9606	KW-0202; KW-1015; KW-0325; KW-0458; KW-1267; KW-1185; KW-0677; KW-0964; KW-0732	
A0ACI8UCI7	A0ACI8UCI7_HUMAN	unreviewed	CSF3	CSF3	Granulocyte colony-stimulating factor	9606	KW-0202; KW-1015; KW-0325; KW-0339; KW-1267; KW-1185; KW-0964; KW-0732	
A0ACI8UFS3	A0ACI8UFS3_HUMAN	unreviewed	IL18	IL18	Interleukin-18 (Interferon gamma-inducing factor) (Interleukin-1 gamma)	9606	KW-0202; KW-0963; KW-1267; KW-1185; KW-0964	
A0ACI8UG56	A0ACI8UG56_HUMAN	unreviewed	IL18	IL18	Interleukin-18 (Interferon gamma-inducing factor) (Interleukin-1 gamma)	9606	KW-0202; KW-0963; KW-1267; KW-1185; KW-0964	
A0ACI8UH50	A0ACI8UH50_HUMAN	unreviewed	TNFSF12	TNFSF12	Tumor necrosis factor ligand superfamily member 12 (TNF-related weak inducer of apoptosis)	9606	KW-0037; KW-0053; KW-1003; KW-0165; KW-0202; KW-0217; KW-0221; KW-1015; KW-0325; KW-0472; KW-1267; KW-1185; KW-0964; KW-0735; KW-0812; KW-1133	
A0ACI8V0L4	A0ACI8V0L4_HUMAN	unreviewed	CSF1	CSF1	Macrophage colony-stimulating factor 1 (Proteoglycan macrophage colony-stimulating factor)	9606	KW-1003; KW-0202; KW-1015; KW-0325; KW-0339; KW-0391; KW-0395; KW-0399; KW-0472; KW-0654; KW-1267; KW-1185; KW-0964; KW-0732; KW-0812; KW-1133	
A0ACI8V298	A0ACI8V298_HUMAN	unreviewed	IL7	IL7	Interleukin-7	9606	KW-0202; KW-1015; KW-0325; KW-0339; KW-1185; KW-0964; KW-0732	
A0ACI8VHC5	A0ACI8VHC5_HUMAN	unreviewed	NAMPT	NAMPT	Nicotinamide phosphoribosyltransferase (NAmPRTase) (EC 2.4.2.12)	9606	KW-0007; KW-0090; KW-0202; KW-0963; KW-0328; KW-0539; KW-0597; KW-1267; KW-0662; KW-1185; KW-0964; KW-0808	
A0ACI8VIV8	A0ACI8VIV8_HUMAN	unreviewed	TNFSF10	TNFSF10	Tumor necrosis factor ligand superfamily member 10 (TNF-related apoptosis-inducing ligand)	9606	KW-0053; KW-1003; KW-0202; KW-0472; KW-0479; KW-0597; KW-1267; KW-1185; KW-0964; KW-0735; KW-0812; KW-1133; KW-0862	
A0N0N7	A0N0N7_HUMAN	unreviewed	CX3CL1	CX3CL1 hCG_15105	Chemokine (C-X3-C motif) ligand 1	9606	KW-0145; KW-0202; KW-1015; KW-0395; KW-0472; KW-0964; KW-0732; KW-0812; KW-1133	GO:0005576; GO:0005886; GO:0006955; GO:0008009; GO:0009986; GO:0031737; GO:0043005; GO:0043025
A0N0Q3	A0N0Q3_HUMAN	unreviewed	CCL28	CCL28 hCG_36937	C-C motif chemokine	9606	KW-0145; KW-0202; KW-1015; KW-0964; KW-0732	GO:0005576; GO:0006955; GO:0007584; GO:0008009
A0N0R1	A0N0R1_HUMAN	unreviewed	CCL3	CCL3 hCG_1749202	C-C motif chemokine	9606	KW-0145; KW-0202; KW-1015; KW-0964; KW-0732	GO:0005576; GO:0006955; GO:0008009
A0PK23	A0PK23_HUMAN	unreviewed	GDF6	GDF6	GDF6 protein	9606	KW-0165; KW-0202; KW-0217; KW-1015; KW-0325; KW-0339; KW-0964; KW-0732	GO:0005576; GO:0007178; GO:0045597; GO:0048513; GO:0048731; GO:0090100
A1L1B5	A1L1B5_HUMAN	unreviewed	BMP6	BMP6	BMP6 protein	9606	KW-0891; KW-0202; KW-1015; KW-0325; KW-0339; KW-0892; KW-0964; KW-0732	GO:0005576; GO:0008083; GO:0009888; GO:0030509; GO:0042127; GO:0048468; GO:0051094; GO:0060391; GO:0070700
A1Z2K1	A1Z2K1_HUMAN	unreviewed			Interleukin-4 (B-cell stimulatory factor 1) (Lymphocyte stimulatory factor 1)	9606	KW-0075; KW-0202; KW-1015; KW-0325; KW-0339; KW-0964; KW-0732	GO:0005136; GO:0005576; GO:0006955; GO:0008083; GO:0010628; GO:0030335; GO:0045321; GO:0051239
A4FU96	A4FU96_HUMAN	unreviewed	BMP6	BMP6	BMP6 protein	9606	KW-0891; KW-0202; KW-1015; KW-0325; KW-0339; KW-0892; KW-0964; KW-0732	GO:0005576; GO:0008083; GO:0009888; GO:0030509; GO:0042127; GO:0048468; GO:0051094; GO:0060391; GO:0070700
A4FU97	A4FU97_HUMAN	unreviewed	BMP6	BMP6	BMP6 protein	9606	KW-0891; KW-0202; KW-1015; KW-0325; KW-0339; KW-0892; KW-0964; KW-0732	GO:0005576; GO:0008083; GO:0009888; GO:0030509; GO:0042127; GO:0048468; GO:0051094; GO:0060391; GO:0070700
A8K3F7	A8K3F7_HUMAN	unreviewed	IL11	IL11 hCG_37996	Interleukin-11	9606	KW-0202; KW-0339; KW-0964; KW-0732	GO:0005125; GO:0005142; GO:0005576; GO:0005737; GO:0008284
A8K3U3	A8K3U3_HUMAN	unreviewed			Protein K-12	9606	KW-1003; KW-1015; KW-0325; KW-0472; KW-0964; KW-0732; KW-0812; KW-1133	GO:0005125; GO:0005576; GO:0005886; GO:0006955
A8K673	A8K673_HUMAN	unreviewed			Interleukin-7 (IL-7)	9606	KW-0202; KW-1015; KW-0325; KW-0339; KW-0964; KW-0732	GO:0005125; GO:0005139; GO:0005576; GO:0006955; GO:0008083
A8K694	A8K694_HUMAN	unreviewed			cDNA FLJ78712, highly similar to Homo sapiens bone morphogenetic protein 5 (BMP5), mRNA	9606	KW-0891; KW-0202; KW-1015; KW-0325; KW-0339; KW-0892; KW-0964; KW-0732	GO:0005576; GO:0008083; GO:0009888; GO:0030509; GO:0042127; GO:0048468; GO:0051094; GO:0060391; GO:0070700
A8YQE4	A8YQE4_HUMAN	unreviewed	IFNG	IFNG	Interferon gamma (IFN-gamma)	9606	KW-0051; KW-0202; KW-0325; KW-0341; KW-0873; KW-0964; KW-0732	GO:0001774; GO:0005125; GO:0005133; GO:0005576; GO:0045785; GO:0060333
B2R4J7	B2R4J7_HUMAN	unreviewed			C-X-C motif chemokine	9606	KW-0145; KW-0202; KW-1015; KW-0964; KW-0732	GO:0005576; GO:0006952; GO:0006955; GO:0008009
B2R5J8	B2R5J8_HUMAN	unreviewed			C-C motif chemokine	9606	KW-0145; KW-0202; KW-1015; KW-0395; KW-0964; KW-0732	GO:0005576; GO:0006955; GO:0008009
B2RA14	B2RA14_HUMAN	unreviewed			cDNA, FLJ94653, highly similar to Homo sapiens tumor necrosis factor (ligand) superfamily, member 9 (TNFSF9), mRNA	9606	KW-0202; KW-0472; KW-0812; KW-1133	GO:0005164; GO:0006955; GO:0007154; GO:0016020; GO:0023052
B2RWM4	B2RWM4_HUMAN	unreviewed	CCL27	CCL27 ALP CTACK CTAK ESKINE ILC PESKY	CCL27 protein	9606	KW-0202; KW-1015; KW-0964; KW-0732	GO:0005576; GO:0006955; GO:0008009
B3KR02	B3KR02_HUMAN	unreviewed		hCG_2045906	HCG2045906, isoform CRA_c (cDNA FLJ33379 fis, clone BRACE2006397, highly similar to Tumor necrosis factor ligand superfamily member 13)	9606	KW-0202; KW-1015; KW-0325; KW-0472; KW-0964; KW-0812; KW-1133	GO:0005164; GO:0005576; GO:0006955; GO:0007154; GO:0016020; GO:0023052
B3KY62	B3KY62_HUMAN	unreviewed	IL16	IL16	Pro-interleukin-16 [Cleaved into: Interleukin-16 (IL-16) (Lymphocyte chemoattractant factor) (LCF)]	9606	KW-0145; KW-0202; KW-0963; KW-0539; KW-0677; KW-0964; KW-0804; KW-0805	GO:0005125; GO:0005576; GO:0005634; GO:0005737; GO:0050930
B4DJI2	B4DJI2_HUMAN	unreviewed			Progranulin (Acrogranin) (Proepithelin)	9606	KW-0202; KW-1015; KW-0325; KW-0458; KW-0677; KW-0964; KW-0732	GO:0005576; GO:0005764; GO:0050793; GO:0051130; GO:0051649
B4DNQ5	B4DNQ5_HUMAN	unreviewed			Interleukin-6	9606	KW-0011; KW-0202; KW-1015; KW-0339; KW-0964	GO:0005125; GO:0005138; GO:0005576; GO:0006955; GO:0030154; GO:0051240
B4DNV3	B4DNV3_HUMAN	unreviewed			Interleukin-6	9606	KW-0011; KW-0202; KW-1015; KW-0339; KW-0964	GO:0005125; GO:0005138; GO:0005576; GO:0006955; GO:0030154; GO:0051240
B4DNY7	B4DNY7_HUMAN	unreviewed			Granulocyte colony-stimulating factor	9606	KW-0964; KW-0732	GO:0005125; GO:0005576; GO:0006955; GO:0045639
B4DUF7	B4DUF7_HUMAN	unreviewed			cDNA FLJ51307, highly similar to Bone morphogenetic protein 6	9606	KW-0891; KW-0202; KW-1015; KW-0325; KW-0339; KW-0892; KW-0964; KW-0732	GO:0005576; GO:0008083; GO:0009888; GO:0030509; GO:0042127; GO:0048468; GO:0051094; GO:0060391; GO:0070700
B4DVM1	B4DVM1_HUMAN	unreviewed			Interleukin-6	9606	KW-0011; KW-0202; KW-1015; KW-0339; KW-0964; KW-0732	GO:0005125; GO:0005138; GO:0005576; GO:0006955; GO:0030154; GO:0051240
B4DXG3	B4DXG3_HUMAN	unreviewed			Growth/differentiation factor 9	9606	KW-0165; KW-0202; KW-1015; KW-0325; KW-0339; KW-0597; KW-0964; KW-0732	GO:0005576; GO:0007292; GO:0008083
B5BUQ5	B5BUQ5_HUMAN	unreviewed	IFNB1	IFNB1	Interferon beta	9606	KW-0051; KW-0202; KW-1015; KW-0325; KW-0964; KW-0732	GO:0002683; GO:0005126; GO:0005576; GO:0006952; GO:0006955; GO:0007165; GO:0045321; GO:0051241; GO:0071359; GO:0098586
B5BUQ7	B5BUQ7_HUMAN	unreviewed	OSM	OSM	Oncostatin M	9606	KW-0202; KW-1015; KW-0964; KW-0732	GO:0005125; GO:0005147; GO:0005576; GO:0006955; GO:0010646; GO:0023051; GO:0038165
B5BUQ8	B5BUQ8_HUMAN	unreviewed	IL1B	IL1B	Multifunctional fusion protein [Includes: Interleukin-1; Interleukin-1 beta]	9606	KW-0202; KW-0963; KW-0395; KW-0458; KW-0497; KW-0666; KW-0964	GO:0001660; GO:0005125; GO:0005149; GO:0005576; GO:0005764; GO:0005829; GO:0006955; GO:1903530
B5MC14	B5MC14_HUMAN	unreviewed	IL6	IL6	Interleukin-6	9606	KW-0011; KW-0202; KW-1015; KW-0339; KW-1267; KW-1185; KW-0964; KW-0732	GO:0005125; GO:0005138; GO:0005576; GO:0006955; GO:0030154; GO:0051240
B5MC21	B5MC21_HUMAN	unreviewed	IL6	IL6	Interleukin-6	9606	KW-0011; KW-0202; KW-1015; KW-0339; KW-1267; KW-1185; KW-0964	GO:0005125; GO:0005138; GO:0005576; GO:0006955; GO:0030154; GO:0051240
B5MCX1	B5MCX1_HUMAN	unreviewed	OSM	OSM	Oncostatin M	9606	KW-0202; KW-1015; KW-1267; KW-1185; KW-0964; KW-0732	GO:0005125; GO:0005147; GO:0005576; GO:0006955; GO:0010646; GO:0023051; GO:0038165
B7Z8M3	B7Z8M3_HUMAN	unreviewed	IL16	IL16	Pro-interleukin-16 [Cleaved into: Interleukin-16 (IL-16) (Lymphocyte chemoattractant factor) (LCF)]	9606	KW-0145; KW-0202; KW-0963; KW-0539; KW-0677; KW-0964; KW-0804; KW-0805	GO:0005125; GO:0005576; GO:0005634; GO:0005737; GO:0050930
B7ZLY4	B7ZLY4_HUMAN	unreviewed	FLT3LG	FLT3LG	Fms-related tyrosine kinase 3 ligand (SL cytokine)	9606	KW-1003; KW-0202; KW-1015; KW-0325; KW-0472; KW-0964; KW-0732; KW-0812; KW-1133	GO:0005102; GO:0005125; GO:0005576; GO:0005886; GO:0008284; GO:0030183; GO:0097028
B7ZW36	B7ZW36_HUMAN	unreviewed	LOC728835	LOC728835	C-C motif chemokine	9606	KW-0145; KW-0202; KW-1015; KW-0964; KW-0732	GO:0005576; GO:0006955; GO:0008009
C9J4T6	C9J4T6_HUMAN	unreviewed	CXCL8	CXCL8	C-X-C motif chemokine	9606	KW-0145; KW-0202; KW-1015; KW-0395; KW-1267; KW-1185; KW-0964; KW-0732	GO:0005576; GO:0006952; GO:0006955; GO:0008009
C9J5B0	C9J5B0_HUMAN	unreviewed	IL6	IL6	Interleukin-6	9606	KW-0011; KW-0202; KW-1015; KW-0339; KW-1267; KW-1185; KW-0964; KW-0732	GO:0005125; GO:0005138; GO:0005576; GO:0006955; GO:0030154; GO:0051240
C9JDZ7	C9JDZ7_HUMAN	unreviewed	CCL25	CCL25	C-C motif chemokine 25 (Chemokine TECK) (Small-inducible cytokine A25) (Thymus-expressed chemokine)	9606	KW-0145; KW-0202; KW-1015; KW-0395; KW-1267; KW-1185; KW-0964; KW-0732	GO:0005576; GO:0006955; GO:0008009
C9JF68	C9JF68_HUMAN	unreviewed	TNFSF13	TNFSF13	TNF superfamily member 13	9606	KW-0202; KW-1015; KW-0325; KW-0472; KW-1185; KW-0964; KW-0812; KW-1133	GO:0005164; GO:0005576; GO:0006955; GO:0007154; GO:0016020; GO:0023052
C9JFN2	C9JFN2_HUMAN	unreviewed	TNFSF13	TNFSF13	TNF superfamily member 13	9606	KW-0202; KW-1015; KW-0325; KW-0472; KW-1267; KW-1185; KW-0964; KW-0812; KW-1133	GO:0005164; GO:0005576; GO:0006955; GO:0007154; GO:0016020; GO:0023052
C9JQP9	C9JQP9_HUMAN	unreviewed	IL5	IL5	Interleukin-5 (Eosinophil differentiation factor)	9606	KW-0202; KW-1015; KW-0325; KW-0339; KW-1185; KW-0964; KW-0732	GO:0005125; GO:0005137; GO:0005576; GO:0006955; GO:0008083
C9JTH1	C9JTH1_HUMAN	unreviewed	IL36RN	IL36RN	Interleukin-1	9606	KW-1267; KW-1185; KW-0964	GO:0005125; GO:0005149; GO:0005576; GO:0006954; GO:0006955
D0EYG7	D0EYG7_HUMAN	unreviewed	IL7	IL7	Interleukin-7	9606	KW-0202; KW-1015; KW-0325; KW-0339; KW-0964; KW-0732	GO:0005139; GO:0005576; GO:0006955; GO:0008083
D6RC73	D6RC73_HUMAN	unreviewed	CCL28	CCL28	C-C motif chemokine ligand 28	9606	KW-0202; KW-1015; KW-1267; KW-1185; KW-0964; KW-0732	GO:0005576; GO:0006955; GO:0008009
D6RF92	D6RF92_HUMAN	unreviewed	CXCL6	CXCL6	C-X-C motif chemokine	9606	KW-0145; KW-0202; KW-1015; KW-1267; KW-1185; KW-0964; KW-0732	GO:0005576; GO:0006952; GO:0006955; GO:0008009
D7RVA3	D7RVA3_HUMAN	unreviewed	CSF3	CSF3	Granulocyte colony-stimulating factor	9606	KW-0964	GO:0005125; GO:0005576; GO:0006955; GO:0045639
E9PJA2	E9PJA2_HUMAN	unreviewed	CSF1	CSF1	Macrophage colony-stimulating factor 1 (Proteoglycan macrophage colony-stimulating factor)	9606	KW-1003; KW-0202; KW-1015; KW-0325; KW-0339; KW-0391; KW-0395; KW-0399; KW-0472; KW-0654; KW-1267; KW-1185; KW-0964; KW-0732; KW-0812; KW-1133	GO:0002684; GO:0005125; GO:0005576; GO:0005886; GO:0008083; GO:0030316; GO:0030335; GO:0042802
E9PKP4	E9PKP4_HUMAN	unreviewed	CSF1	CSF1	Macrophage colony-stimulating factor 1 (Proteoglycan macrophage colony-stimulating factor)	9606	KW-1003; KW-0202; KW-1015; KW-0325; KW-0339; KW-0391; KW-0395; KW-0399; KW-0472; KW-0654; KW-1267; KW-1185; KW-0964; KW-0732; KW-0812; KW-1133	GO:0002684; GO:0005125; GO:0005576; GO:0005886; GO:0008083; GO:0030316; GO:0030335; GO:0042802
E9PQ08	E9PQ08_HUMAN	unreviewed	CSF1	CSF1	Macrophage colony-stimulating factor 1 (Proteoglycan macrophage colony-stimulating factor)	9606	KW-1003; KW-0202; KW-1015; KW-0325; KW-0339; KW-0391; KW-0395; KW-0399; KW-0472; KW-0654; KW-1267; KW-1185; KW-0964; KW-0732; KW-0812; KW-1133	GO:0002684; GO:0005125; GO:0005576; GO:0005886; GO:0008083; GO:0030316; GO:0030335; GO:0042802
F1JZ09	F1JZ09_HUMAN	unreviewed			Mutant IL-17F	9606	KW-0202; KW-1015; KW-0325; KW-0395; KW-0964; KW-0732	GO:0005125; GO:0005576; GO:0006954; GO:0097400; GO:1903557; GO:2000340
F6MF51	F6MF51_HUMAN	unreviewed			Macrophage colony-stimulating factor 1 (Proteoglycan macrophage colony-stimulating factor)	9606	KW-1003; KW-0202; KW-1015; KW-0325; KW-0339; KW-0391; KW-0395; KW-0399; KW-0472; KW-0654; KW-0964; KW-0732; KW-0812; KW-1133	GO:0002684; GO:0005125; GO:0005576; GO:0005886; GO:0008083; GO:0030316; GO:0030335; GO:0042802
F6U4X5	F6U4X5_HUMAN	unreviewed	IL7	IL7	Interleukin-7	9606	KW-0202; KW-1015; KW-0325; KW-0339; KW-1267; KW-1185; KW-0964; KW-0732	
F6V1T2	F6V1T2_HUMAN	unreviewed	CSF3	CSF3	Granulocyte colony-stimulating factor	9606	KW-0202; KW-1015; KW-0325; KW-0339; KW-1267; KW-1185; KW-0964; KW-0732	
F6X5E6	F6X5E6_HUMAN	unreviewed	CD40LG	CD40LG	CD40 ligand (CD40-L) (Tumor necrosis factor ligand superfamily member 5)	9606	KW-1003; KW-0202; KW-1015; KW-0325; KW-0472; KW-1267; KW-1185; KW-0964; KW-0735; KW-0812; KW-1133	
F8W6L1	F8W6L1_HUMAN	unreviewed	THPO	THPO	Thrombopoietin	9606	KW-0202; KW-1015; KW-0325; KW-0372; KW-1185; KW-0964; KW-0732	GO:0005125; GO:0005179; GO:0005576; GO:0008283
H0YI30	H0YI30_HUMAN	unreviewed	GDF11	GDF11	Growth/differentiation factor 11 (Bone morphogenetic protein 11)	9606	KW-0165; KW-0202; KW-1015; KW-0325; KW-0339; KW-1267; KW-1185; KW-0964; KW-0732	GO:0005102; GO:0005576; GO:0008083
H0YLL1	H0YLL1_HUMAN	unreviewed	IL16	IL16	Interleukin 16	9606	KW-0963; KW-0539; KW-0597; KW-1267; KW-1185; KW-0677; KW-0964	GO:0005125; GO:0005576; GO:0005829; GO:0016607; GO:0050930
H3BSR6	H3BSR6_HUMAN	unreviewed	CX3CL1	CX3CL1	C-X3-C motif chemokine ligand 1	9606	KW-0145; KW-0202; KW-1015; KW-0395; KW-0472; KW-1267; KW-1185; KW-0964; KW-0732; KW-0812; KW-1133	GO:0005576; GO:0005886; GO:0006955; GO:0008009
I3L333	I3L333_HUMAN	unreviewed	CXCL16	CXCL16	C-X-C motif chemokine 16 (Transmembrane chemokine CXCL16)	9606	KW-0145; KW-0202; KW-1015; KW-0325; KW-0472; KW-1267; KW-1185; KW-0732; KW-0812; KW-1133	GO:0005041; GO:0005044; GO:0006898; GO:0008009; GO:0016020; GO:0030307; GO:0030335; GO:0034341; GO:0034612; GO:0048247
I7GGY3	I7GGY3_HUMAN	unreviewed	IL16	IL16	Pro-interleukin-16 [Cleaved into: Interleukin-16 (IL-16) (Lymphocyte chemoattractant factor) (LCF)]	9606	KW-0145; KW-0202; KW-0963; KW-0539; KW-0597; KW-0677; KW-0964; KW-0804; KW-0805	GO:0002376; GO:0005102; GO:0005125; GO:0005576; GO:0005634; GO:0005737; GO:0050930
J3KSN0	J3KSN0_HUMAN	unreviewed	SECTM1	SECTM1	Protein K-12	9606	KW-1003; KW-1015; KW-0325; KW-0472; KW-1267; KW-1185; KW-0964; KW-0732; KW-0812; KW-1133	GO:0005125; GO:0005576; GO:0005886; GO:0006955
J3KTH8	J3KTH8_HUMAN	unreviewed	CSF3	CSF3	Granulocyte colony-stimulating factor	9606	KW-1267; KW-1185; KW-0964; KW-0732	GO:0005125; GO:0005576; GO:0006955; GO:0045639
J3KTR4	J3KTR4_HUMAN	unreviewed	SECTM1	SECTM1	Protein K-12	9606	KW-1003; KW-1015; KW-0325; KW-0472; KW-1267; KW-1185; KW-0964; KW-0732; KW-0812; KW-1133	GO:0005125; GO:0005576; GO:0005886; GO:0006955
J3QKK2	J3QKK2_HUMAN	unreviewed	SECTM1	SECTM1	Protein K-12	9606	KW-1003; KW-1015; KW-0325; KW-0472; KW-1267; KW-1185; KW-0964; KW-0732; KW-0812; KW-1133	GO:0005125; GO:0005576; GO:0005886; GO:0006955
J3QQT3	J3QQT3_HUMAN	unreviewed	IL34	IL34	Interleukin-34	9606	KW-0202; KW-0325; KW-0339; KW-0391; KW-0395; KW-0399; KW-1267; KW-1185; KW-0964; KW-0732	GO:0005157; GO:0005576; GO:0008284; GO:0010720; GO:0051240; GO:2000026
J3QQU6	J3QQU6_HUMAN	unreviewed	SECTM1	SECTM1	Protein K-12	9606	KW-1003; KW-1015; KW-0325; KW-0472; KW-1267; KW-1185; KW-0964; KW-0732; KW-0812; KW-1133	GO:0005125; GO:0005576; GO:0005886; GO:0006955
J3QRA1	J3QRA1_HUMAN	unreviewed	CX3CL1	CX3CL1	C-X3-C motif chemokine ligand 1	9606	KW-0145; KW-0202; KW-1015; KW-0395; KW-0472; KW-1267; KW-1185; KW-0964; KW-0732; KW-0812; KW-1133	GO:0005576; GO:0005886; GO:0006955; GO:0008009
J3QRX2	J3QRX2_HUMAN	unreviewed	CSF3	CSF3	Granulocyte colony-stimulating factor	9606	KW-1267; KW-1185; KW-0964; KW-0732	GO:0005125; GO:0005576; GO:0006955; GO:0045639
K7EJ28	K7EJ28_HUMAN	unreviewed	TNFSF13	TNFSF13	TNF superfamily member 13	9606	KW-0202; KW-1015; KW-0325; KW-1185; KW-0964	GO:0005164; GO:0005576; GO:0006955; GO:0007154; GO:0016020; GO:0023052
K9M1I8	K9M1I8_HUMAN	unreviewed	IFNL4	IFNL4	Uncharacterized protein	9606	KW-0051; KW-0202; KW-1015; KW-0964; KW-0732	GO:0005125; GO:0005576; GO:0007259; GO:0050778; GO:0051607
Q05BE6	Q05BE6_HUMAN	unreviewed	IL16	IL16	Pro-interleukin-16 [Cleaved into: Interleukin-16 (IL-16) (Lymphocyte chemoattractant factor) (LCF)]	9606	KW-0145; KW-0202; KW-0963; KW-0539; KW-0677; KW-0964; KW-0804; KW-0805	GO:0005125; GO:0005576; GO:0005634; GO:0005737; GO:0050930
Q08AK2	Q08AK2_HUMAN	unreviewed	CCL25	CCL25	C-C motif chemokine 25 (Chemokine TECK) (Small-inducible cytokine A25) (Thymus-expressed chemokine)	9606	KW-0145; KW-0202; KW-1015; KW-0395; KW-0964; KW-0732	GO:0005576; GO:0006955; GO:0008009
Q14609	Q14609_HUMAN	unreviewed			Interferon gamma (IFN-gamma)	9606	KW-0051; KW-0202; KW-0325; KW-0341; KW-0873; KW-0964	GO:0001774; GO:0005125; GO:0005133; GO:0005576; GO:0045785; GO:0060333
Q14610	Q14610_HUMAN	unreviewed			Interferon gamma (IFN-gamma)	9606	KW-0051; KW-0202; KW-0325; KW-0341; KW-0873; KW-0964	GO:0001774; GO:0005125; GO:0005133; GO:0005576; GO:0045785; GO:0060333
Q14611	Q14611_HUMAN	unreviewed			Interferon gamma (IFN-gamma)	9606	KW-0051; KW-0202; KW-0325; KW-0341; KW-0873; KW-0964	GO:0001774; GO:0005125; GO:0005133; GO:0005576; GO:0045785; GO:0060333
Q14612	Q14612_HUMAN	unreviewed			Interferon gamma (IFN-gamma)	9606	KW-0051; KW-0202; KW-0325; KW-0341; KW-0873; KW-0964	GO:0001774; GO:0005125; GO:0005133; GO:0005576; GO:0045785; GO:0060333
Q14613	Q14613_HUMAN	unreviewed			Interferon gamma (IFN-gamma)	9606	KW-0051; KW-0202; KW-0325; KW-0341; KW-0873; KW-0964	GO:0001774; GO:0005125; GO:0005133; GO:0005576; GO:0045785; GO:0060333
Q14614	Q14614_HUMAN	unreviewed			Interferon gamma (IFN-gamma)	9606	KW-0051; KW-0202; KW-0325; KW-0341; KW-0873; KW-0964	GO:0001774; GO:0005125; GO:0005133; GO:0005576; GO:0045785; GO:0060333
Q14615	Q14615_HUMAN	unreviewed			Interferon gamma (IFN-gamma)	9606	KW-0051; KW-0202; KW-0325; KW-0341; KW-0873; KW-0964	GO:0001774; GO:0005125; GO:0005133; GO:0005576; GO:0045785; GO:0060333
Q14745	Q14745_HUMAN	unreviewed			C-C motif chemokine	9606	KW-0145; KW-0202; KW-1015; KW-0964; KW-0732	GO:0005576; GO:0006955; GO:0008009
Q15943	Q15943_HUMAN	unreviewed			Interferon beta	9606	KW-0051; KW-0202; KW-1015; KW-0325; KW-0964; KW-0732	GO:0002683; GO:0005126; GO:0005576; GO:0006952; GO:0006955; GO:0007165; GO:0045321; GO:0051241; GO:0071359; GO:0098586
Q16334	Q16334_HUMAN	unreviewed	IL-2	IL-2 IL2	Interleukin-2 (IL-2)	9606	KW-1064; KW-0202; KW-1015; KW-0325; KW-0339; KW-0391; KW-0964; KW-0732	GO:0005125; GO:0005134; GO:0005576; GO:0006955; GO:0008083; GO:0042102; GO:0045621
Q309Q7	Q309Q7_HUMAN	unreviewed	IL2	IL2	Interleukin-2 (IL-2)	9606	KW-1064; KW-0202; KW-1015; KW-0325; KW-0339; KW-0391; KW-0964; KW-0732	GO:0005125; GO:0005134; GO:0005576; GO:0006955; GO:0008083; GO:0042102; GO:0045621
Q45NE4	Q45NE4_HUMAN	unreviewed	LTA	LTA	Lymphotoxin-alpha (LT-alpha) (TNF-beta) (Tumor necrosis factor ligand superfamily member 1)	9606	KW-0202; KW-0325; KW-0472; KW-0964; KW-0732	GO:0005125; GO:0005164; GO:0005576; GO:0006959; GO:0016020
Q45NE5	Q45NE5_HUMAN	unreviewed	LTA	LTA	Lymphotoxin-alpha (LT-alpha) (TNF-beta) (Tumor necrosis factor ligand superfamily member 1)	9606	KW-0202; KW-0325; KW-0472; KW-0964; KW-0732	GO:0005125; GO:0005164; GO:0005576; GO:0006959; GO:0016020
Q45NE6	Q45NE6_HUMAN	unreviewed	LTA	LTA	Lymphotoxin-alpha (LT-alpha) (TNF-beta) (Tumor necrosis factor ligand superfamily member 1)	9606	KW-0202; KW-0325; KW-0472; KW-0964; KW-0732	GO:0005125; GO:0005164; GO:0005576; GO:0006959; GO:0016020
Q45NE9	Q45NE9_HUMAN	unreviewed	LTA	LTA	Lymphotoxin-alpha (LT-alpha) (TNF-beta) (Tumor necrosis factor ligand superfamily member 1)	9606	KW-0202; KW-0325; KW-0472; KW-0964; KW-0732	GO:0005125; GO:0005164; GO:0005576; GO:0006959; GO:0016020
Q4JCQ2	Q4JCQ2_HUMAN	unreviewed	BMP6	BMP6	BMP6 protein	9606	KW-0891; KW-0202; KW-1015; KW-0325; KW-0339; KW-0892; KW-0964; KW-0732	GO:0005576; GO:0008083; GO:0009888; GO:0030509; GO:0042127; GO:0048468; GO:0051094; GO:0060391; GO:0070700
Q4VB50	Q4VB50_HUMAN	unreviewed	IL13	IL13	Interleukin-13	9606	KW-0202; KW-1015; KW-0325; KW-0964; KW-0732	GO:0005126; GO:0005576; GO:0006955; GO:0042116; GO:1903660; GO:2000352
Q4VBA3	Q4VBA3_HUMAN	unreviewed	BMP6	BMP6	BMP6 protein	9606	KW-0891; KW-0202; KW-1015; KW-0325; KW-0339; KW-0892; KW-0964; KW-0732	GO:0005576; GO:0008083; GO:0009888; GO:0030509; GO:0042127; GO:0048468; GO:0051094; GO:0060391; GO:0070700
Q52M88	Q52M88_HUMAN	unreviewed	TNFSF8	TNFSF8 TNLG3A hCG_29853	Tumor necrosis factor ligand superfamily member 8 (CD30 ligand)	9606	KW-0202; KW-1015; KW-0325; KW-0472; KW-0735; KW-0812; KW-1133	GO:0005164; GO:0006955; GO:0007154; GO:0016020; GO:0023052
Q53G27	Q53G27_HUMAN	unreviewed			Protein K-12	9606	KW-1003; KW-1015; KW-0325; KW-0472; KW-0964; KW-0732; KW-0812; KW-1133	GO:0005125; GO:0005576; GO:0005886; GO:0006955
Q53G63	Q53G63_HUMAN	unreviewed			Protein K-12	9606	KW-1003; KW-1015; KW-0325; KW-0472; KW-0964; KW-0732; KW-0812; KW-1133	GO:0005125; GO:0005576; GO:0005886; GO:0006955
Q53H89	Q53H89_HUMAN	unreviewed			Chemokine (C-X3-C motif) ligand 1 variant	9606	KW-0145; KW-0202; KW-1015; KW-0395; KW-0472; KW-0964; KW-0732; KW-0812; KW-1133	GO:0005576; GO:0006955; GO:0008009
Q53HR8	Q53HR8_HUMAN	unreviewed	IL16	IL16	Pro-interleukin-16 [Cleaved into: Interleukin-16 (IL-16) (Lymphocyte chemoattractant factor) (LCF)]	9606	KW-0145; KW-0202; KW-0963; KW-0539; KW-0677; KW-0964; KW-0804; KW-0805	GO:0005125; GO:0005576; GO:0005634; GO:0005737; GO:0050930
Q53X90	Q53X90_HUMAN	unreviewed	CXCL13	CXCL13 hCG_22991	C-X-C motif chemokine	9606	KW-0145; KW-0202; KW-1015; KW-0964; KW-0732	GO:0005576; GO:0006952; GO:0006955; GO:0008009
Q5FBX5	Q5FBX5_HUMAN	unreviewed	IL7	IL7	Interleukin-7	9606	KW-0202; KW-1015; KW-0325; KW-0339; KW-0964; KW-0732	GO:0005139; GO:0005576; GO:0006955; GO:0008083
Q5FBX8	Q5FBX8_HUMAN	unreviewed	THPO	THPO	Thrombopoietin nirs variant 1	9606	KW-1015; KW-0325; KW-0372; KW-0964; KW-0732	GO:0005125; GO:0005179; GO:0005576; GO:0008283
Q5FBY3	Q5FBY3_HUMAN	unreviewed	IL7	IL7	Interleukin-7	9606	KW-0202; KW-1015; KW-0325; KW-0339; KW-0964; KW-0732	GO:0005139; GO:0005576; GO:0006955; GO:0008083
Q5VZ73	Q5VZ73_HUMAN	unreviewed	CCL21	CCL21	C-C motif chemokine 21 (Small-inducible cytokine A21)	9606	KW-0145; KW-0202; KW-1015; KW-0395; KW-1267; KW-1185; KW-0964; KW-0732	GO:0005576; GO:0006955; GO:0008009
Q5VZ75	Q5VZ75_HUMAN	unreviewed	CCL19	CCL19	C-C motif chemokine	9606	KW-0145; KW-0202; KW-1015; KW-0395; KW-1267; KW-1185; KW-0964; KW-0732	GO:0005576; GO:0006955; GO:0008009
Q647J8	Q647J8_HUMAN	unreviewed			Granulocyte-macrophage colony-stimulating factor (Colony-stimulating factor)	9606	KW-0202; KW-1015; KW-0325; KW-0339; KW-0964; KW-0732	GO:0005129; GO:0005576; GO:0006955; GO:0008083; GO:0008284; GO:0009966; GO:0050793
Q6FGS4	Q6FGS4_HUMAN	unreviewed	TNFSF4	TNFSF4	Tumor necrosis factor ligand superfamily member 4 (OX40 ligand)	9606	KW-0202; KW-1015; KW-0325; KW-0472; KW-0735; KW-0812; KW-1133	GO:0005125; GO:0005164; GO:0006955; GO:0016020
Q6I9S7	Q6I9S7_HUMAN	unreviewed	CXCL5	CXCL5 hCG_16364	C-X-C motif chemokine	9606	KW-0145; KW-0202; KW-1015; KW-0964; KW-0732	GO:0005576; GO:0006952; GO:0006955; GO:0008009
Q6I9S9	Q6I9S9_HUMAN	unreviewed	CX3CL1	CX3CL1	CX3CL1 protein	9606	KW-0145; KW-0202; KW-1015; KW-0395; KW-0472; KW-0964; KW-0732; KW-0812; KW-1133	GO:0005576; GO:0006955; GO:0008009
Q6IAG3	Q6IAG3_HUMAN	unreviewed	IL17B	IL17B	Interleukin-17B (Neuronal interleukin-17-related factor)	9606	KW-0202; KW-1015; KW-0325; KW-0964; KW-0732	GO:0005125; GO:0005576; GO:0006954
Q6IBD6	Q6IBD6_HUMAN	unreviewed	CCL19	CCL19 hCG_20476	C-C motif chemokine	9606	KW-0145; KW-0202; KW-1015; KW-0395; KW-0964; KW-0732	GO:0005576; GO:0006955; GO:0008009
Q6LBF4	Q6LBF4_HUMAN	unreviewed	IL10	IL10	Interleukin family protein	9606	KW-0202; KW-0964; KW-0732	GO:0005125; GO:0005576
Q6NZ78	Q6NZ78_HUMAN	unreviewed	IL3	IL3	Interleukin-3 (IL-3) (Hematopoietic growth factor) (Mast cell growth factor) (Multipotential colony-stimulating factor) (P-cell-stimulating factor)	9606	KW-0202; KW-1015; KW-0339; KW-0964; KW-0732	GO:0005135; GO:0005576; GO:0006955; GO:0008083
Q6NZ79	Q6NZ79_HUMAN	unreviewed	IL3	IL3	Interleukin-3 (IL-3) (Hematopoietic growth factor) (Mast cell growth factor) (Multipotential colony-stimulating factor) (P-cell-stimulating factor)	9606	KW-0202; KW-1015; KW-0339; KW-0964; KW-0732	GO:0005135; GO:0005576; GO:0006955; GO:0008083
Q6NZ91	Q6NZ91_HUMAN	unreviewed	IL2	IL2	Interleukin-2 (IL-2)	9606	KW-1064; KW-0202; KW-1015; KW-0325; KW-0339; KW-0391; KW-0964; KW-0732	GO:0005125; GO:0005134; GO:0005576; GO:0006955; GO:0008083; GO:0042102; GO:0045621
Q6NZ93	Q6NZ93_HUMAN	unreviewed	IL2	IL2	Interleukin-2 (IL-2)	9606	KW-1064; KW-0202; KW-1015; KW-0325; KW-0339; KW-0391; KW-0964; KW-0732	GO:0005125; GO:0005134; GO:0005576; GO:0006955; GO:0008083; GO:0042102; GO:0045621
Q6NZ94	Q6NZ94_HUMAN	unreviewed	IL17A	IL17A	Interleukin 17A	9606	KW-0202; KW-1015; KW-0325; KW-0395; KW-0964; KW-0732	GO:0005125; GO:0005576; GO:0006954; GO:0097400; GO:1903557; GO:2000340
Q6QWN0	Q6QWN0_HUMAN	unreviewed	IL2	IL2	Interleukin-2 (IL-2)	9606	KW-1064; KW-0202; KW-1015; KW-0325; KW-0339; KW-0391; KW-0964; KW-0732	GO:0005125; GO:0005134; GO:0005576; GO:0006955; GO:0008083; GO:0042102; GO:0045621
Q6WQT9	Q6WQT9_HUMAN	unreviewed	LTA	LTA	Lymphotoxin-alpha (LT-alpha) (TNF-beta) (Tumor necrosis factor ligand superfamily member 1)	9606	KW-0202; KW-0325; KW-0472; KW-0964; KW-0732	GO:0005125; GO:0005164; GO:0005576; GO:0006959; GO:0016020
Q6WQU7	Q6WQU7_HUMAN	unreviewed	LTA	LTA	Lymphotoxin-alpha (LT-alpha) (TNF-beta) (Tumor necrosis factor ligand superfamily member 1)	9606	KW-0202; KW-0325; KW-0472; KW-0964; KW-0732	GO:0005125; GO:0005164; GO:0005576; GO:0006959; GO:0016020
Q6WQV4	Q6WQV4_HUMAN	unreviewed	LTA	LTA	Lymphotoxin-alpha (LT-alpha) (TNF-beta) (Tumor necrosis factor ligand superfamily member 1)	9606	KW-0202; KW-0325; KW-0472; KW-0964; KW-0732	GO:0005125; GO:0005164; GO:0005576; GO:0006959; GO:0016020
Q6WQV6	Q6WQV6_HUMAN	unreviewed	LTA	LTA	Lymphotoxin-alpha (LT-alpha) (TNF-beta) (Tumor necrosis factor ligand superfamily member 1)	9606	KW-0202; KW-0325; KW-0472; KW-0964; KW-0732	GO:0005125; GO:0005164; GO:0005576; GO:0006959; GO:0016020
Q6WQV7	Q6WQV7_HUMAN	unreviewed	LTA	LTA	Lymphotoxin-alpha (LT-alpha) (TNF-beta) (Tumor necrosis factor ligand superfamily member 1)	9606	KW-0202; KW-0325; KW-0472; KW-0964; KW-0732	GO:0005125; GO:0005164; GO:0005576; GO:0006959; GO:0016020
Q6ZTT5	Q6ZTT5_HUMAN	unreviewed	IL16	IL16	Pro-interleukin-16 [Cleaved into: Interleukin-16 (IL-16) (Lymphocyte chemoattractant factor) (LCF)]	9606	KW-0145; KW-0202; KW-0963; KW-0539; KW-0677; KW-0964; KW-0804; KW-0805	GO:0005125; GO:0005576; GO:0005634; GO:0005737; GO:0050930
Q75RY1	Q75RY1_HUMAN	unreviewed	gdf7	gdf7	Growth/differentiation factor 7	9606	KW-0165; KW-0202; KW-1015; KW-0325; KW-0339; KW-0964; KW-0732	GO:0005576; GO:0008083; GO:0090092
Q7RU00	Q7RU00_HUMAN	unreviewed			Interleukin-1	9606	KW-0964	GO:0005125; GO:0005149; GO:0005576; GO:0006954; GO:0006955
Q7Z7M3	Q7Z7M3_HUMAN	unreviewed	IL2	IL2	Interleukin-2 (IL-2)	9606	KW-1064; KW-0202; KW-1015; KW-0325; KW-0339; KW-0391; KW-0964; KW-0732	GO:0005125; GO:0005134; GO:0005576; GO:0006955; GO:0008083; GO:0042102; GO:0045621
Q7Z7Q8	Q7Z7Q8_HUMAN	unreviewed	MCP-3	MCP-3 CCL7 hCG_29304	C-C motif chemokine	9606	KW-0145; KW-0202; KW-1015; KW-0964; KW-0732	GO:0005576; GO:0006955; GO:0008009
Q8IZI4	Q8IZI4_HUMAN	unreviewed	TNFSF13B	TNFSF13B	B-lymphocyte stimulator	9606	KW-0202; KW-1015; KW-0325; KW-0964	GO:0005164; GO:0005576; GO:0006955; GO:0007154; GO:0016020; GO:0023052
Q8IZI5	Q8IZI5_HUMAN	unreviewed	TNFSF13B	TNFSF13B	B-lymphocyte stimulator	9606	KW-0202; KW-1015; KW-0325; KW-0964	GO:0005164; GO:0005576; GO:0006955; GO:0007154; GO:0016020; GO:0023052
Q8IZI6	Q8IZI6_HUMAN	unreviewed	TNFSF13B	TNFSF13B	B-lymphocyte stimulator	9606	KW-0202; KW-1015; KW-0325; KW-0964	GO:0005164; GO:0005576; GO:0006955; GO:0007154; GO:0016020; GO:0023052
Q8N6T2	Q8N6T2_HUMAN	unreviewed			Growth/differentiation factor 10 (Bone morphogenetic protein 3B)	9606	KW-0165; KW-0202; KW-1015; KW-0325; KW-0339; KW-0892; KW-0964; KW-0732	GO:0001501; GO:0005576; GO:0008083; GO:0030279
Q8NFA4	Q8NFA4_HUMAN	unreviewed	IL2	IL2	Interleukin-2 (IL-2)	9606	KW-1064; KW-0202; KW-1015; KW-0339; KW-0391; KW-0964	GO:0005134; GO:0005576; GO:0006955; GO:0008083
Q8NHY9	Q8NHY9_HUMAN	unreviewed			Interferon gamma (IFN-gamma)	9606	KW-0051; KW-0202; KW-0325; KW-0341; KW-0873; KW-0964	GO:0001774; GO:0005125; GO:0005133; GO:0005576; GO:0045785; GO:0060333
Q96KJ8	Q96KJ8_HUMAN	unreviewed			Interleukin-18 (IL-18)	9606	KW-0202; KW-0963; KW-0395; KW-0964	GO:0005125; GO:0005576; GO:0005829; GO:0006954; GO:0006955; GO:0007166; GO:0032729
Q96LA2	Q96LA2_HUMAN	unreviewed			Interferon gamma (Immune interferon)	9606	KW-0051; KW-0202; KW-0325; KW-0341; KW-0873; KW-0964	GO:0001774; GO:0005125; GO:0005133; GO:0005576; GO:0045785; GO:0060333
Q9C001	Q9C001_HUMAN	unreviewed	IL2	IL2	Interleukin-2 (IL-2)	9606	KW-1064; KW-0202; KW-1015; KW-0325; KW-0339; KW-0391; KW-0964; KW-0732	GO:0005125; GO:0005134; GO:0005576; GO:0006955; GO:0008083; GO:0042102; GO:0045621
Q9UME6	Q9UME6_HUMAN	unreviewed	IL16	IL16	Pro-interleukin-16 [Cleaved into: Interleukin-16 (IL-16) (Lymphocyte chemoattractant factor) (LCF)]	9606	KW-0145; KW-0202; KW-0963; KW-0539; KW-0677; KW-0964; KW-0804; KW-0805	GO:0005125; GO:0005576; GO:0005634; GO:0005737; GO:0050930
Q9UPB9	Q9UPB9_HUMAN	unreviewed	IL4	IL4	Interleukin-4 (B-cell stimulatory factor 1) (Lymphocyte stimulatory factor 1)	9606	KW-0075; KW-0202; KW-1015; KW-0325; KW-0339; KW-0964; KW-0732	GO:0005136; GO:0005576; GO:0006955; GO:0008083; GO:0010628; GO:0030335; GO:0045321; GO:0051239
U3LVN1	U3LVN1_HUMAN	unreviewed	IL4	IL4	Interleukin-4 (B-cell stimulatory factor 1) (Lymphocyte stimulatory factor 1)	9606	KW-0075; KW-0202; KW-1015; KW-0325; KW-0339; KW-0964; KW-0732	GO:0005136; GO:0005576; GO:0006955; GO:0008083
X6R8I9	X6R8I9_HUMAN	unreviewed	TNFSF15	TNFSF15	Tumor necrosis factor ligand superfamily member 15 (TNF ligand-related molecule 1) (Vascular endothelial cell growth inhibitor)	9606	KW-0202; KW-1015; KW-0325; KW-0472; KW-1267; KW-1185; KW-0732; KW-0735; KW-0812; KW-1133	GO:0005164; GO:0006955; GO:0007154; GO:0016020; GO:0023052
A0A075B7C5	A0A075B7C5_HUMAN	unreviewed	CCL5	CCL5	C-C motif chemokine ligand 5	9606	KW-0202; KW-1267; KW-1185; KW-0732	GO:0005576; GO:0006955; GO:0008009
A0A087WUE5	A0A087WUE5_HUMAN	unreviewed	CCL16	CCL16	C-C motif chemokine	9606	KW-0145; KW-0202; KW-1015; KW-1267; KW-1185; KW-0964; KW-0732	GO:0005576; GO:0006955; GO:0008009
A0A087X1J9	A0A087X1J9_HUMAN	unreviewed	CCL15	CCL15	C-C motif chemokine ligand 15	9606	KW-0202; KW-1015; KW-1267; KW-1185; KW-0964; KW-0732	GO:0005576; GO:0006955; GO:0008009
A0A096LNH9	A0A096LNH9_HUMAN	unreviewed	GDF9	GDF9	Growth/differentiation factor 9	9606	KW-0165; KW-0202; KW-1015; KW-0325; KW-0339; KW-0597; KW-1267; KW-1185; KW-0964; KW-0732	
A0A0A0MQU8	A0A0A0MQU8_HUMAN	unreviewed	IFNA6	IFNA6	Interferon alpha 6	9606	KW-0051; KW-0202; KW-1015; KW-1267; KW-1185; KW-0964; KW-0732	GO:0005126; GO:0005576; GO:0006952
A0A0B4J2G5	A0A0B4J2G5_HUMAN	unreviewed	CCL14	CCL14	C-C motif chemokine ligand 14	9606	KW-0202; KW-1267; KW-1185; KW-0732	GO:0005576; GO:0006955; GO:0008009
A0A0C4DG43	A0A0C4DG43_HUMAN	unreviewed	TSLP	TSLP	Thymic stromal lymphopoietin	9606	KW-1185	GO:0005125
A0A0C4DGW8	A0A0C4DGW8_HUMAN	unreviewed	IFNL3	IFNL3	Interferon lambda 3	9606	KW-0051; KW-0202; KW-1015; KW-1185; KW-0964; KW-0732	GO:0005125; GO:0005576; GO:0007259; GO:0050778; GO:0051607
A0A0J9YWH4	A0A0J9YWH4_HUMAN	unreviewed	CCL4L2	CCL4L2	C-C motif chemokine 4-like	9606	KW-0202; KW-1185; KW-0732	GO:0005576; GO:0006955; GO:0008009
A0A2D3E5G9	A0A2D3E5G9_HUMAN	unreviewed			Interferon alpha 2b	9606	KW-0051; KW-0202; KW-1015; KW-0964; KW-0732	GO:0005126; GO:0005576; GO:0006952
A0A494C1Q1	A0A494C1Q1_HUMAN	unreviewed	CCL5	CCL5	C-C motif chemokine ligand 5	9606	KW-0202; KW-1267; KW-1185; KW-0732	GO:0005576; GO:0006955; GO:0008009
A0A7H1MG84	A0A7H1MG84_HUMAN	unreviewed	IFNL2a	IFNL2a	IFNL2a	9606	KW-0051; KW-0202; KW-1015; KW-0964; KW-0732	GO:0005125; GO:0005576; GO:0007259; GO:0050778; GO:0051607
A0A8Q3SJ12	A0A8Q3SJ12_HUMAN	unreviewed	IL12B	IL12B	Interleukin 12B	9606	KW-0202; KW-1015; KW-0325; KW-0393; KW-1267; KW-1185; KW-0732	
A0A8Q3WML5	A0A8Q3WML5_HUMAN	unreviewed	IL12B	IL12B	Interleukin 12B	9606	KW-0202; KW-1015; KW-0325; KW-1267; KW-1185; KW-0732	GO:0004896; GO:0016020
A0A8V8TPS2	A0A8V8TPS2_HUMAN	unreviewed	TNFSF12	TNFSF12	TNF superfamily member 12	9606	KW-0202; KW-1015; KW-0325; KW-1267; KW-1185; KW-0964	GO:0005576
A0A8V8TQK2	A0A8V8TQK2_HUMAN	unreviewed	TNFSF12	TNFSF12	TNF superfamily member 12	9606	KW-0202; KW-1015; KW-0325; KW-1267; KW-1185; KW-0964	GO:0005576
A0A8V8TQX4	A0A8V8TQX4_HUMAN	unreviewed	TNFSF12	TNFSF12	TNF superfamily member 12	9606	KW-0202; KW-1015; KW-0325; KW-1267; KW-1185; KW-0964	GO:0005576
A0AA50CIE2	A0AA50CIE2_HUMAN	unreviewed			Interferon alpha 2b	9606	KW-0051; KW-0202; KW-1015; KW-0964; KW-0732	GO:0005126; GO:0005576; GO:0006952
A0AA51B0H1	A0AA51B0H1_HUMAN	unreviewed	CXCL5	CXCL5	C-X-C motif chemokine ligand 5	9606	KW-0202; KW-1015; KW-0964; KW-0732	GO:0005576; GO:0006952; GO:0006955; GO:0008009
A0AAQ5BHN2	A0AAQ5BHN2_HUMAN	unreviewed	CCL21	CCL21	C-C motif chemokine ligand 21	9606	KW-0202; KW-1267; KW-1185; KW-0732	GO:0005576; GO:0006955; GO:0008009
A0AAQ5BI34	A0AAQ5BI34_HUMAN	unreviewed	TNFSF4	TNFSF4	TNF superfamily member 4	9606	KW-0472; KW-1267; KW-1185; KW-0812; KW-1133	GO:0005125
A0ACI8Q607	A0ACI8Q607_HUMAN	unreviewed	CCL21	CCL21	C-C motif chemokine ligand 21	9606	KW-0202; KW-1267; KW-1185; KW-0732	
A0ACI8QM52	A0ACI8QM52_HUMAN	unreviewed	ALKAL2	ALKAL2	ALK and LTK ligand 2	9606	KW-1003; KW-0202; KW-1015; KW-0472; KW-1267; KW-1185; KW-0964; KW-0732	
A0ACI8R207	A0ACI8R207_HUMAN	unreviewed	CXCL2	CXCL2	C-X-C motif chemokine	9606	KW-0145; KW-0202; KW-1015; KW-1267; KW-1185; KW-0964; KW-0732	
A0ACI8RI43	A0ACI8RI43_HUMAN	unreviewed	CXCL14	CXCL14	C-X-C motif chemokine ligand 14	9606	KW-0202; KW-1185; KW-0732	
A0ACI8RLZ6	A0ACI8RLZ6_HUMAN	unreviewed	CCL16	CCL16	C-C motif chemokine	9606	KW-0145; KW-0202; KW-1015; KW-1267; KW-1185; KW-0964; KW-0732	
A0ACI8S9K4	A0ACI8S9K4_HUMAN	unreviewed	ALKAL2	ALKAL2	ALK and LTK ligand 2	9606	KW-1003; KW-0202; KW-1015; KW-0472; KW-1267; KW-1185; KW-0964; KW-0732	
A0ACI8S9M7	A0ACI8S9M7_HUMAN	unreviewed	CCL16	CCL16	C-C motif chemokine	9606	KW-0145; KW-0202; KW-1015; KW-1267; KW-1185; KW-0964; KW-0732	
A0ACI8SC27	A0ACI8SC27_HUMAN	unreviewed	CXCL2	CXCL2	C-X-C motif chemokine	9606	KW-0145; KW-0202; KW-1015; KW-1267; KW-1185; KW-0964; KW-0732	
A0ACI8UEJ1	A0ACI8UEJ1_HUMAN	unreviewed	BMP6	BMP6	Bone morphogenetic protein 6	9606	KW-0891; KW-0202; KW-1015; KW-0325; KW-0339; KW-0892; KW-1267; KW-1185; KW-0964; KW-0732	
A0ACI8UGT0	A0ACI8UGT0_HUMAN	unreviewed	LEFTY1	LEFTY1	Left-right determination factor	9606	KW-0202; KW-0217; KW-1015; KW-0325; KW-0339; KW-1267; KW-1185; KW-0964; KW-0732	
A0ACI8ULR7	A0ACI8ULR7_HUMAN	unreviewed	CXCL1	CXCL1	C-X-C motif chemokine	9606	KW-0145; KW-0202; KW-1015; KW-0339; KW-0395; KW-1267; KW-1185; KW-0964; KW-0732	
A0ACI8V6Q0	A0ACI8V6Q0_HUMAN	unreviewed	BMP10	BMP10	Bone morphogenetic protein 10	9606	KW-0165; KW-0202; KW-1015; KW-0325; KW-0339; KW-1267; KW-1185; KW-0964; KW-0732	
A1Z2L5	A1Z2L5_HUMAN	unreviewed			Interleukin 12	9606	KW-0202; KW-1015; KW-0325; KW-0732	
A1Z2M2	A1Z2M2_HUMAN	unreviewed			Interferon gamma	9606	KW-0051; KW-0202; KW-0325; KW-0341; KW-0964	GO:0005133; GO:0005576; GO:0006955
B3KTR9	B3KTR9_HUMAN	unreviewed	GREM1	GREM1 hCG_1811964	Gremlin-1	9606	KW-0202; KW-1015; KW-0325; KW-0964; KW-0732	GO:0005576
B4DTX0	B4DTX0_HUMAN	unreviewed			cDNA FLJ60891, highly similar to Macrophage colony-stimulating factor 1	9606	KW-0472; KW-0964; KW-0812; KW-1133	GO:0005125; GO:0008083; GO:0016020
B5MC33	B5MC33_HUMAN	unreviewed	ALKAL2	ALKAL2	ALK and LTK ligand 2	9606	KW-1003; KW-0202; KW-1015; KW-0472; KW-1267; KW-1185; KW-0964; KW-0732	GO:0005576; GO:0005886; GO:0030298; GO:0030971
B5MCG6	B5MCG6_HUMAN	unreviewed	ALKAL2	ALKAL2	ALK and LTK ligand 2	9606	KW-1003; KW-0202; KW-1015; KW-0472; KW-1267; KW-1185; KW-0964; KW-0732	GO:0005576; GO:0005886; GO:0030298; GO:0030971
C0H5Y4	C0H5Y4_HUMAN	unreviewed	TNFSF12	TNFSF12 hCG_1991317	HCG1991317, isoform CRA_a (TNFSF12 protein)	9606	KW-0202; KW-1015; KW-0325; KW-0964	GO:0005576
D3YR72	D3YR72_HUMAN	unreviewed	GDF5	GDF5	GDF5	9606	KW-0165; KW-0202; KW-1015; KW-0325; KW-0339; KW-0964; KW-0732	GO:0005576; GO:0008083; GO:0090092
D3YR76	D3YR76_HUMAN	unreviewed	GDF5	GDF5	GDF5	9606	KW-0165; KW-0202; KW-1015; KW-0325; KW-0339; KW-0964; KW-0732	GO:0005576; GO:0008083; GO:0090092
D3YR87	D3YR87_HUMAN	unreviewed	GDF5	GDF5	GDF5	9606	KW-0165; KW-0202; KW-1015; KW-0325; KW-0339; KW-0964; KW-0732	GO:0005576; GO:0008083; GO:0090092
D3YRA6	D3YRA6_HUMAN	unreviewed	GDF5	GDF5	GDF5	9606	KW-0165; KW-0202; KW-1015; KW-0325; KW-0339; KW-0964; KW-0732	GO:0005576; GO:0008083; GO:0090092
D3YRI8	D3YRI8_HUMAN	unreviewed	GDF5	GDF5	GDF5	9606	KW-0165; KW-0202; KW-1015; KW-0325; KW-0339; KW-0964; KW-0732	GO:0005576; GO:0008083; GO:0090092
D9MX03	D9MX03_HUMAN	unreviewed			Interleukin 17A	9606	KW-0964; KW-0732	GO:0005125; GO:0005576
E2JF13	E2JF13_HUMAN	unreviewed			IFN-lambda1	9606	KW-0051; KW-0202; KW-1015; KW-0964; KW-0732	GO:0005125; GO:0005576; GO:0007259; GO:0050778; GO:0051607
F6VWX4	F6VWX4_HUMAN	unreviewed	IL6	IL6	Interleukin-6	9606	KW-0011; KW-0202; KW-1015; KW-0339; KW-1267; KW-1185; KW-0964	
F6W631	F6W631_HUMAN	unreviewed	IL7	IL7	Interleukin-7	9606	KW-0202; KW-1015; KW-0325; KW-0339; KW-1185; KW-0964; KW-0732	
F8VWI0	F8VWI0_HUMAN	unreviewed	CCL25	CCL25	C-C motif chemokine ligand 25	9606	KW-1185; KW-0732	GO:0005576; GO:0006955; GO:0008009
F8W6U2	F8W6U2_HUMAN	unreviewed	TNFSF12	TNFSF12	TNF superfamily member 12	9606	KW-0202; KW-1015; KW-0325; KW-1267; KW-1185; KW-0964	
G9C945	G9C945_HUMAN	unreviewed			Interferon-lambda-1	9606	KW-0051; KW-0202; KW-1015; KW-0964; KW-0732	GO:0005125; GO:0005576; GO:0007259; GO:0050778; GO:0051607
G9JKF1	G9JKF1_HUMAN	unreviewed			Interferon alpha 1	9606	KW-0051; KW-0202; KW-1015; KW-0964; KW-0732	GO:0005126; GO:0005576; GO:0006952
H0Y3U4	H0Y3U4_HUMAN	unreviewed	ALKAL2	ALKAL2	ALK and LTK ligand 2	9606	KW-1003; KW-0202; KW-1015; KW-0472; KW-1267; KW-1185; KW-0964; KW-0732	GO:0005576; GO:0005886; GO:0030298; GO:0030971
H0YKB7	H0YKB7_HUMAN	unreviewed	IL16	IL16	Interleukin 16	9606	KW-0963; KW-0539; KW-0597; KW-1267; KW-1185; KW-0677; KW-0964	GO:0005125; GO:0005576; GO:0005634; GO:0005737; GO:0050930
H3BN12	H3BN12_HUMAN	unreviewed	IL16	IL16	Interleukin 16	9606	KW-1267; KW-1185	GO:0005125; GO:0050930
H3BT15	H3BT15_HUMAN	unreviewed	IL16	IL16	Interleukin 16	9606	KW-0963; KW-0539; KW-0597; KW-1267; KW-1185; KW-0677; KW-0964	GO:0005125; GO:0005576; GO:0005634; GO:0005737; GO:0050930
H7BY18	H7BY18_HUMAN	unreviewed	CSF1	CSF1	Colony stimulating factor 1	9606	KW-1267; KW-1185; KW-0964; KW-0732	GO:0005125; GO:0005886; GO:0008083
J3KRT7	J3KRT7_HUMAN	unreviewed	CCL2	CCL2	C-C motif chemokine ligand 2	9606	KW-0202; KW-1267; KW-1185; KW-0732	GO:0005576; GO:0006955; GO:0008009
J3KS40	J3KS40_HUMAN	unreviewed	SECTM1	SECTM1	Secreted and transmembrane 1	9606	KW-1267; KW-1185; KW-0732	GO:0005125; GO:0006955
J3QLQ9	J3QLQ9_HUMAN	unreviewed	CCL13	CCL13	C-C motif chemokine ligand 13	9606	KW-0145; KW-0202; KW-1015; KW-0395; KW-1267; KW-1185; KW-0964; KW-0732	GO:0005576; GO:0006955; GO:0008009
J3QRU5	J3QRU5_HUMAN	unreviewed	SECTM1	SECTM1	Secreted and transmembrane 1	9606	KW-1185; KW-0732	GO:0005125; GO:0006955
L0N195	L0N195_HUMAN	unreviewed	IFNA1	IFNA1	Interferon-alpha1	9606	KW-0051; KW-0202; KW-1015; KW-0964; KW-0732	GO:0005126; GO:0005576; GO:0006952
M0QXI0	M0QXI0_HUMAN	unreviewed	FLT3LG	FLT3LG	Fms related receptor tyrosine kinase 3 ligand	9606	KW-1267; KW-1185; KW-0964	GO:0005125; GO:0016020
M0QYM9	M0QYM9_HUMAN	unreviewed	FLT3LG	FLT3LG	Fms related receptor tyrosine kinase 3 ligand	9606	KW-0472; KW-1267; KW-1185; KW-0964; KW-0732; KW-0812; KW-1133	GO:0005125; GO:0016020
M0R2K0	M0R2K0_HUMAN	unreviewed	FLT3LG	FLT3LG	Fms related receptor tyrosine kinase 3 ligand	9606	KW-1185; KW-0964; KW-0732	GO:0005125; GO:0016020
M0R3A6	M0R3A6_HUMAN	unreviewed	FLT3LG	FLT3LG	Fms related receptor tyrosine kinase 3 ligand	9606	KW-1267; KW-1185; KW-0964	GO:0005125; GO:0016020
O95690	O95690_HUMAN	unreviewed	CCL13	CCL13 hCG_29297	CC-chemokine (Chemokine (C-C motif) ligand 13, isoform CRA_a)	9606	KW-0145; KW-0202; KW-1015; KW-0395; KW-0964; KW-0732	GO:0005576; GO:0006955; GO:0008009
Q14618	Q14618_HUMAN	unreviewed			Interferon alpha-N	9606	KW-0051; KW-0202; KW-1015; KW-0964; KW-0732	GO:0005126; GO:0005576; GO:0006952
Q16054	Q16054_HUMAN	unreviewed	IFN-alpha-2	IFN-alpha-2	IFN-alpha-2 protein	9606	KW-0051; KW-0202; KW-0964; KW-0732	GO:0005126; GO:0005576; GO:0006952
Q16055	Q16055_HUMAN	unreviewed	IFN-alpha-2	IFN-alpha-2	IFN-alpha-2 protein	9606	KW-0051; KW-0202; KW-0964; KW-0732	GO:0005126; GO:0005576; GO:0006952
Q2NKW7	Q2NKW7_HUMAN	unreviewed	GDF5	GDF5	GDF5 protein	9606	KW-0165; KW-0202; KW-1015; KW-0325; KW-0339; KW-0964; KW-0732	GO:0005576; GO:0008083; GO:0090092
Q53FD8	Q53FD8_HUMAN	unreviewed			Chemokine (C-X3-C motif) ligand 1 variant	9606	KW-0145; KW-0202; KW-1015; KW-0395; KW-0964; KW-0732	GO:0005576; GO:0006955; GO:0008009
Q59GS2	Q59GS2_HUMAN	unreviewed			Chemokine (C-X3-C motif) ligand 1 variant	9606	KW-0145; KW-0202; KW-1015; KW-0395; KW-0472; KW-0964; KW-0732; KW-0812; KW-1133	GO:0005576; GO:0006955; GO:0008009
Q5FBX4	Q5FBX4_HUMAN	unreviewed	THPO	THPO	Thrombopoietin nirs variant 3	9606	KW-1015; KW-0325; KW-0372; KW-0964; KW-0732	GO:0005125; GO:0005179; GO:0005576; GO:0008283
Q68DS9	Q68DS9_HUMAN	unreviewed	DKFZp686O23186	DKFZp686O23186	Uncharacterized protein DKFZp686O23186	9606		GO:0005125; GO:0050930
Q6NWP4	Q6NWP4_HUMAN	unreviewed	IL22	IL22	Interleukin 22	9606	KW-0202; KW-1015; KW-0325; KW-0964; KW-0732	GO:0005576
Q6NZ74	Q6NZ74_HUMAN	unreviewed	IL9	IL9	Interleukin 9	9606	KW-0202; KW-0325; KW-0339; KW-0964; KW-0732	GO:0005126; GO:0005576; GO:0006955; GO:0008083
Q6NZ75	Q6NZ75_HUMAN	unreviewed	IL9	IL9	Interleukin 9	9606	KW-0202; KW-0325; KW-0339; KW-0964; KW-0732	GO:0005126; GO:0005576; GO:0006955; GO:0008083
Q6NZ83	Q6NZ83_HUMAN	unreviewed	IL22	IL22	Interleukin 22	9606	KW-0202; KW-1015; KW-0325; KW-0964; KW-0732	GO:0005576
Q6NZ84	Q6NZ84_HUMAN	unreviewed	IL22	IL22	Interleukin 22	9606	KW-0202; KW-1015; KW-0325; KW-0964; KW-0732	GO:0005576
Q86UP4	Q86UP4_HUMAN	unreviewed			Interferon alpha 2b	9606	KW-0051; KW-0202; KW-1015; KW-0964	GO:0005126; GO:0005576; GO:0006952
Q8IUU6	Q8IUU6_HUMAN	unreviewed	IL16	IL16	IL16 protein	9606	KW-0963; KW-0539; KW-0597; KW-0677; KW-0964	GO:0005125; GO:0005576; GO:0005634; GO:0005737; GO:0050930
Q8NI58	Q8NI58_HUMAN	unreviewed	GDF3A	GDF3A	Growth differentiation factor 3A	9606	KW-0165; KW-0202; KW-1015; KW-0325; KW-0339; KW-0964; KW-0732	GO:0005576; GO:0008083; GO:0090092
Q96KF0	Q96KF0_HUMAN	unreviewed			I-TAC	9606	KW-0202; KW-0732	GO:0005576; GO:0006955; GO:0008009
Q9UMA4	Q9UMA4_HUMAN	unreviewed	IFN-alpha-2	IFN-alpha-2	IFN-alpha-2 protein	9606	KW-0051; KW-0202; KW-0964; KW-0732	GO:0005126; GO:0005576; GO:0006952
U3KPW9	U3KPW9_HUMAN	unreviewed	IL36RN	IL36RN	Interleukin 36 receptor antagonist	9606	KW-1267; KW-1185; KW-0964	GO:0005125; GO:0005576; GO:0006954; GO:0006955
V9GZH2	V9GZH2_HUMAN	unreviewed	IFNA	IFNA	IFNA protein	9606	KW-0051; KW-0202; KW-0964	GO:0005126; GO:0005576; GO:0006952
V9GZN5	V9GZN5_HUMAN	unreviewed	IFNA	IFNA	IFNA protein	9606	KW-0051; KW-0202; KW-0964	GO:0005126; GO:0005576; GO:0006952
V9GZU1	V9GZU1_HUMAN	unreviewed	IFNA	IFNA	IFNA protein	9606	KW-0051; KW-0202; KW-0964	GO:0005126; GO:0005576; GO:0006952
